case,method,task,threshold,roi_rows,hit_at_thr005,first_hit_rank_thr005,max_precision,mean_precision,max_precision_ge_thr005,mean_precision_ge_thr005,agg_precision,agg_recall,agg_iou,roi_source,correct,has_matching_correct
test_001,CPathAgent,CAMELYON16_detection,0.05,6,True,1.0,0.1756,0.04788333333333333,0.1756,0.14365,0.0595,0.1066,0.0397,/work/Agent_benchmark/CPathAgent/post_eval/CAMELYON16_detection/ROI/roi_overlap_results.csv,True,True
test_002,CPathAgent,CAMELYON16_detection,0.05,6,False,,0.042,0.007,,,0.0112,0.0246,0.0078,/work/Agent_benchmark/CPathAgent/post_eval/CAMELYON16_detection/ROI/roi_overlap_results.csv,True,True
test_004,CPathAgent,CAMELYON16_detection,0.05,14,False,,0.0,0.0,,,0.0,0.0,0.0,/work/Agent_benchmark/CPathAgent/post_eval/CAMELYON16_detection/ROI/roi_overlap_results.csv,True,True
test_008,CPathAgent,CAMELYON16_detection,0.05,22,False,,0.0374,0.0017000000000000001,,,0.0032,0.2693,0.0032,/work/Agent_benchmark/CPathAgent/post_eval/CAMELYON16_detection/ROI/roi_overlap_results.csv,True,True
test_010,CPathAgent,CAMELYON16_detection,0.05,34,False,,0.0022,0.00014411764705882354,,,0.0003,0.3723,0.0003,/work/Agent_benchmark/CPathAgent/post_eval/CAMELYON16_detection/ROI/roi_overlap_results.csv,True,True
test_011,CPathAgent,CAMELYON16_detection,0.05,1,False,,0.0,0.0,,,0.0,0.0,0.0,/work/Agent_benchmark/CPathAgent/post_eval/CAMELYON16_detection/ROI/roi_overlap_results.csv,True,True
test_013,CPathAgent,CAMELYON16_detection,0.05,8,False,,0.0,0.0,,,0.0,0.0,0.0,/work/Agent_benchmark/CPathAgent/post_eval/CAMELYON16_detection/ROI/roi_overlap_results.csv,True,True
test_016,CPathAgent,CAMELYON16_detection,0.05,6,True,3.0,0.3023,0.050383333333333336,0.3023,0.3023,0.0766,0.0983,0.045,/work/Agent_benchmark/CPathAgent/post_eval/CAMELYON16_detection/ROI/roi_overlap_results.csv,True,True
test_021,CPathAgent,CAMELYON16_detection,0.05,10,True,2.0,1.0,0.56569,1.0,0.7071125,0.4142,0.1388,0.116,/work/Agent_benchmark/CPathAgent/post_eval/CAMELYON16_detection/ROI/roi_overlap_results.csv,True,True
test_026,CPathAgent,CAMELYON16_detection,0.05,17,True,4.0,0.4446,0.060870588235294114,0.4446,0.20676,0.0857,0.8144,0.084,/work/Agent_benchmark/CPathAgent/post_eval/CAMELYON16_detection/ROI/roi_overlap_results.csv,True,True
test_027,CPathAgent,CAMELYON16_detection,0.05,10,False,,0.0213,0.00213,,,0.0036,0.1253,0.0035,/work/Agent_benchmark/CPathAgent/post_eval/CAMELYON16_detection/ROI/roi_overlap_results.csv,True,True
test_029,CPathAgent,CAMELYON16_detection,0.05,1,False,,0.0,0.0,,,0.0,0.0,0.0,/work/Agent_benchmark/CPathAgent/post_eval/CAMELYON16_detection/ROI/roi_overlap_results.csv,,False
test_030,CPathAgent,CAMELYON16_detection,0.05,14,False,,0.0,0.0,,,0.0,0.0,0.0,/work/Agent_benchmark/CPathAgent/post_eval/CAMELYON16_detection/ROI/roi_overlap_results.csv,True,True
test_033,CPathAgent,CAMELYON16_detection,0.05,15,True,1.0,0.0969,0.007513333333333333,0.0969,0.0969,0.0051,0.3161,0.0051,/work/Agent_benchmark/CPathAgent/post_eval/CAMELYON16_detection/ROI/roi_overlap_results.csv,True,True
test_038,CPathAgent,CAMELYON16_detection,0.05,108,False,,0.0419,0.0005435185185185186,,,0.0007,1.0,0.0007,/work/Agent_benchmark/CPathAgent/post_eval/CAMELYON16_detection/ROI/roi_overlap_results.csv,,False
test_040,CPathAgent,CAMELYON16_detection,0.05,18,True,6.0,0.9553,0.21755,0.9553,0.4322333333333333,0.1962,0.9035,0.1922,/work/Agent_benchmark/CPathAgent/post_eval/CAMELYON16_detection/ROI/roi_overlap_results.csv,False,True
test_046,CPathAgent,CAMELYON16_detection,0.05,9,False,,0.0077,0.0008555555555555556,,,0.0016,1.0,0.0016,/work/Agent_benchmark/CPathAgent/post_eval/CAMELYON16_detection/ROI/roi_overlap_results.csv,True,True
test_048,CPathAgent,CAMELYON16_detection,0.05,1,False,,0.0,0.0,,,0.0,0.0,0.0,/work/Agent_benchmark/CPathAgent/post_eval/CAMELYON16_detection/ROI/roi_overlap_results.csv,,False
test_051,CPathAgent,CAMELYON16_detection,0.05,1,False,,0.0,0.0,,,0.0,0.0,0.0,/work/Agent_benchmark/CPathAgent/post_eval/CAMELYON16_detection/ROI/roi_overlap_results.csv,True,True
test_052,CPathAgent,CAMELYON16_detection,0.05,11,False,,0.0,0.0,,,0.0,0.0,0.0,/work/Agent_benchmark/CPathAgent/post_eval/CAMELYON16_detection/ROI/roi_overlap_results.csv,False,True
test_061,CPathAgent,CAMELYON16_detection,0.05,8,False,,0.0,0.0,,,0.0,0.0,0.0,/work/Agent_benchmark/CPathAgent/post_eval/CAMELYON16_detection/ROI/roi_overlap_results.csv,True,True
test_064,CPathAgent,CAMELYON16_detection,0.05,12,False,,0.0057,0.000475,,,0.0008,1.0,0.0008,/work/Agent_benchmark/CPathAgent/post_eval/CAMELYON16_detection/ROI/roi_overlap_results.csv,True,True
test_065,CPathAgent,CAMELYON16_detection,0.05,7,False,,0.0,0.0,,,0.0,0.0,0.0,/work/Agent_benchmark/CPathAgent/post_eval/CAMELYON16_detection/ROI/roi_overlap_results.csv,True,True
test_066,CPathAgent,CAMELYON16_detection,0.05,9,False,,0.0,0.0,,,0.0,0.0,0.0,/work/Agent_benchmark/CPathAgent/post_eval/CAMELYON16_detection/ROI/roi_overlap_results.csv,True,True
test_068,CPathAgent,CAMELYON16_detection,0.05,18,True,12.0,0.392,0.029394444444444445,0.392,0.16880000000000003,0.0452,0.643,0.0441,/work/Agent_benchmark/CPathAgent/post_eval/CAMELYON16_detection/ROI/roi_overlap_results.csv,True,True
test_069,CPathAgent,CAMELYON16_detection,0.05,4,False,,0.037,0.00925,,,0.0037,0.0022,0.0014,/work/Agent_benchmark/CPathAgent/post_eval/CAMELYON16_detection/ROI/roi_overlap_results.csv,True,True
test_071,CPathAgent,CAMELYON16_detection,0.05,10,True,3.0,0.4472,0.09001,0.4472,0.3000333333333333,0.0549,0.1366,0.0408,/work/Agent_benchmark/CPathAgent/post_eval/CAMELYON16_detection/ROI/roi_overlap_results.csv,True,True
test_073,CPathAgent,CAMELYON16_detection,0.05,14,False,,0.0267,0.0019142857142857143,,,0.0065,0.0038,0.0024,/work/Agent_benchmark/CPathAgent/post_eval/CAMELYON16_detection/ROI/roi_overlap_results.csv,True,True
test_074,CPathAgent,CAMELYON16_detection,0.05,26,False,,0.0205,0.0009307692307692308,,,0.0013,1.0,0.0013,/work/Agent_benchmark/CPathAgent/post_eval/CAMELYON16_detection/ROI/roi_overlap_results.csv,True,True
test_075,CPathAgent,CAMELYON16_detection,0.05,15,True,6.0,0.5613,0.14556,0.5613,0.42028,0.1794,0.7007,0.1666,/work/Agent_benchmark/CPathAgent/post_eval/CAMELYON16_detection/ROI/roi_overlap_results.csv,True,True
test_079,CPathAgent,CAMELYON16_detection,0.05,20,True,9.0,0.5537,0.057275,0.5537,0.37493333333333334,0.096,0.7835,0.0935,/work/Agent_benchmark/CPathAgent/post_eval/CAMELYON16_detection/ROI/roi_overlap_results.csv,True,True
test_082,CPathAgent,CAMELYON16_detection,0.05,7,True,4.0,0.0821,0.016428571428571428,0.0821,0.0821,0.0231,0.1391,0.0202,/work/Agent_benchmark/CPathAgent/post_eval/CAMELYON16_detection/ROI/roi_overlap_results.csv,True,True
test_084,CPathAgent,CAMELYON16_detection,0.05,8,False,,0.0,0.0,,,0.0,0.0,0.0,/work/Agent_benchmark/CPathAgent/post_eval/CAMELYON16_detection/ROI/roi_overlap_results.csv,True,True
test_090,CPathAgent,CAMELYON16_detection,0.05,16,True,3.0,1.0,0.29736875,1.0,0.6794571428571429,0.2377,0.2224,0.1298,/work/Agent_benchmark/CPathAgent/post_eval/CAMELYON16_detection/ROI/roi_overlap_results.csv,True,True
test_092,CPathAgent,CAMELYON16_detection,0.05,27,True,17.0,0.0711,0.002633333333333333,0.0711,0.0711,0.0022,0.8506,0.0022,/work/Agent_benchmark/CPathAgent/post_eval/CAMELYON16_detection/ROI/roi_overlap_results.csv,True,True
test_094,CPathAgent,CAMELYON16_detection,0.05,1,False,,0.0,0.0,,,0.0,0.0,0.0,/work/Agent_benchmark/CPathAgent/post_eval/CAMELYON16_detection/ROI/roi_overlap_results.csv,True,True
test_097,CPathAgent,CAMELYON16_detection,0.05,16,False,,0.0,0.0,,,0.0,0.0,0.0,/work/Agent_benchmark/CPathAgent/post_eval/CAMELYON16_detection/ROI/roi_overlap_results.csv,True,True
test_099,CPathAgent,CAMELYON16_detection,0.05,21,True,13.0,0.1051,0.005004761904761905,0.1051,0.1051,0.0086,0.798,0.0086,/work/Agent_benchmark/CPathAgent/post_eval/CAMELYON16_detection/ROI/roi_overlap_results.csv,False,True
test_102,CPathAgent,CAMELYON16_detection,0.05,108,True,33.0,0.2732,0.004056481481481481,0.2732,0.202,0.0035,0.6563,0.0035,/work/Agent_benchmark/CPathAgent/post_eval/CAMELYON16_detection/ROI/roi_overlap_results.csv,True,True
test_104,CPathAgent,CAMELYON16_detection,0.05,23,True,1.0,0.6957,0.0815304347826087,0.6957,0.37504,0.058,0.3869,0.0531,/work/Agent_benchmark/CPathAgent/post_eval/CAMELYON16_detection/ROI/roi_overlap_results.csv,True,True
test_105,CPathAgent,CAMELYON16_detection,0.05,12,True,1.0,1.0,0.4826333333333334,1.0,0.6435111111111111,0.4663,0.2001,0.1628,/work/Agent_benchmark/CPathAgent/post_eval/CAMELYON16_detection/ROI/roi_overlap_results.csv,True,True
test_108,CPathAgent,CAMELYON16_detection,0.05,12,True,4.0,0.1252,0.0138,0.1252,0.1252,0.0101,1.0,0.0101,/work/Agent_benchmark/CPathAgent/post_eval/CAMELYON16_detection/ROI/roi_overlap_results.csv,True,True
test_110,CPathAgent,CAMELYON16_detection,0.05,7,False,,0.0,0.0,,,0.0,0.0,0.0,/work/Agent_benchmark/CPathAgent/post_eval/CAMELYON16_detection/ROI/roi_overlap_results.csv,True,True
test_113,CPathAgent,CAMELYON16_detection,0.05,15,True,1.0,1.0,0.21984666666666666,1.0,0.65954,0.1427,0.1607,0.0817,/work/Agent_benchmark/CPathAgent/post_eval/CAMELYON16_detection/ROI/roi_overlap_results.csv,True,True
test_116,CPathAgent,CAMELYON16_detection,0.05,6,True,1.0,0.0758,0.0273,0.0758,0.06985,0.0252,0.1788,0.0226,/work/Agent_benchmark/CPathAgent/post_eval/CAMELYON16_detection/ROI/roi_overlap_results.csv,True,True
test_117,CPathAgent,CAMELYON16_detection,0.05,9,False,,0.0031,0.0003444444444444444,,,0.0006,1.0,0.0006,/work/Agent_benchmark/CPathAgent/post_eval/CAMELYON16_detection/ROI/roi_overlap_results.csv,False,True
test_121,CPathAgent,CAMELYON16_detection,0.05,7,False,,0.0238,0.006742857142857143,,,0.0097,0.2113,0.0094,/work/Agent_benchmark/CPathAgent/post_eval/CAMELYON16_detection/ROI/roi_overlap_results.csv,True,True
test_122,CPathAgent,CAMELYON16_detection,0.05,10,False,,0.0,0.0,,,0.0,0.0,0.0,/work/Agent_benchmark/CPathAgent/post_eval/CAMELYON16_detection/ROI/roi_overlap_results.csv,True,True
test_001,PathAgent,CAMELYON16_detection,0.05,29,True,20.0,0.4862,0.0185448275862069,0.4862,0.4862,0.0185,0.0204,0.0098,/work/Agent_benchmark/PathAgent/post_eval/CAMELYON16_detection/ROI/roi_overlap_results.csv,True,True
test_002,PathAgent,CAMELYON16_detection,0.05,32,True,27.0,0.9432,0.029475,0.9432,0.9432,0.0589,0.0003,0.0003,/work/Agent_benchmark/PathAgent/post_eval/CAMELYON16_detection/ROI/roi_overlap_results.csv,True,True
test_004,PathAgent,CAMELYON16_detection,0.05,34,False,,0.0,0.0,,,0.0,0.0,0.0,/work/Agent_benchmark/PathAgent/post_eval/CAMELYON16_detection/ROI/roi_overlap_results.csv,False,True
test_008,PathAgent,CAMELYON16_detection,0.05,68,False,,0.0,0.0,,,0.0,0.0,0.0,/work/Agent_benchmark/PathAgent/post_eval/CAMELYON16_detection/ROI/roi_overlap_results.csv,True,True
test_010,PathAgent,CAMELYON16_detection,0.05,28,False,,0.006,0.00033214285714285713,,,0.0003,0.0482,0.0003,/work/Agent_benchmark/PathAgent/post_eval/CAMELYON16_detection/ROI/roi_overlap_results.csv,True,True
test_011,PathAgent,CAMELYON16_detection,0.05,60,True,16.0,0.0852,0.00142,0.0852,0.0852,0.0029,0.0852,0.0028,/work/Agent_benchmark/PathAgent/post_eval/CAMELYON16_detection/ROI/roi_overlap_results.csv,True,True
test_013,PathAgent,CAMELYON16_detection,0.05,7,False,,0.0,0.0,,,0.0,0.0,0.0,/work/Agent_benchmark/PathAgent/post_eval/CAMELYON16_detection/ROI/roi_overlap_results.csv,True,True
test_016,PathAgent,CAMELYON16_detection,0.05,40,False,,0.0,0.0,,,0.0,0.0,0.0,/work/Agent_benchmark/PathAgent/post_eval/CAMELYON16_detection/ROI/roi_overlap_results.csv,True,True
test_021,PathAgent,CAMELYON16_detection,0.05,29,True,7.0,1.0,0.2674689655172414,1.0,0.4827,0.268,0.0328,0.0301,/work/Agent_benchmark/PathAgent/post_eval/CAMELYON16_detection/ROI/roi_overlap_results.csv,True,True
test_026,PathAgent,CAMELYON16_detection,0.05,39,True,10.0,1.0,0.046474358974358976,1.0,0.5906333333333333,0.0465,0.1082,0.0336,/work/Agent_benchmark/PathAgent/post_eval/CAMELYON16_detection/ROI/roi_overlap_results.csv,True,True
test_027,PathAgent,CAMELYON16_detection,0.05,25,False,,0.0,0.0,,,0.0,0.0,0.0,/work/Agent_benchmark/PathAgent/post_eval/CAMELYON16_detection/ROI/roi_overlap_results.csv,False,True
test_029,PathAgent,CAMELYON16_detection,0.05,8,False,,0.0,0.0,,,0.0,0.0,0.0,/work/Agent_benchmark/PathAgent/post_eval/CAMELYON16_detection/ROI/roi_overlap_results.csv,True,True
test_030,PathAgent,CAMELYON16_detection,0.05,16,False,,0.0,0.0,,,0.0,0.0,0.0,/work/Agent_benchmark/PathAgent/post_eval/CAMELYON16_detection/ROI/roi_overlap_results.csv,True,True
test_033,PathAgent,CAMELYON16_detection,0.05,83,False,,0.0366,0.0006373493975903615,,,0.0006,0.0371,0.0006,/work/Agent_benchmark/PathAgent/post_eval/CAMELYON16_detection/ROI/roi_overlap_results.csv,True,True
test_038,PathAgent,CAMELYON16_detection,0.05,11,False,,0.0,0.0,,,0.0,0.0,0.0,/work/Agent_benchmark/PathAgent/post_eval/CAMELYON16_detection/ROI/roi_overlap_results.csv,,False
test_040,PathAgent,CAMELYON16_detection,0.05,36,True,33.0,0.051,0.0014166666666666666,0.051,0.051,0.0025,0.0025,0.0013,/work/Agent_benchmark/PathAgent/post_eval/CAMELYON16_detection/ROI/roi_overlap_results.csv,True,True
test_046,PathAgent,CAMELYON16_detection,0.05,9,False,,0.0,0.0,,,0.0,0.0,0.0,/work/Agent_benchmark/PathAgent/post_eval/CAMELYON16_detection/ROI/roi_overlap_results.csv,True,True
test_048,PathAgent,CAMELYON16_detection,0.05,38,False,,0.0,0.0,,,0.0,0.0,0.0,/work/Agent_benchmark/PathAgent/post_eval/CAMELYON16_detection/ROI/roi_overlap_results.csv,True,True
test_051,PathAgent,CAMELYON16_detection,0.05,22,True,9.0,0.9394,0.05432272727272727,0.9394,0.58885,0.1108,0.1251,0.0624,/work/Agent_benchmark/PathAgent/post_eval/CAMELYON16_detection/ROI/roi_overlap_results.csv,False,True
test_052,PathAgent,CAMELYON16_detection,0.05,17,False,,0.0,0.0,,,0.0,0.0,0.0,/work/Agent_benchmark/PathAgent/post_eval/CAMELYON16_detection/ROI/roi_overlap_results.csv,False,True
test_061,PathAgent,CAMELYON16_detection,0.05,27,False,,0.0,0.0,,,0.0,0.0,0.0,/work/Agent_benchmark/PathAgent/post_eval/CAMELYON16_detection/ROI/roi_overlap_results.csv,True,True
test_064,PathAgent,CAMELYON16_detection,0.05,4,False,,0.0,0.0,,,0.0,0.0,0.0,/work/Agent_benchmark/PathAgent/post_eval/CAMELYON16_detection/ROI/roi_overlap_results.csv,False,True
test_065,PathAgent,CAMELYON16_detection,0.05,20,True,1.0,0.0534,0.00267,0.0534,0.0534,0.0067,0.2094,0.0065,/work/Agent_benchmark/PathAgent/post_eval/CAMELYON16_detection/ROI/roi_overlap_results.csv,False,True
test_066,PathAgent,CAMELYON16_detection,0.05,42,True,12.0,0.1428,0.009333333333333334,0.1428,0.098,0.0093,0.0059,0.0036,/work/Agent_benchmark/PathAgent/post_eval/CAMELYON16_detection/ROI/roi_overlap_results.csv,True,True
test_068,PathAgent,CAMELYON16_detection,0.05,64,True,3.0,0.8287,0.018890624999999998,0.8287,0.3975333333333333,0.026,0.0687,0.0192,/work/Agent_benchmark/PathAgent/post_eval/CAMELYON16_detection/ROI/roi_overlap_results.csv,True,True
test_069,PathAgent,CAMELYON16_detection,0.05,97,True,54.0,1.0,0.040521649484536085,1.0,0.98265,0.0406,0.0594,0.0247,/work/Agent_benchmark/PathAgent/post_eval/CAMELYON16_detection/ROI/roi_overlap_results.csv,True,True
test_071,PathAgent,CAMELYON16_detection,0.05,96,True,37.0,0.439,0.011128125,0.439,0.259925,0.0189,0.0151,0.0085,/work/Agent_benchmark/PathAgent/post_eval/CAMELYON16_detection/ROI/roi_overlap_results.csv,True,True
test_073,PathAgent,CAMELYON16_detection,0.05,32,True,21.0,1.0,0.056184374999999995,1.0,0.5931333333333333,0.0562,0.0161,0.0127,/work/Agent_benchmark/PathAgent/post_eval/CAMELYON16_detection/ROI/roi_overlap_results.csv,True,True
test_074,PathAgent,CAMELYON16_detection,0.05,24,False,,0.0146,0.0006083333333333333,,,0.0006,0.0382,0.0006,/work/Agent_benchmark/PathAgent/post_eval/CAMELYON16_detection/ROI/roi_overlap_results.csv,False,True
test_075,PathAgent,CAMELYON16_detection,0.05,18,True,3.0,1.0,0.3333333333333333,1.0,1.0,0.3333,0.0846,0.0724,/work/Agent_benchmark/PathAgent/post_eval/CAMELYON16_detection/ROI/roi_overlap_results.csv,True,True
test_079,PathAgent,CAMELYON16_detection,0.05,23,True,6.0,0.9904,0.047865217391304345,0.9904,0.5499499999999999,0.0479,0.0487,0.0247,/work/Agent_benchmark/PathAgent/post_eval/CAMELYON16_detection/ROI/roi_overlap_results.csv,True,True
test_082,PathAgent,CAMELYON16_detection,0.05,24,True,15.0,1.0,0.08333333333333333,1.0,1.0,0.0833,0.0248,0.0195,/work/Agent_benchmark/PathAgent/post_eval/CAMELYON16_detection/ROI/roi_overlap_results.csv,False,True
test_084,PathAgent,CAMELYON16_detection,0.05,28,True,4.0,0.079,0.004982142857142858,0.079,0.06975,0.01,0.2182,0.0096,/work/Agent_benchmark/PathAgent/post_eval/CAMELYON16_detection/ROI/roi_overlap_results.csv,True,True
test_090,PathAgent,CAMELYON16_detection,0.05,35,True,5.0,0.4535,0.03358285714285714,0.4535,0.18761666666666665,0.0336,0.0103,0.008,/work/Agent_benchmark/PathAgent/post_eval/CAMELYON16_detection/ROI/roi_overlap_results.csv,True,True
test_092,PathAgent,CAMELYON16_detection,0.05,47,False,,0.0,0.0,,,0.0,0.0,0.0,/work/Agent_benchmark/PathAgent/post_eval/CAMELYON16_detection/ROI/roi_overlap_results.csv,True,True
test_094,PathAgent,CAMELYON16_detection,0.05,28,False,,0.0,0.0,,,0.0,0.0,0.0,/work/Agent_benchmark/PathAgent/post_eval/CAMELYON16_detection/ROI/roi_overlap_results.csv,True,True
test_097,PathAgent,CAMELYON16_detection,0.05,23,False,,0.0,0.0,,,0.0,0.0,0.0,/work/Agent_benchmark/PathAgent/post_eval/CAMELYON16_detection/ROI/roi_overlap_results.csv,True,True
test_099,PathAgent,CAMELYON16_detection,0.05,34,False,,0.0,0.0,,,0.0,0.0,0.0,/work/Agent_benchmark/PathAgent/post_eval/CAMELYON16_detection/ROI/roi_overlap_results.csv,False,True
test_102,PathAgent,CAMELYON16_detection,0.05,76,True,34.0,0.5795,0.007625,0.5795,0.5795,0.0152,0.0896,0.0132,/work/Agent_benchmark/PathAgent/post_eval/CAMELYON16_detection/ROI/roi_overlap_results.csv,True,True
test_104,PathAgent,CAMELYON16_detection,0.05,22,True,17.0,0.5098,0.023172727272727275,0.5098,0.5098,0.0232,0.0182,0.0103,/work/Agent_benchmark/PathAgent/post_eval/CAMELYON16_detection/ROI/roi_overlap_results.csv,True,True
test_105,PathAgent,CAMELYON16_detection,0.05,50,True,22.0,0.9958,0.06599000000000001,0.9958,0.39502499999999996,0.066,0.0104,0.0091,/work/Agent_benchmark/PathAgent/post_eval/CAMELYON16_detection/ROI/roi_overlap_results.csv,True,True
test_108,PathAgent,CAMELYON16_detection,0.05,24,False,,0.0,0.0,,,0.0,0.0,0.0,/work/Agent_benchmark/PathAgent/post_eval/CAMELYON16_detection/ROI/roi_overlap_results.csv,True,True
test_110,PathAgent,CAMELYON16_detection,0.05,28,False,,0.0,0.0,,,0.0,0.0,0.0,/work/Agent_benchmark/PathAgent/post_eval/CAMELYON16_detection/ROI/roi_overlap_results.csv,True,True
test_113,PathAgent,CAMELYON16_detection,0.05,42,False,,0.0,0.0,,,0.0,0.0,0.0,/work/Agent_benchmark/PathAgent/post_eval/CAMELYON16_detection/ROI/roi_overlap_results.csv,False,True
test_116,PathAgent,CAMELYON16_detection,0.05,38,False,,0.0,0.0,,,0.0,0.0,0.0,/work/Agent_benchmark/PathAgent/post_eval/CAMELYON16_detection/ROI/roi_overlap_results.csv,False,True
test_117,PathAgent,CAMELYON16_detection,0.05,30,False,,0.0,0.0,,,0.0,0.0,0.0,/work/Agent_benchmark/PathAgent/post_eval/CAMELYON16_detection/ROI/roi_overlap_results.csv,True,True
test_121,PathAgent,CAMELYON16_detection,0.05,10,False,,0.0,0.0,,,0.0,0.0,0.0,/work/Agent_benchmark/PathAgent/post_eval/CAMELYON16_detection/ROI/roi_overlap_results.csv,True,True
test_122,PathAgent,CAMELYON16_detection,0.05,16,False,,0.0034,0.00021874999999999998,,,0.0002,0.0028,0.0002,/work/Agent_benchmark/PathAgent/post_eval/CAMELYON16_detection/ROI/roi_overlap_results.csv,False,True
test_001,Pathology-CoT,CAMELYON16_detection,0.05,10,True,10.0,0.842,0.08496000000000001,0.842,0.842,0.1013,0.0496,0.0344,/work/Agent_benchmark/Pathology-CoT/post_eval/CAMELYON16_detection/ROI/roi_overlap_results.csv,True,True
test_002,Pathology-CoT,CAMELYON16_detection,0.05,10,True,2.0,0.7958,0.22488000000000002,0.7958,0.44976000000000005,0.1527,0.1102,0.0684,/work/Agent_benchmark/Pathology-CoT/post_eval/CAMELYON16_detection/ROI/roi_overlap_results.csv,True,True
test_004,Pathology-CoT,CAMELYON16_detection,0.05,9,False,,0.0,0.0,,,0.0,0.0,0.0,/work/Agent_benchmark/Pathology-CoT/post_eval/CAMELYON16_detection/ROI/roi_overlap_results.csv,True,True
test_008,Pathology-CoT,CAMELYON16_detection,0.05,10,False,,0.0,0.0,,,0.0,0.0,0.0,/work/Agent_benchmark/Pathology-CoT/post_eval/CAMELYON16_detection/ROI/roi_overlap_results.csv,True,True
test_010,Pathology-CoT,CAMELYON16_detection,0.05,8,False,,0.0,0.0,,,0.0,0.0,0.0,/work/Agent_benchmark/Pathology-CoT/post_eval/CAMELYON16_detection/ROI/roi_overlap_results.csv,,False
test_011,Pathology-CoT,CAMELYON16_detection,0.05,3,False,,0.0,0.0,,,0.0,0.0,0.0,/work/Agent_benchmark/Pathology-CoT/post_eval/CAMELYON16_detection/ROI/roi_overlap_results.csv,True,True
test_013,Pathology-CoT,CAMELYON16_detection,0.05,10,False,,0.0074,0.00144,,,0.0008,1.0,0.0008,/work/Agent_benchmark/Pathology-CoT/post_eval/CAMELYON16_detection/ROI/roi_overlap_results.csv,False,True
test_016,Pathology-CoT,CAMELYON16_detection,0.05,7,True,5.0,0.8966,0.25157142857142856,0.8966,0.8805,0.2493,0.1024,0.0783,/work/Agent_benchmark/Pathology-CoT/post_eval/CAMELYON16_detection/ROI/roi_overlap_results.csv,False,True
test_021,Pathology-CoT,CAMELYON16_detection,0.05,4,True,1.0,0.9734,0.8188500000000001,0.9734,0.8188500000000001,0.6156,0.0319,0.0312,/work/Agent_benchmark/Pathology-CoT/post_eval/CAMELYON16_detection/ROI/roi_overlap_results.csv,True,True
test_026,Pathology-CoT,CAMELYON16_detection,0.05,6,True,1.0,0.1519,0.025316666666666668,0.1519,0.1519,0.0491,0.02,0.0144,/work/Agent_benchmark/Pathology-CoT/post_eval/CAMELYON16_detection/ROI/roi_overlap_results.csv,False,True
test_027,Pathology-CoT,CAMELYON16_detection,0.05,6,False,,0.0,0.0,,,0.0,0.0,0.0,/work/Agent_benchmark/Pathology-CoT/post_eval/CAMELYON16_detection/ROI/roi_overlap_results.csv,True,True
test_029,Pathology-CoT,CAMELYON16_detection,0.05,10,True,5.0,0.0705,0.007049999999999999,0.0705,0.0705,0.0182,0.0711,0.0147,/work/Agent_benchmark/Pathology-CoT/post_eval/CAMELYON16_detection/ROI/roi_overlap_results.csv,True,True
test_030,Pathology-CoT,CAMELYON16_detection,0.05,10,False,,0.0,0.0,,,0.0,0.0,0.0,/work/Agent_benchmark/Pathology-CoT/post_eval/CAMELYON16_detection/ROI/roi_overlap_results.csv,False,True
test_033,Pathology-CoT,CAMELYON16_detection,0.05,1,False,,0.0,0.0,,,0.0,0.0,0.0,/work/Agent_benchmark/Pathology-CoT/post_eval/CAMELYON16_detection/ROI/roi_overlap_results.csv,False,True
test_038,Pathology-CoT,CAMELYON16_detection,0.05,3,False,,0.0193,0.0064333333333333334,,,0.0088,0.1292,0.0083,/work/Agent_benchmark/Pathology-CoT/post_eval/CAMELYON16_detection/ROI/roi_overlap_results.csv,,False
test_040,Pathology-CoT,CAMELYON16_detection,0.05,5,False,,0.0073,0.00146,,,0.0038,0.002,0.0013,/work/Agent_benchmark/Pathology-CoT/post_eval/CAMELYON16_detection/ROI/roi_overlap_results.csv,False,True
test_046,Pathology-CoT,CAMELYON16_detection,0.05,10,False,,0.0,0.0,,,0.0,0.0,0.0,/work/Agent_benchmark/Pathology-CoT/post_eval/CAMELYON16_detection/ROI/roi_overlap_results.csv,False,True
test_048,Pathology-CoT,CAMELYON16_detection,0.05,2,False,,0.0,0.0,,,0.0,0.0,0.0,/work/Agent_benchmark/Pathology-CoT/post_eval/CAMELYON16_detection/ROI/roi_overlap_results.csv,True,True
test_051,Pathology-CoT,CAMELYON16_detection,0.05,4,True,1.0,0.1403,0.053775,0.1403,0.10755,0.0526,0.0288,0.019,/work/Agent_benchmark/Pathology-CoT/post_eval/CAMELYON16_detection/ROI/roi_overlap_results.csv,False,True
test_052,Pathology-CoT,CAMELYON16_detection,0.05,10,False,,0.0,0.0,,,0.0,0.0,0.0,/work/Agent_benchmark/Pathology-CoT/post_eval/CAMELYON16_detection/ROI/roi_overlap_results.csv,False,True
test_061,Pathology-CoT,CAMELYON16_detection,0.05,7,True,2.0,0.6669,0.17954285714285717,0.6669,0.6284000000000001,0.0902,0.1134,0.0529,/work/Agent_benchmark/Pathology-CoT/post_eval/CAMELYON16_detection/ROI/roi_overlap_results.csv,False,True
test_064,Pathology-CoT,CAMELYON16_detection,0.05,10,False,,0.0067,0.00067,,,0.0031,1.0,0.0031,/work/Agent_benchmark/Pathology-CoT/post_eval/CAMELYON16_detection/ROI/roi_overlap_results.csv,,False
test_065,Pathology-CoT,CAMELYON16_detection,0.05,2,False,,0.0,0.0,,,0.0,0.0,0.0,/work/Agent_benchmark/Pathology-CoT/post_eval/CAMELYON16_detection/ROI/roi_overlap_results.csv,True,True
test_066,Pathology-CoT,CAMELYON16_detection,0.05,7,True,3.0,0.4655,0.08741428571428571,0.4655,0.30595,0.0955,0.2016,0.0693,/work/Agent_benchmark/Pathology-CoT/post_eval/CAMELYON16_detection/ROI/roi_overlap_results.csv,,False
test_068,Pathology-CoT,CAMELYON16_detection,0.05,10,True,1.0,0.7931,0.1217,0.7931,0.5946,0.1591,0.1975,0.0966,/work/Agent_benchmark/Pathology-CoT/post_eval/CAMELYON16_detection/ROI/roi_overlap_results.csv,True,True
test_069,Pathology-CoT,CAMELYON16_detection,0.05,3,False,,0.0291,0.0097,,,0.0186,0.004,0.0033,/work/Agent_benchmark/Pathology-CoT/post_eval/CAMELYON16_detection/ROI/roi_overlap_results.csv,False,True
test_071,Pathology-CoT,CAMELYON16_detection,0.05,3,False,,0.0,0.0,,,0.0,0.0,0.0,/work/Agent_benchmark/Pathology-CoT/post_eval/CAMELYON16_detection/ROI/roi_overlap_results.csv,False,True
test_073,Pathology-CoT,CAMELYON16_detection,0.05,1,False,,0.0001,0.0001,,,0.0001,0.0,0.0,/work/Agent_benchmark/Pathology-CoT/post_eval/CAMELYON16_detection/ROI/roi_overlap_results.csv,,False
test_074,Pathology-CoT,CAMELYON16_detection,0.05,5,False,,0.0,0.0,,,0.0,0.0,0.0,/work/Agent_benchmark/Pathology-CoT/post_eval/CAMELYON16_detection/ROI/roi_overlap_results.csv,True,True
test_075,Pathology-CoT,CAMELYON16_detection,0.05,7,True,4.0,0.6627,0.11254285714285714,0.6627,0.3939,0.1849,0.0682,0.0524,/work/Agent_benchmark/Pathology-CoT/post_eval/CAMELYON16_detection/ROI/roi_overlap_results.csv,True,True
test_079,Pathology-CoT,CAMELYON16_detection,0.05,1,False,,0.0,0.0,,,0.0,0.0,0.0,/work/Agent_benchmark/Pathology-CoT/post_eval/CAMELYON16_detection/ROI/roi_overlap_results.csv,False,True
test_082,Pathology-CoT,CAMELYON16_detection,0.05,10,False,,0.0,0.0,,,0.0,0.0,0.0,/work/Agent_benchmark/Pathology-CoT/post_eval/CAMELYON16_detection/ROI/roi_overlap_results.csv,,False
test_084,Pathology-CoT,CAMELYON16_detection,0.05,1,False,,0.0,0.0,,,0.0,0.0,0.0,/work/Agent_benchmark/Pathology-CoT/post_eval/CAMELYON16_detection/ROI/roi_overlap_results.csv,False,True
test_090,Pathology-CoT,CAMELYON16_detection,0.05,3,True,1.0,1.0,0.9789333333333333,1.0,0.9789333333333333,0.9835,0.0689,0.0688,/work/Agent_benchmark/Pathology-CoT/post_eval/CAMELYON16_detection/ROI/roi_overlap_results.csv,False,True
test_092,Pathology-CoT,CAMELYON16_detection,0.05,9,False,,0.0,0.0,,,0.0,0.0,0.0,/work/Agent_benchmark/Pathology-CoT/post_eval/CAMELYON16_detection/ROI/roi_overlap_results.csv,False,True
test_094,Pathology-CoT,CAMELYON16_detection,0.05,10,True,4.0,0.8331,0.08331,0.8331,0.8331,0.0787,0.0936,0.0447,/work/Agent_benchmark/Pathology-CoT/post_eval/CAMELYON16_detection/ROI/roi_overlap_results.csv,False,True
test_097,Pathology-CoT,CAMELYON16_detection,0.05,10,False,,0.0,0.0,,,0.0,0.0,0.0,/work/Agent_benchmark/Pathology-CoT/post_eval/CAMELYON16_detection/ROI/roi_overlap_results.csv,True,True
test_099,Pathology-CoT,CAMELYON16_detection,0.05,6,False,,0.0,0.0,,,0.0,0.0,0.0,/work/Agent_benchmark/Pathology-CoT/post_eval/CAMELYON16_detection/ROI/roi_overlap_results.csv,False,True
test_102,Pathology-CoT,CAMELYON16_detection,0.05,1,False,,0.0,0.0,,,0.0,0.0,0.0,/work/Agent_benchmark/Pathology-CoT/post_eval/CAMELYON16_detection/ROI/roi_overlap_results.csv,,False
test_104,Pathology-CoT,CAMELYON16_detection,0.05,10,True,3.0,0.7984,0.09069,0.7984,0.4534,0.1225,0.0988,0.0579,/work/Agent_benchmark/Pathology-CoT/post_eval/CAMELYON16_detection/ROI/roi_overlap_results.csv,True,True
test_105,Pathology-CoT,CAMELYON16_detection,0.05,10,True,1.0,1.0,0.9611000000000001,1.0,0.9611000000000001,0.9675,0.1647,0.1638,/work/Agent_benchmark/Pathology-CoT/post_eval/CAMELYON16_detection/ROI/roi_overlap_results.csv,,False
test_108,Pathology-CoT,CAMELYON16_detection,0.05,10,False,,0.0465,0.0049299999999999995,,,0.0089,0.22,0.0087,/work/Agent_benchmark/Pathology-CoT/post_eval/CAMELYON16_detection/ROI/roi_overlap_results.csv,False,True
test_110,Pathology-CoT,CAMELYON16_detection,0.05,10,False,,0.0,0.0,,,0.0,0.0,0.0,/work/Agent_benchmark/Pathology-CoT/post_eval/CAMELYON16_detection/ROI/roi_overlap_results.csv,True,True
test_113,Pathology-CoT,CAMELYON16_detection,0.05,10,True,1.0,1.0,0.5640599999999999,1.0,0.9400999999999998,0.4677,0.0729,0.0674,/work/Agent_benchmark/Pathology-CoT/post_eval/CAMELYON16_detection/ROI/roi_overlap_results.csv,False,True
test_116,Pathology-CoT,CAMELYON16_detection,0.05,10,True,5.0,0.6324,0.06323999999999999,0.6324,0.6324,0.0528,0.0432,0.0243,/work/Agent_benchmark/Pathology-CoT/post_eval/CAMELYON16_detection/ROI/roi_overlap_results.csv,False,True
test_117,Pathology-CoT,CAMELYON16_detection,0.05,10,False,,0.0,0.0,,,0.0,0.0,0.0,/work/Agent_benchmark/Pathology-CoT/post_eval/CAMELYON16_detection/ROI/roi_overlap_results.csv,,False
test_121,Pathology-CoT,CAMELYON16_detection,0.05,9,True,1.0,0.4507,0.10695555555555555,0.4507,0.3208666666666667,0.1002,0.749,0.097,/work/Agent_benchmark/Pathology-CoT/post_eval/CAMELYON16_detection/ROI/roi_overlap_results.csv,True,True
test_122,Pathology-CoT,CAMELYON16_detection,0.05,7,True,7.0,0.0733,0.014685714285714286,0.0733,0.0733,0.0132,0.0645,0.011,/work/Agent_benchmark/Pathology-CoT/post_eval/CAMELYON16_detection/ROI/roi_overlap_results.csv,False,True
test_002,slide_seek,CAMELYON16_detection,0.05,40,True,2.0,1.0,0.25,1.0,1.0,0.25,0.028,0.0259,/work/Agent_benchmark/slide_seek/post_eval/CAMELYON16_detection/ROI/roi_overlap_results.csv,False,True
test_004,slide_seek,CAMELYON16_detection,0.05,30,False,,0.0,0.0,,,0.0,0.0,0.0,/work/Agent_benchmark/slide_seek/post_eval/CAMELYON16_detection/ROI/roi_overlap_results.csv,False,True
test_008,slide_seek,CAMELYON16_detection,0.05,113,False,,0.0,0.0,,,0.0,0.0,0.0,/work/Agent_benchmark/slide_seek/post_eval/CAMELYON16_detection/ROI/roi_overlap_results.csv,False,True
test_013,slide_seek,CAMELYON16_detection,0.05,2,False,,0.0,0.0,,,0.0,0.0,0.0,/work/Agent_benchmark/slide_seek/post_eval/CAMELYON16_detection/ROI/roi_overlap_results.csv,False,True
test_021,slide_seek,CAMELYON16_detection,0.05,1,False,,0.0,0.0,,,0.0,0.0,0.0,/work/Agent_benchmark/slide_seek/post_eval/CAMELYON16_detection/ROI/roi_overlap_results.csv,False,True
test_026,slide_seek,CAMELYON16_detection,0.05,2,False,,0.0,0.0,,,0.0,0.0,0.0,/work/Agent_benchmark/slide_seek/post_eval/CAMELYON16_detection/ROI/roi_overlap_results.csv,True,True
test_029,slide_seek,CAMELYON16_detection,0.05,4,True,3.0,0.4084,0.1021,0.4084,0.4084,0.1334,0.0605,0.0434,/work/Agent_benchmark/slide_seek/post_eval/CAMELYON16_detection/ROI/roi_overlap_results.csv,False,True
test_030,slide_seek,CAMELYON16_detection,0.05,2,False,,0.0,0.0,,,0.0,0.0,0.0,/work/Agent_benchmark/slide_seek/post_eval/CAMELYON16_detection/ROI/roi_overlap_results.csv,True,True
test_038,slide_seek,CAMELYON16_detection,0.05,2,False,,0.0,0.0,,,0.0,0.0,0.0,/work/Agent_benchmark/slide_seek/post_eval/CAMELYON16_detection/ROI/roi_overlap_results.csv,,False
test_040,slide_seek,CAMELYON16_detection,0.05,4,False,,0.0,0.0,,,0.0,0.0,0.0,/work/Agent_benchmark/slide_seek/post_eval/CAMELYON16_detection/ROI/roi_overlap_results.csv,True,True
test_046,slide_seek,CAMELYON16_detection,0.05,2,False,,0.0,0.0,,,0.0,0.0,0.0,/work/Agent_benchmark/slide_seek/post_eval/CAMELYON16_detection/ROI/roi_overlap_results.csv,False,True
test_052,slide_seek,CAMELYON16_detection,0.05,4,False,,0.0,0.0,,,0.0,0.0,0.0,/work/Agent_benchmark/slide_seek/post_eval/CAMELYON16_detection/ROI/roi_overlap_results.csv,False,True
test_064,slide_seek,CAMELYON16_detection,0.05,2,False,,0.0,0.0,,,0.0,0.0,0.0,/work/Agent_benchmark/slide_seek/post_eval/CAMELYON16_detection/ROI/roi_overlap_results.csv,True,True
test_066,slide_seek,CAMELYON16_detection,0.05,1,False,,0.0,0.0,,,0.0,0.0,0.0,/work/Agent_benchmark/slide_seek/post_eval/CAMELYON16_detection/ROI/roi_overlap_results.csv,False,True
test_069,slide_seek,CAMELYON16_detection,0.05,6,True,3.0,1.0,0.3333333333333333,1.0,1.0,0.4961,0.0463,0.0442,/work/Agent_benchmark/slide_seek/post_eval/CAMELYON16_detection/ROI/roi_overlap_results.csv,False,True
test_073,slide_seek,CAMELYON16_detection,0.05,1,True,1.0,0.167,0.167,0.167,0.167,0.167,0.0011,0.0011,/work/Agent_benchmark/slide_seek/post_eval/CAMELYON16_detection/ROI/roi_overlap_results.csv,False,True
test_079,slide_seek,CAMELYON16_detection,0.05,2,False,,0.0,0.0,,,0.0,0.0,0.0,/work/Agent_benchmark/slide_seek/post_eval/CAMELYON16_detection/ROI/roi_overlap_results.csv,True,True
test_090,slide_seek,CAMELYON16_detection,0.05,2,False,,0.0,0.0,,,0.0,0.0,0.0,/work/Agent_benchmark/slide_seek/post_eval/CAMELYON16_detection/ROI/roi_overlap_results.csv,False,True
test_094,slide_seek,CAMELYON16_detection,0.05,3,False,,0.0,0.0,,,0.0,0.0,0.0,/work/Agent_benchmark/slide_seek/post_eval/CAMELYON16_detection/ROI/roi_overlap_results.csv,False,True
test_102,slide_seek,CAMELYON16_detection,0.05,2,False,,0.0,0.0,,,0.0,0.0,0.0,/work/Agent_benchmark/slide_seek/post_eval/CAMELYON16_detection/ROI/roi_overlap_results.csv,False,True
test_105,slide_seek,CAMELYON16_detection,0.05,2,False,,0.0,0.0,,,0.0,0.0,0.0,/work/Agent_benchmark/slide_seek/post_eval/CAMELYON16_detection/ROI/roi_overlap_results.csv,True,True
test_117,slide_seek,CAMELYON16_detection,0.05,1,False,,0.0,0.0,,,0.0,0.0,0.0,/work/Agent_benchmark/slide_seek/post_eval/CAMELYON16_detection/ROI/roi_overlap_results.csv,False,True
test_121,slide_seek,CAMELYON16_detection,0.05,2,False,,0.0,0.0,,,0.0,0.0,0.0,/work/Agent_benchmark/slide_seek/post_eval/CAMELYON16_detection/ROI/roi_overlap_results.csv,False,True
test_122,slide_seek,CAMELYON16_detection,0.05,2,False,,0.0,0.0,,,0.0,0.0,0.0,/work/Agent_benchmark/slide_seek/post_eval/CAMELYON16_detection/ROI/roi_overlap_results.csv,True,True
TCGA-A1-A0SF-01Z-00-DX1.7F252D89-EA78-419F-A969-1B7313D77499,CPathAgent,TCGA_BRCA_subtype,0.05,8,True,1.0,0.687,0.222775,0.687,0.35644,0.2508,0.2261,0.135,/work/Agent_benchmark/CPathAgent/post_eval/TCGA_BRCA_subtype/ROI/roi_overlap_results.csv,False,True
TCGA-A1-A0SJ-01Z-00-DX1.C196FA66-C376-4016-86BC-3D8E745B3A51,CPathAgent,TCGA_BRCA_subtype,0.05,12,True,9.0,0.7327,0.06105833333333333,0.7327,0.7327,0.1314,0.2906,0.0995,/work/Agent_benchmark/CPathAgent/post_eval/TCGA_BRCA_subtype/ROI/roi_overlap_results.csv,False,True
TCGA-A2-A0CK-01Z-00-DX1.C3226BD1-11B0-4034-946A-BAB42958CE85,CPathAgent,TCGA_BRCA_subtype,0.05,6,False,,0.0019,0.00031666666666666665,,,0.0006,0.0021,0.0005,/work/Agent_benchmark/CPathAgent/post_eval/TCGA_BRCA_subtype/ROI/roi_overlap_results.csv,False,True
TCGA-A2-A0CZ-01Z-00-DX1.A433A414-4F1B-4F99-8FD9-E64803F5E042,CPathAgent,TCGA_BRCA_subtype,0.05,17,True,8.0,0.6633,0.07700000000000001,0.6633,0.6512,0.1061,0.1564,0.0675,/work/Agent_benchmark/CPathAgent/post_eval/TCGA_BRCA_subtype/ROI/roi_overlap_results.csv,False,True
TCGA-A2-A0EM-01Z-00-DX1.305CF011-7451-4880-9A5D-AB4432CF53A5,CPathAgent,TCGA_BRCA_subtype,0.05,2,False,,0.0,0.0,,,0.0,0.0,0.0,/work/Agent_benchmark/CPathAgent/post_eval/TCGA_BRCA_subtype/ROI/roi_overlap_results.csv,True,True
TCGA-A2-A0EW-01Z-00-DX1.F24495CB-63D8-483F-9834-F761E3F16BF0,CPathAgent,TCGA_BRCA_subtype,0.05,10,True,2.0,0.9571,0.28894000000000003,0.9571,0.47773333333333334,0.3456,0.5173,0.2613,/work/Agent_benchmark/CPathAgent/post_eval/TCGA_BRCA_subtype/ROI/roi_overlap_results.csv,False,True
TCGA-A2-A0T6-01Z-00-DX1.207A3883-5B41-40EB-95A1-D64C9610650B,CPathAgent,TCGA_BRCA_subtype,0.05,1,False,,0.0,0.0,,,0.0,0.0,0.0,/work/Agent_benchmark/CPathAgent/post_eval/TCGA_BRCA_subtype/ROI/roi_overlap_results.csv,,False
TCGA-A2-A1FW-01Z-00-DX1.DC2BC5D7-E57B-444E-833F-9A1B6E11DE6D,CPathAgent,TCGA_BRCA_subtype,0.05,5,True,1.0,1.0,1.0,1.0,1.0,1.0,0.2451,0.2451,/work/Agent_benchmark/CPathAgent/post_eval/TCGA_BRCA_subtype/ROI/roi_overlap_results.csv,True,True
TCGA-A2-A1FX-01Z-00-DX1.35B93F3A-9959-4D72-A702-08B27563D24F,CPathAgent,TCGA_BRCA_subtype,0.05,12,True,2.0,1.0,0.19000000000000003,1.0,0.7600000000000001,0.1003,0.0988,0.0524,/work/Agent_benchmark/CPathAgent/post_eval/TCGA_BRCA_subtype/ROI/roi_overlap_results.csv,True,True
TCGA-A2-A259-01Z-00-DX1.7289CD72-CB74-41D4-B4AC-4EA5FDFEC666,CPathAgent,TCGA_BRCA_subtype,0.05,7,True,3.0,0.6066,0.08665714285714286,0.6066,0.6066,0.0496,0.0621,0.0284,/work/Agent_benchmark/CPathAgent/post_eval/TCGA_BRCA_subtype/ROI/roi_overlap_results.csv,False,True
TCGA-A2-A25A-01Z-00-DX1.6D311E39-9F96-4775-B9DA-8D034D1AD1DC,CPathAgent,TCGA_BRCA_subtype,0.05,12,True,1.0,1.0,0.3985833333333333,1.0,0.5914625,0.3552,0.1964,0.1448,/work/Agent_benchmark/CPathAgent/post_eval/TCGA_BRCA_subtype/ROI/roi_overlap_results.csv,True,True
TCGA-A2-A3XU-01Z-00-DX1.174A92D4-50B2-4A59-AD31-D5EC5BBF2F65,CPathAgent,TCGA_BRCA_subtype,0.05,12,True,1.0,1.0,0.5868,1.0,0.70416,0.5809,0.2503,0.212,/work/Agent_benchmark/CPathAgent/post_eval/TCGA_BRCA_subtype/ROI/roi_overlap_results.csv,True,True
TCGA-A2-A3XY-01Z-00-DX1.E57FC9BF-411E-4028-AC10-8BCA5D0C8472,CPathAgent,TCGA_BRCA_subtype,0.05,12,True,1.0,1.0,0.7480500000000001,1.0,0.89286,0.7152,0.4681,0.3945,/work/Agent_benchmark/CPathAgent/post_eval/TCGA_BRCA_subtype/ROI/roi_overlap_results.csv,True,True
TCGA-A7-A0CJ-01Z-00-DX2.4B591117-5FC9-4B43-8A45-444CCCABC666,CPathAgent,TCGA_BRCA_subtype,0.05,10,True,1.0,0.989,0.28675,0.989,0.5735,0.157,0.8616,0.1531,/work/Agent_benchmark/CPathAgent/post_eval/TCGA_BRCA_subtype/ROI/roi_overlap_results.csv,False,True
TCGA-A7-A13G-01Z-00-DX1.C258C545-8C1F-41D4-846F-962A746CBDFB,CPathAgent,TCGA_BRCA_subtype,0.05,1,False,,0.0,0.0,,,0.0,0.0,0.0,/work/Agent_benchmark/CPathAgent/post_eval/TCGA_BRCA_subtype/ROI/roi_overlap_results.csv,,False
TCGA-A7-A13H-01Z-00-DX2.6C937651-4D3E-475D-99F6-4A9FD25CD48B,CPathAgent,TCGA_BRCA_subtype,0.05,6,True,1.0,0.1506,0.034866666666666664,0.1506,0.10405,0.0396,0.1737,0.0333,/work/Agent_benchmark/CPathAgent/post_eval/TCGA_BRCA_subtype/ROI/roi_overlap_results.csv,False,True
TCGA-A8-A07U-01Z-00-DX1.69D356C3-C7FC-47E9-B753-BE421263343F,CPathAgent,TCGA_BRCA_subtype,0.05,6,True,1.0,0.5574,0.0929,0.5574,0.5574,0.0518,0.0391,0.0228,/work/Agent_benchmark/CPathAgent/post_eval/TCGA_BRCA_subtype/ROI/roi_overlap_results.csv,False,True
TCGA-A8-A08L-01Z-00-DX1.0FC652B1-336D-4198-93FE-58D2214866D3,CPathAgent,TCGA_BRCA_subtype,0.05,10,True,2.0,0.7033,0.10221,0.7033,0.24672500000000003,0.1438,0.2189,0.095,/work/Agent_benchmark/CPathAgent/post_eval/TCGA_BRCA_subtype/ROI/roi_overlap_results.csv,True,True
TCGA-A8-A08R-01Z-00-DX1.72FBD9A3-5EB9-4855-89EB-697883C2EA9B,CPathAgent,TCGA_BRCA_subtype,0.05,1,False,,0.0,0.0,,,0.0,0.0,0.0,/work/Agent_benchmark/CPathAgent/post_eval/TCGA_BRCA_subtype/ROI/roi_overlap_results.csv,,False
TCGA-A8-A08Z-01Z-00-DX1.D0AADCA6-C27C-4FB8-89C1-94B5901146E7,CPathAgent,TCGA_BRCA_subtype,0.05,9,False,,0.0,0.0,,,0.0,0.0,0.0,/work/Agent_benchmark/CPathAgent/post_eval/TCGA_BRCA_subtype/ROI/roi_overlap_results.csv,True,True
TCGA-A8-A097-01Z-00-DX1.4D06990E-E759-40F0-9106-59408CF350E5,CPathAgent,TCGA_BRCA_subtype,0.05,12,True,1.0,1.0,0.378225,1.0,0.6417285714285714,0.218,0.4774,0.176,/work/Agent_benchmark/CPathAgent/post_eval/TCGA_BRCA_subtype/ROI/roi_overlap_results.csv,True,True
TCGA-A8-A09Q-01Z-00-DX1.C7240AFB-5971-4577-812C-A255C249001A,CPathAgent,TCGA_BRCA_subtype,0.05,2,True,1.0,0.8169,0.40845,0.8169,0.8169,0.1634,0.1149,0.0723,/work/Agent_benchmark/CPathAgent/post_eval/TCGA_BRCA_subtype/ROI/roi_overlap_results.csv,False,True
TCGA-AC-A2FF-01Z-00-DX1.012DAC86-E05C-44FA-81C2-FE4C754F409C,CPathAgent,TCGA_BRCA_subtype,0.05,18,True,3.0,0.3421,0.041244444444444445,0.3421,0.24396666666666667,0.071,1.0,0.071,/work/Agent_benchmark/CPathAgent/post_eval/TCGA_BRCA_subtype/ROI/roi_overlap_results.csv,True,True
TCGA-AC-A2FG-01Z-00-DX1.0F13DE40-9F7A-42C6-AB3D-02E8521B690A,CPathAgent,TCGA_BRCA_subtype,0.05,1,False,,0.0,0.0,,,0.0,0.0,0.0,/work/Agent_benchmark/CPathAgent/post_eval/TCGA_BRCA_subtype/ROI/roi_overlap_results.csv,,False
TCGA-AC-A3TM-01Z-00-DX1.4421EE37-A2CC-4638-AC44-9C26CB09FDC1,CPathAgent,TCGA_BRCA_subtype,0.05,2,True,1.0,0.9196,0.8384,0.9196,0.8384,0.9196,0.0539,0.0537,/work/Agent_benchmark/CPathAgent/post_eval/TCGA_BRCA_subtype/ROI/roi_overlap_results.csv,True,True
TCGA-AC-A5XS-01Z-00-DX1.E5F2481E-9314-4B20-84B7-370EF82AF4BB,CPathAgent,TCGA_BRCA_subtype,0.05,5,True,1.0,0.4546,0.15510000000000002,0.4546,0.3744,0.1471,0.3543,0.116,/work/Agent_benchmark/CPathAgent/post_eval/TCGA_BRCA_subtype/ROI/roi_overlap_results.csv,False,True
TCGA-AN-A0XS-01Z-00-DX1.B4D4B73E-2912-4B2E-B18A-FBC35F8160D3,CPathAgent,TCGA_BRCA_subtype,0.05,4,True,1.0,0.6513,0.240475,0.6513,0.3206333333333333,0.1034,0.1344,0.0621,/work/Agent_benchmark/CPathAgent/post_eval/TCGA_BRCA_subtype/ROI/roi_overlap_results.csv,True,True
TCGA-AN-A0XW-01Z-00-DX1.811E11E7-FA67-46BB-9BC6-1FD0106B789D,CPathAgent,TCGA_BRCA_subtype,0.05,7,True,2.0,0.2233,0.045099999999999994,0.2233,0.15785,0.0351,0.2352,0.0315,/work/Agent_benchmark/CPathAgent/post_eval/TCGA_BRCA_subtype/ROI/roi_overlap_results.csv,True,True
TCGA-AO-A03T-01Z-00-DX1.8B75E203-6DC8-4AC9-A256-6FCB818DA0DD,CPathAgent,TCGA_BRCA_subtype,0.05,2,True,2.0,0.1437,0.07185,0.1437,0.1437,0.1437,0.0718,0.0503,/work/Agent_benchmark/CPathAgent/post_eval/TCGA_BRCA_subtype/ROI/roi_overlap_results.csv,True,True
TCGA-AO-A0J9-01Z-00-DX1.E37C342B-9B6A-4BEE-B064-A82C3579CC66,CPathAgent,TCGA_BRCA_subtype,0.05,4,True,1.0,0.7743,0.375475,0.7743,0.73195,0.2396,0.294,0.1521,/work/Agent_benchmark/CPathAgent/post_eval/TCGA_BRCA_subtype/ROI/roi_overlap_results.csv,False,True
TCGA-AO-A0JE-01Z-00-DX1.82D33053-E305-47D8-9B02-B55511EBB06D,CPathAgent,TCGA_BRCA_subtype,0.05,2,True,1.0,0.9997,0.88105,0.9997,0.88105,0.7625,0.2419,0.2249,/work/Agent_benchmark/CPathAgent/post_eval/TCGA_BRCA_subtype/ROI/roi_overlap_results.csv,False,True
TCGA-AO-A12D-01Z-00-DX1.BA006BAD-5C6E-4099-BC99-3888E69F506E,CPathAgent,TCGA_BRCA_subtype,0.05,2,True,1.0,0.9985,0.6997500000000001,0.9985,0.6997500000000001,0.912,0.2533,0.2473,/work/Agent_benchmark/CPathAgent/post_eval/TCGA_BRCA_subtype/ROI/roi_overlap_results.csv,False,True
TCGA-AO-A1KP-01Z-00-DX1.612442AB-24E2-489B-9838-7CEE82BCD605,CPathAgent,TCGA_BRCA_subtype,0.05,5,True,1.0,0.9562,0.5802400000000001,0.9562,0.7253000000000001,0.4317,0.5914,0.3326,/work/Agent_benchmark/CPathAgent/post_eval/TCGA_BRCA_subtype/ROI/roi_overlap_results.csv,True,True
TCGA-AQ-A54N-01Z-00-DX1.E53271E9-AFD2-4071-9B1E-CD05F63B8136,CPathAgent,TCGA_BRCA_subtype,0.05,25,True,2.0,1.0,0.46427599999999997,1.0,0.7691199999999999,0.4168,0.5846,0.3216,/work/Agent_benchmark/CPathAgent/post_eval/TCGA_BRCA_subtype/ROI/roi_overlap_results.csv,True,True
TCGA-AQ-A7U7-01Z-00-DX1.AB5629A1-399E-402B-AD3D-DAF9F97D8300,CPathAgent,TCGA_BRCA_subtype,0.05,34,True,16.0,0.8393,0.037647058823529415,0.8393,0.4266666666666667,0.064,0.5227,0.0604,/work/Agent_benchmark/CPathAgent/post_eval/TCGA_BRCA_subtype/ROI/roi_overlap_results.csv,False,True
TCGA-AR-A0TP-01Z-00-DX1.58E6A3A6-D1D7-4AE5-87A5-E823F04CBB2F,CPathAgent,TCGA_BRCA_subtype,0.05,9,True,1.0,1.0,0.4467000000000001,1.0,0.8040600000000001,0.3373,0.1409,0.1104,/work/Agent_benchmark/CPathAgent/post_eval/TCGA_BRCA_subtype/ROI/roi_overlap_results.csv,True,True
TCGA-AR-A0U3-01Z-00-DX1.9BB87F9D-459F-4A18-B591-29822EA5AE18,CPathAgent,TCGA_BRCA_subtype,0.05,6,True,2.0,1.0,0.5837333333333333,1.0,0.70048,0.6957,0.1307,0.1236,/work/Agent_benchmark/CPathAgent/post_eval/TCGA_BRCA_subtype/ROI/roi_overlap_results.csv,True,True
TCGA-AR-A1AU-01Z-00-DX1.F06647D1-E5A3-46FE-8537-01A10A08A4EC,CPathAgent,TCGA_BRCA_subtype,0.05,25,True,1.0,1.0,0.6116320000000001,1.0,0.6635000000000001,0.5684,0.5269,0.3763,/work/Agent_benchmark/CPathAgent/post_eval/TCGA_BRCA_subtype/ROI/roi_overlap_results.csv,True,True
TCGA-AR-A24S-01Z-00-DX1.317C3B19-0D0F-4315-AC2D-C741F09DD775,CPathAgent,TCGA_BRCA_subtype,0.05,23,True,7.0,1.0,0.25261304347826086,1.0,0.5810099999999999,0.3235,0.5964,0.2654,/work/Agent_benchmark/CPathAgent/post_eval/TCGA_BRCA_subtype/ROI/roi_overlap_results.csv,True,True
TCGA-AR-A255-01Z-00-DX1.E67C081D-50C9-451C-814B-F097B2671300,CPathAgent,TCGA_BRCA_subtype,0.05,5,True,2.0,0.7063,0.21238,0.7063,0.3539666666666667,0.1604,0.3688,0.1259,/work/Agent_benchmark/CPathAgent/post_eval/TCGA_BRCA_subtype/ROI/roi_overlap_results.csv,False,True
TCGA-B6-A0RO-01Z-00-DX1.3ADBFF05-92CE-41B5-BD49-CB3CE5B74CC9,CPathAgent,TCGA_BRCA_subtype,0.05,4,False,,0.0001,2.5e-05,,,0.0,0.0,0.0,/work/Agent_benchmark/CPathAgent/post_eval/TCGA_BRCA_subtype/ROI/roi_overlap_results.csv,False,True
TCGA-B6-A0WV-01Z-00-DX1.A8B9E114-A8CF-4389-B47C-2E1B842F7FF9,CPathAgent,TCGA_BRCA_subtype,0.05,5,True,1.0,1.0,0.54318,1.0,0.678975,0.5438,0.0502,0.0482,/work/Agent_benchmark/CPathAgent/post_eval/TCGA_BRCA_subtype/ROI/roi_overlap_results.csv,False,True
TCGA-B6-A0WZ-01Z-00-DX1.6CFB236E-36F5-43D6-8DE3-C4ECBD3C14C6,CPathAgent,TCGA_BRCA_subtype,0.05,8,True,1.0,0.8892,0.28478749999999997,0.8892,0.5695749999999999,0.1858,0.1534,0.0917,/work/Agent_benchmark/CPathAgent/post_eval/TCGA_BRCA_subtype/ROI/roi_overlap_results.csv,True,True
TCGA-BH-A0AZ-01Z-00-DX1.E20051E8-DEEF-48E5-B519-40777DDBC96B,CPathAgent,TCGA_BRCA_subtype,0.05,7,True,1.0,1.0,0.7148571428571427,1.0,0.7148571428571427,0.7014,0.3385,0.2959,/work/Agent_benchmark/CPathAgent/post_eval/TCGA_BRCA_subtype/ROI/roi_overlap_results.csv,False,True
TCGA-BH-A0BQ-01Z-00-DX1.F5C6386B-BB2C-49DF-B3B8-6C4B80D060D4,CPathAgent,TCGA_BRCA_subtype,0.05,22,True,2.0,0.9871,0.20595909090909092,0.9871,0.45165000000000005,0.2108,0.4094,0.1616,/work/Agent_benchmark/CPathAgent/post_eval/TCGA_BRCA_subtype/ROI/roi_overlap_results.csv,True,True
TCGA-BH-A0BT-01Z-00-DX1.9087B9E7-C0CD-4179-AF57-AD9255785169,CPathAgent,TCGA_BRCA_subtype,0.05,21,True,1.0,1.0,0.5638142857142857,1.0,0.6964764705882353,0.4722,0.4168,0.2843,/work/Agent_benchmark/CPathAgent/post_eval/TCGA_BRCA_subtype/ROI/roi_overlap_results.csv,False,True
TCGA-BH-A0BV-01Z-00-DX1.3C9CD4F7-A001-430D-AA8D-80CAD61C344E,CPathAgent,TCGA_BRCA_subtype,0.05,5,True,1.0,0.9663,0.23086,0.9663,0.56265,0.1563,0.0205,0.0184,/work/Agent_benchmark/CPathAgent/post_eval/TCGA_BRCA_subtype/ROI/roi_overlap_results.csv,True,True
TCGA-BH-A0DD-01Z-00-DX1.2242DD1F-0B7C-4B43-A7A9-8130D2BDEE78,CPathAgent,TCGA_BRCA_subtype,0.05,9,True,3.0,1.0,0.3203666666666667,1.0,0.9566,0.3718,0.1545,0.1225,/work/Agent_benchmark/CPathAgent/post_eval/TCGA_BRCA_subtype/ROI/roi_overlap_results.csv,True,True
TCGA-BH-A0DG-01Z-00-DX1.D3C4F57F-608F-46AA-A978-B558117C9DFB,CPathAgent,TCGA_BRCA_subtype,0.05,6,True,1.0,1.0,0.6876166666666667,1.0,0.6876166666666667,0.4911,0.113,0.1012,/work/Agent_benchmark/CPathAgent/post_eval/TCGA_BRCA_subtype/ROI/roi_overlap_results.csv,True,True
TCGA-BH-A0DK-01Z-00-DX1.0CFED53C-BAD9-4E35-B12F-57E64F3FEF1C,CPathAgent,TCGA_BRCA_subtype,0.05,2,False,,0.0,0.0,,,0.0,0.0,0.0,/work/Agent_benchmark/CPathAgent/post_eval/TCGA_BRCA_subtype/ROI/roi_overlap_results.csv,True,True
TCGA-BH-A0EA-01Z-00-DX1.85FF2B48-2AF7-4C15-A7E6-FCA68CAB76C7,CPathAgent,TCGA_BRCA_subtype,0.05,3,True,2.0,0.5784,0.21606666666666666,0.5784,0.3241,0.3296,0.2941,0.184,/work/Agent_benchmark/CPathAgent/post_eval/TCGA_BRCA_subtype/ROI/roi_overlap_results.csv,True,True
TCGA-BH-A0EE-01Z-00-DX1.872EA586-25C8-4835-A138-152DFA1EBF30,CPathAgent,TCGA_BRCA_subtype,0.05,15,True,1.0,0.9903,0.3587266666666667,0.9903,0.6684625,0.2081,0.099,0.0719,/work/Agent_benchmark/CPathAgent/post_eval/TCGA_BRCA_subtype/ROI/roi_overlap_results.csv,True,True
TCGA-BH-A0HX-01Z-00-DX1.44EBA39E-383D-4820-915E-4E5FDA1D43DA,CPathAgent,TCGA_BRCA_subtype,0.05,20,True,1.0,1.0,0.5681849999999999,1.0,0.8082071428571428,0.5947,0.6116,0.4317,/work/Agent_benchmark/CPathAgent/post_eval/TCGA_BRCA_subtype/ROI/roi_overlap_results.csv,True,True
TCGA-BH-A202-01Z-00-DX1.8CECDB74-5E6F-4CE8-B52C-A89E574F38FB,CPathAgent,TCGA_BRCA_subtype,0.05,10,True,2.0,1.0,0.45598,1.0,0.569975,0.509,0.3154,0.2418,/work/Agent_benchmark/CPathAgent/post_eval/TCGA_BRCA_subtype/ROI/roi_overlap_results.csv,True,True
TCGA-BH-A42U-01Z-00-DX1.130D060A-3DD8-407E-B8B0-EBBF743491AE,CPathAgent,TCGA_BRCA_subtype,0.05,12,True,1.0,1.0,0.46408333333333335,1.0,0.6137444444444444,0.5633,0.2851,0.2335,/work/Agent_benchmark/CPathAgent/post_eval/TCGA_BRCA_subtype/ROI/roi_overlap_results.csv,False,True
TCGA-BH-A5IZ-01Z-00-DX1.6C871030-82E1-463E-A67B-976A5F3DCDB2,CPathAgent,TCGA_BRCA_subtype,0.05,9,True,1.0,1.0,0.2752888888888889,1.0,0.8258666666666667,0.2878,0.2061,0.1365,/work/Agent_benchmark/CPathAgent/post_eval/TCGA_BRCA_subtype/ROI/roi_overlap_results.csv,False,True
TCGA-C8-A135-01Z-00-DX1.B69A605E-B577-4F43-9471-2C95312B05D9,CPathAgent,TCGA_BRCA_subtype,0.05,2,True,1.0,0.9613,0.48065,0.9613,0.9613,0.49,0.0196,0.0192,/work/Agent_benchmark/CPathAgent/post_eval/TCGA_BRCA_subtype/ROI/roi_overlap_results.csv,False,True
TCGA-C8-A1HJ-01Z-00-DX1.745159F1-85E7-4CC0-B088-E1CA91916FB8,CPathAgent,TCGA_BRCA_subtype,0.05,14,True,1.0,1.0,0.4979785714285714,1.0,0.69717,0.3265,0.3038,0.1868,/work/Agent_benchmark/CPathAgent/post_eval/TCGA_BRCA_subtype/ROI/roi_overlap_results.csv,True,True
TCGA-C8-A3M7-01Z-00-DX1.846C75F1-2E7E-44F7-B21F-C246141558FA,CPathAgent,TCGA_BRCA_subtype,0.05,1,False,,0.0,0.0,,,0.0,0.0,0.0,/work/Agent_benchmark/CPathAgent/post_eval/TCGA_BRCA_subtype/ROI/roi_overlap_results.csv,,False
TCGA-C8-A8HR-01Z-00-DX1.8E841CA8-1CE2-4242-AC5A-3247075CF8F4,CPathAgent,TCGA_BRCA_subtype,0.05,12,True,1.0,1.0,0.445,1.0,0.6675,0.3337,0.5352,0.2587,/work/Agent_benchmark/CPathAgent/post_eval/TCGA_BRCA_subtype/ROI/roi_overlap_results.csv,True,True
TCGA-D8-A13Z-01Z-00-DX1.517140BB-D34C-42F8-952C-340EF16D382F,CPathAgent,TCGA_BRCA_subtype,0.05,11,True,2.0,0.7492,0.10932727272727272,0.7492,0.6002,0.0626,0.0444,0.0267,/work/Agent_benchmark/CPathAgent/post_eval/TCGA_BRCA_subtype/ROI/roi_overlap_results.csv,True,True
TCGA-D8-A140-01Z-00-DX2.0C0A62BB-1FB8-47D8-8FAF-112D221F18BE,CPathAgent,TCGA_BRCA_subtype,0.05,6,True,1.0,1.0,0.47125,1.0,0.47125,0.5175,0.5822,0.3774,/work/Agent_benchmark/CPathAgent/post_eval/TCGA_BRCA_subtype/ROI/roi_overlap_results.csv,True,True
TCGA-D8-A1JB-01Z-00-DX1.6CF48257-066C-4B8C-91AA-30A6B4AD4307,CPathAgent,TCGA_BRCA_subtype,0.05,13,True,2.0,1.0,0.3382538461538461,1.0,0.6213285714285713,0.2472,0.2727,0.149,/work/Agent_benchmark/CPathAgent/post_eval/TCGA_BRCA_subtype/ROI/roi_overlap_results.csv,False,True
TCGA-D8-A1JK-01Z-00-DX1.3190C919-A403-460D-9F6C-D2AB5FD3FD05,CPathAgent,TCGA_BRCA_subtype,0.05,7,False,,0.0,0.0,,,0.0,0.0,0.0,/work/Agent_benchmark/CPathAgent/post_eval/TCGA_BRCA_subtype/ROI/roi_overlap_results.csv,True,True
TCGA-D8-A1JL-01Z-00-DX1.FE3F0C6B-F98A-4036-BF9A-25A8CC66B1FD,CPathAgent,TCGA_BRCA_subtype,0.05,73,True,2.0,1.0,0.20465342465753422,1.0,0.5743192307692307,0.2016,0.8168,0.1929,/work/Agent_benchmark/CPathAgent/post_eval/TCGA_BRCA_subtype/ROI/roi_overlap_results.csv,True,True
TCGA-D8-A1XL-01Z-00-DX1.FDF07020-8F40-4C00-9023-E5F40E0D8A7C,CPathAgent,TCGA_BRCA_subtype,0.05,8,True,2.0,0.9985,0.19411250000000002,0.9985,0.5166000000000001,0.1133,0.1138,0.0602,/work/Agent_benchmark/CPathAgent/post_eval/TCGA_BRCA_subtype/ROI/roi_overlap_results.csv,True,True
TCGA-D8-A1XZ-01Z-00-DX1.8E51A61D-B01C-4A52-8F5D-44D2ABCA46FC,CPathAgent,TCGA_BRCA_subtype,0.05,22,True,1.0,1.0,0.29631818181818176,1.0,0.8109124999999999,0.2044,0.5489,0.175,/work/Agent_benchmark/CPathAgent/post_eval/TCGA_BRCA_subtype/ROI/roi_overlap_results.csv,True,True
TCGA-D8-A1Y1-01Z-00-DX1.477390C8-2141-4ADD-813E-25220D2A71FC,CPathAgent,TCGA_BRCA_subtype,0.05,26,True,1.0,1.0,0.21473846153846157,1.0,0.6203555555555555,0.215,0.33,0.1497,/work/Agent_benchmark/CPathAgent/post_eval/TCGA_BRCA_subtype/ROI/roi_overlap_results.csv,True,True
TCGA-D8-A27M-01Z-00-DX1.3020D223-2400-4A2D-8BFE-08A5B78FE13B,CPathAgent,TCGA_BRCA_subtype,0.05,1,False,,0.0,0.0,,,0.0,0.0,0.0,/work/Agent_benchmark/CPathAgent/post_eval/TCGA_BRCA_subtype/ROI/roi_overlap_results.csv,,False
TCGA-D8-A27N-01Z-00-DX1.85613A4F-1FFB-4091-B925-8E8A7C7A6D95,CPathAgent,TCGA_BRCA_subtype,0.05,14,True,1.0,1.0,0.24317857142857144,1.0,0.5674166666666667,0.1707,0.2775,0.1182,/work/Agent_benchmark/CPathAgent/post_eval/TCGA_BRCA_subtype/ROI/roi_overlap_results.csv,True,True
TCGA-D8-A27V-01Z-00-DX1.F937C53B-0B55-4271-843E-2C28F72CF28E,CPathAgent,TCGA_BRCA_subtype,0.05,21,True,1.0,0.8268,0.09857142857142856,0.8268,0.511125,0.0888,0.1193,0.0536,/work/Agent_benchmark/CPathAgent/post_eval/TCGA_BRCA_subtype/ROI/roi_overlap_results.csv,False,True
TCGA-D8-A3Z5-01Z-00-DX1.4DBF937F-623C-4212-8493-ECE3C8F555E3,CPathAgent,TCGA_BRCA_subtype,0.05,8,True,1.0,1.0,0.7179625000000001,1.0,0.7179625000000001,0.68,0.1442,0.135,/work/Agent_benchmark/CPathAgent/post_eval/TCGA_BRCA_subtype/ROI/roi_overlap_results.csv,True,True
TCGA-D8-A3Z6-01Z-00-DX1.4076A770-5901-4325-85C3-AF7B192272F5,CPathAgent,TCGA_BRCA_subtype,0.05,10,True,1.0,1.0,0.77107,1.0,0.77107,0.751,0.4023,0.355,/work/Agent_benchmark/CPathAgent/post_eval/TCGA_BRCA_subtype/ROI/roi_overlap_results.csv,False,True
TCGA-D8-A73U-01Z-00-DX2.91F571C8-303C-463D-952C-263FAA5097DF,CPathAgent,TCGA_BRCA_subtype,0.05,5,True,1.0,0.8447,0.16894,0.8447,0.8447,0.0991,0.4195,0.0872,/work/Agent_benchmark/CPathAgent/post_eval/TCGA_BRCA_subtype/ROI/roi_overlap_results.csv,False,True
TCGA-E2-A105-01Z-00-DX1.192813F9-2D7B-40C7-88D9-BFA939D43FEE,CPathAgent,TCGA_BRCA_subtype,0.05,3,True,1.0,0.9626,0.5518,0.9626,0.5518,0.3366,0.1063,0.0879,/work/Agent_benchmark/CPathAgent/post_eval/TCGA_BRCA_subtype/ROI/roi_overlap_results.csv,True,True
TCGA-E2-A14P-01Z-00-DX1.663B02FF-C64B-41A6-8685-FD61CD76F9C6,CPathAgent,TCGA_BRCA_subtype,0.05,6,True,1.0,1.0,0.6553833333333333,1.0,0.7864599999999999,0.5907,0.2046,0.1792,/work/Agent_benchmark/CPathAgent/post_eval/TCGA_BRCA_subtype/ROI/roi_overlap_results.csv,True,True
TCGA-E2-A15E-06Z-00-DX1.D394A007-91A2-4445-9B4A-1629EE684A51,CPathAgent,TCGA_BRCA_subtype,0.05,8,True,2.0,0.4156,0.152975,0.4156,0.29825,0.1925,0.227,0.1163,/work/Agent_benchmark/CPathAgent/post_eval/TCGA_BRCA_subtype/ROI/roi_overlap_results.csv,True,True
TCGA-E9-A1N6-01Z-00-DX1.C0E8FFDC-2614-4DBF-B51E-4646A3919911,CPathAgent,TCGA_BRCA_subtype,0.05,11,True,2.0,1.0,0.5963454545454545,1.0,0.9371142857142857,0.5865,0.2749,0.2303,/work/Agent_benchmark/CPathAgent/post_eval/TCGA_BRCA_subtype/ROI/roi_overlap_results.csv,True,True
TCGA-E9-A1RA-01Z-00-DX1.E1C527C3-EDF2-442A-80FE-3E3AFBC5EF5A,CPathAgent,TCGA_BRCA_subtype,0.05,1,False,,0.0,0.0,,,0.0,0.0,0.0,/work/Agent_benchmark/CPathAgent/post_eval/TCGA_BRCA_subtype/ROI/roi_overlap_results.csv,,False
TCGA-E9-A1RE-01Z-00-DX1.fd100503-ba95-4af8-8e59-689b2cea145c,CPathAgent,TCGA_BRCA_subtype,0.05,13,True,1.0,1.0,0.713176923076923,1.0,0.92713,0.5664,0.2716,0.2248,/work/Agent_benchmark/CPathAgent/post_eval/TCGA_BRCA_subtype/ROI/roi_overlap_results.csv,True,True
TCGA-E9-A227-01Z-00-DX1.823062BF-3444-489B-AF91-AAD4ECAA1DC7,CPathAgent,TCGA_BRCA_subtype,0.05,10,True,1.0,0.9923,0.38831,0.9923,0.6471833333333333,0.2548,0.3167,0.1644,/work/Agent_benchmark/CPathAgent/post_eval/TCGA_BRCA_subtype/ROI/roi_overlap_results.csv,True,True
TCGA-E9-A22H-01Z-00-DX1.0ee39fd1-b077-40ea-bd0d-8a3db474fdd5,CPathAgent,TCGA_BRCA_subtype,0.05,5,True,1.0,0.7429,0.22642,0.7429,0.5643,0.1641,0.0365,0.0308,/work/Agent_benchmark/CPathAgent/post_eval/TCGA_BRCA_subtype/ROI/roi_overlap_results.csv,True,True
TCGA-E9-A2JS-01Z-00-DX1.445BA2F8-3A4A-49D2-8D41-4ACFD32F2074,CPathAgent,TCGA_BRCA_subtype,0.05,7,True,1.0,1.0,0.6634714285714285,1.0,0.9288599999999999,0.7746,0.1679,0.1601,/work/Agent_benchmark/CPathAgent/post_eval/TCGA_BRCA_subtype/ROI/roi_overlap_results.csv,False,True
TCGA-EW-A1IY-01Z-00-DX1.3FD00274-C2CD-491A-915B-23FD535A4723,CPathAgent,TCGA_BRCA_subtype,0.05,7,True,1.0,1.0,0.6803999999999999,1.0,0.7938,0.6,0.1712,0.1536,/work/Agent_benchmark/CPathAgent/post_eval/TCGA_BRCA_subtype/ROI/roi_overlap_results.csv,True,True
TCGA-EW-A1P7-01Z-00-DX1.97575C9F-C318-45A5-A4B7-1A902B93FA3F,CPathAgent,TCGA_BRCA_subtype,0.05,6,True,6.0,0.3435,0.05725,0.3435,0.3435,0.0627,0.0305,0.0209,/work/Agent_benchmark/CPathAgent/post_eval/TCGA_BRCA_subtype/ROI/roi_overlap_results.csv,False,True
TCGA-EW-A1PF-01Z-00-DX1.9420D058-65CE-4DF8-815F-EB407003096E,CPathAgent,TCGA_BRCA_subtype,0.05,14,True,1.0,0.9957,0.3805714285714286,0.9957,0.592,0.3836,0.5755,0.299,/work/Agent_benchmark/CPathAgent/post_eval/TCGA_BRCA_subtype/ROI/roi_overlap_results.csv,False,True
TCGA-GM-A2D9-01Z-00-DX1.AF4BF2DD-05FB-400B-A1BC-6E7C9B9DDF05,CPathAgent,TCGA_BRCA_subtype,0.05,14,True,2.0,1.0,0.2888071428571429,1.0,0.5750571428571428,0.2217,0.1936,0.1153,/work/Agent_benchmark/CPathAgent/post_eval/TCGA_BRCA_subtype/ROI/roi_overlap_results.csv,True,True
TCGA-LL-A442-01Z-00-DX1.9275EDBD-1C89-4AF3-B02B-19F613A4E083,CPathAgent,TCGA_BRCA_subtype,0.05,25,True,1.0,1.0,0.481308,1.0,0.601635,0.493,0.4144,0.2906,/work/Agent_benchmark/CPathAgent/post_eval/TCGA_BRCA_subtype/ROI/roi_overlap_results.csv,True,True
TCGA-LL-A5YP-01Z-00-DX1.ADA978DF-6625-4C4D-AE0C-F589B2BA4897,CPathAgent,TCGA_BRCA_subtype,0.05,5,True,1.0,0.9953,0.37906,0.9953,0.94765,0.4444,0.1971,0.1581,/work/Agent_benchmark/CPathAgent/post_eval/TCGA_BRCA_subtype/ROI/roi_overlap_results.csv,True,True
TCGA-LL-A7T0-01Z-00-DX1.B03BBA63-ACF4-4BCA-9F2B-F631F0C6A25C,CPathAgent,TCGA_BRCA_subtype,0.05,2,True,1.0,1.0,0.88615,1.0,0.88615,0.7723,0.0393,0.0389,/work/Agent_benchmark/CPathAgent/post_eval/TCGA_BRCA_subtype/ROI/roi_overlap_results.csv,True,True
TCGA-OL-A5RX-01Z-00-DX1.15A0D4F4-2744-4D44-8883-27FF83D9C824,CPathAgent,TCGA_BRCA_subtype,0.05,3,True,1.0,0.6383,0.21276666666666666,0.6383,0.6383,0.0392,0.1155,0.0301,/work/Agent_benchmark/CPathAgent/post_eval/TCGA_BRCA_subtype/ROI/roi_overlap_results.csv,True,True
TCGA-OL-A66P-01Z-00-DX1.5ADD0D6D-37C6-4BC9-8C2B-64DB18BE99B3,CPathAgent,TCGA_BRCA_subtype,0.05,1,False,,0.0,0.0,,,0.0,0.0,0.0,/work/Agent_benchmark/CPathAgent/post_eval/TCGA_BRCA_subtype/ROI/roi_overlap_results.csv,,False
TCGA-S3-AA15-01Z-00-DX2.915A4F90-25CB-4535-99C7-D0D0CFC90412,CPathAgent,TCGA_BRCA_subtype,0.05,13,True,1.0,1.0,0.7565384615384615,1.0,0.7565384615384615,0.7136,0.5826,0.4722,/work/Agent_benchmark/CPathAgent/post_eval/TCGA_BRCA_subtype/ROI/roi_overlap_results.csv,False,True
TCGA-A1-A0SF-01Z-00-DX1.7F252D89-EA78-419F-A969-1B7313D77499,PathAgent,TCGA_BRCA_subtype,0.05,18,True,1.0,1.0,0.6716055555555555,1.0,0.8634928571428572,0.6716,0.1168,0.1105,/work/Agent_benchmark/PathAgent/post_eval/TCGA_BRCA_subtype/ROI/roi_overlap_results.csv,True,True
TCGA-A1-A0SJ-01Z-00-DX1.C196FA66-C376-4016-86BC-3D8E745B3A51,PathAgent,TCGA_BRCA_subtype,0.05,15,True,5.0,0.472,0.03584,0.472,0.26375,0.0358,0.0133,0.0098,/work/Agent_benchmark/PathAgent/post_eval/TCGA_BRCA_subtype/ROI/roi_overlap_results.csv,True,True
TCGA-A2-A0CK-01Z-00-DX1.C3226BD1-11B0-4034-946A-BAB42958CE85,PathAgent,TCGA_BRCA_subtype,0.05,9,False,,0.0098,0.0010888888888888888,,,0.0011,0.0007,0.0004,/work/Agent_benchmark/PathAgent/post_eval/TCGA_BRCA_subtype/ROI/roi_overlap_results.csv,False,True
TCGA-A2-A0CZ-01Z-00-DX1.A433A414-4F1B-4F99-8FD9-E64803F5E042,PathAgent,TCGA_BRCA_subtype,0.05,34,True,1.0,1.0,0.3597911764705883,1.0,0.8736285714285714,0.3453,0.1177,0.0963,/work/Agent_benchmark/PathAgent/post_eval/TCGA_BRCA_subtype/ROI/roi_overlap_results.csv,True,True
TCGA-A2-A0EM-01Z-00-DX1.305CF011-7451-4880-9A5D-AB4432CF53A5,PathAgent,TCGA_BRCA_subtype,0.05,13,False,,0.0,0.0,,,0.0,0.0,0.0,/work/Agent_benchmark/PathAgent/post_eval/TCGA_BRCA_subtype/ROI/roi_overlap_results.csv,True,True
TCGA-A2-A0EW-01Z-00-DX1.F24495CB-63D8-483F-9834-F761E3F16BF0,PathAgent,TCGA_BRCA_subtype,0.05,6,True,1.0,1.0,0.42358333333333337,1.0,0.635375,0.4236,0.0329,0.0315,/work/Agent_benchmark/PathAgent/post_eval/TCGA_BRCA_subtype/ROI/roi_overlap_results.csv,False,True
TCGA-A2-A1FW-01Z-00-DX1.DC2BC5D7-E57B-444E-833F-9A1B6E11DE6D,PathAgent,TCGA_BRCA_subtype,0.05,8,True,2.0,1.0,0.5814,1.0,0.9302400000000001,0.5814,0.0279,0.0274,/work/Agent_benchmark/PathAgent/post_eval/TCGA_BRCA_subtype/ROI/roi_overlap_results.csv,True,True
TCGA-A2-A259-01Z-00-DX1.7289CD72-CB74-41D4-B4AC-4EA5FDFEC666,PathAgent,TCGA_BRCA_subtype,0.05,21,False,,0.0,0.0,,,0.0,0.0,0.0,/work/Agent_benchmark/PathAgent/post_eval/TCGA_BRCA_subtype/ROI/roi_overlap_results.csv,True,True
TCGA-A2-A25A-01Z-00-DX1.6D311E39-9F96-4775-B9DA-8D034D1AD1DC,PathAgent,TCGA_BRCA_subtype,0.05,25,True,1.0,1.0,0.19745200000000002,1.0,0.8174666666666667,0.1975,0.0307,0.0273,/work/Agent_benchmark/PathAgent/post_eval/TCGA_BRCA_subtype/ROI/roi_overlap_results.csv,False,True
TCGA-A2-A3XU-01Z-00-DX1.174A92D4-50B2-4A59-AD31-D5EC5BBF2F65,PathAgent,TCGA_BRCA_subtype,0.05,23,True,6.0,0.7139,0.10465217391304348,0.7139,0.34095714285714285,0.1047,0.0147,0.0131,/work/Agent_benchmark/PathAgent/post_eval/TCGA_BRCA_subtype/ROI/roi_overlap_results.csv,True,True
TCGA-A2-A3XY-01Z-00-DX1.E57FC9BF-411E-4028-AC10-8BCA5D0C8472,PathAgent,TCGA_BRCA_subtype,0.05,9,True,8.0,0.3851,0.043055555555555555,0.3851,0.3851,0.0431,0.0033,0.0031,/work/Agent_benchmark/PathAgent/post_eval/TCGA_BRCA_subtype/ROI/roi_overlap_results.csv,True,True
TCGA-A7-A0CJ-01Z-00-DX2.4B591117-5FC9-4B43-8A45-444CCCABC666,PathAgent,TCGA_BRCA_subtype,0.05,5,True,4.0,0.8928,0.17856,0.8928,0.8928,0.1786,0.0407,0.0343,/work/Agent_benchmark/PathAgent/post_eval/TCGA_BRCA_subtype/ROI/roi_overlap_results.csv,True,True
TCGA-A7-A13G-01Z-00-DX1.C258C545-8C1F-41D4-846F-962A746CBDFB,PathAgent,TCGA_BRCA_subtype,0.05,1,False,,0.0,0.0,,,0.0,0.0,0.0,/work/Agent_benchmark/PathAgent/post_eval/TCGA_BRCA_subtype/ROI/roi_overlap_results.csv,True,True
TCGA-A7-A13H-01Z-00-DX2.6C937651-4D3E-475D-99F6-4A9FD25CD48B,PathAgent,TCGA_BRCA_subtype,0.05,4,False,,0.0,0.0,,,0.0,0.0,0.0,/work/Agent_benchmark/PathAgent/post_eval/TCGA_BRCA_subtype/ROI/roi_overlap_results.csv,False,True
TCGA-A8-A07U-01Z-00-DX1.69D356C3-C7FC-47E9-B753-BE421263343F,PathAgent,TCGA_BRCA_subtype,0.05,8,True,2.0,1.0,0.3909,1.0,0.62382,0.3909,0.0548,0.0504,/work/Agent_benchmark/PathAgent/post_eval/TCGA_BRCA_subtype/ROI/roi_overlap_results.csv,False,True
TCGA-A8-A08R-01Z-00-DX1.72FBD9A3-5EB9-4855-89EB-697883C2EA9B,PathAgent,TCGA_BRCA_subtype,0.05,1,True,1.0,0.5483,0.5483,0.5483,0.5483,0.5483,0.0566,0.0541,/work/Agent_benchmark/PathAgent/post_eval/TCGA_BRCA_subtype/ROI/roi_overlap_results.csv,True,True
TCGA-A8-A097-01Z-00-DX1.4D06990E-E759-40F0-9106-59408CF350E5,PathAgent,TCGA_BRCA_subtype,0.05,6,True,1.0,1.0,0.94335,1.0,0.94335,0.9433,0.0994,0.0988,/work/Agent_benchmark/PathAgent/post_eval/TCGA_BRCA_subtype/ROI/roi_overlap_results.csv,True,True
TCGA-A8-A09Q-01Z-00-DX1.C7240AFB-5971-4577-812C-A255C249001A,PathAgent,TCGA_BRCA_subtype,0.05,3,True,1.0,0.8131,0.5969000000000001,0.8131,0.5969000000000001,0.5969,0.0629,0.0604,/work/Agent_benchmark/PathAgent/post_eval/TCGA_BRCA_subtype/ROI/roi_overlap_results.csv,False,True
TCGA-AC-A2FF-01Z-00-DX1.012DAC86-E05C-44FA-81C2-FE4C754F409C,PathAgent,TCGA_BRCA_subtype,0.05,22,True,13.0,0.0731,0.0033227272727272728,0.0731,0.0731,0.0033,0.008,0.0024,/work/Agent_benchmark/PathAgent/post_eval/TCGA_BRCA_subtype/ROI/roi_overlap_results.csv,False,True
TCGA-AC-A2FG-01Z-00-DX1.0F13DE40-9F7A-42C6-AB3D-02E8521B690A,PathAgent,TCGA_BRCA_subtype,0.05,1,False,,0.0,0.0,,,0.0,0.0,0.0,/work/Agent_benchmark/PathAgent/post_eval/TCGA_BRCA_subtype/ROI/roi_overlap_results.csv,False,True
TCGA-AC-A3TM-01Z-00-DX1.4421EE37-A2CC-4638-AC44-9C26CB09FDC1,PathAgent,TCGA_BRCA_subtype,0.05,15,True,1.0,1.0,0.49072,1.0,0.7347499999999999,0.4907,0.027,0.0262,/work/Agent_benchmark/PathAgent/post_eval/TCGA_BRCA_subtype/ROI/roi_overlap_results.csv,True,True
TCGA-AC-A5XS-01Z-00-DX1.E5F2481E-9314-4B20-84B7-370EF82AF4BB,PathAgent,TCGA_BRCA_subtype,0.05,1,False,,0.0,0.0,,,0.0,0.0,0.0,/work/Agent_benchmark/PathAgent/post_eval/TCGA_BRCA_subtype/ROI/roi_overlap_results.csv,False,True
TCGA-AN-A0XS-01Z-00-DX1.B4D4B73E-2912-4B2E-B18A-FBC35F8160D3,PathAgent,TCGA_BRCA_subtype,0.05,3,True,1.0,0.2569,0.08810000000000001,0.2569,0.2569,0.0881,0.0076,0.0071,/work/Agent_benchmark/PathAgent/post_eval/TCGA_BRCA_subtype/ROI/roi_overlap_results.csv,False,True
TCGA-AN-A0XW-01Z-00-DX1.811E11E7-FA67-46BB-9BC6-1FD0106B789D,PathAgent,TCGA_BRCA_subtype,0.05,1,True,1.0,0.2103,0.2103,0.2103,0.2103,0.2103,0.0209,0.0193,/work/Agent_benchmark/PathAgent/post_eval/TCGA_BRCA_subtype/ROI/roi_overlap_results.csv,True,True
TCGA-AO-A03T-01Z-00-DX1.8B75E203-6DC8-4AC9-A256-6FCB818DA0DD,PathAgent,TCGA_BRCA_subtype,0.05,2,True,2.0,0.1798,0.0899,0.1798,0.1798,0.0899,0.0056,0.0053,/work/Agent_benchmark/PathAgent/post_eval/TCGA_BRCA_subtype/ROI/roi_overlap_results.csv,True,True
TCGA-AO-A0J9-01Z-00-DX1.E37C342B-9B6A-4BEE-B064-A82C3579CC66,PathAgent,TCGA_BRCA_subtype,0.05,3,True,3.0,0.3367,0.11223333333333334,0.3367,0.3367,0.1122,0.0087,0.0082,/work/Agent_benchmark/PathAgent/post_eval/TCGA_BRCA_subtype/ROI/roi_overlap_results.csv,False,True
TCGA-AO-A0JE-01Z-00-DX1.82D33053-E305-47D8-9B02-B55511EBB06D,PathAgent,TCGA_BRCA_subtype,0.05,4,False,,0.0004,0.0001,,,0.0001,0.0,0.0,/work/Agent_benchmark/PathAgent/post_eval/TCGA_BRCA_subtype/ROI/roi_overlap_results.csv,True,True
TCGA-AO-A12D-01Z-00-DX1.BA006BAD-5C6E-4099-BC99-3888E69F506E,PathAgent,TCGA_BRCA_subtype,0.05,10,True,1.0,1.0,0.45267999999999997,1.0,0.56585,0.4527,0.0672,0.0621,/work/Agent_benchmark/PathAgent/post_eval/TCGA_BRCA_subtype/ROI/roi_overlap_results.csv,True,True
TCGA-AQ-A54N-01Z-00-DX1.E53271E9-AFD2-4071-9B1E-CD05F63B8136,PathAgent,TCGA_BRCA_subtype,0.05,15,True,2.0,1.0,0.42262666666666676,1.0,0.576309090909091,0.4226,0.0551,0.0513,/work/Agent_benchmark/PathAgent/post_eval/TCGA_BRCA_subtype/ROI/roi_overlap_results.csv,True,True
TCGA-AQ-A7U7-01Z-00-DX1.AB5629A1-399E-402B-AD3D-DAF9F97D8300,PathAgent,TCGA_BRCA_subtype,0.05,14,False,,0.0,0.0,,,0.0,0.0,0.0,/work/Agent_benchmark/PathAgent/post_eval/TCGA_BRCA_subtype/ROI/roi_overlap_results.csv,False,True
TCGA-AR-A0TP-01Z-00-DX1.58E6A3A6-D1D7-4AE5-87A5-E823F04CBB2F,PathAgent,TCGA_BRCA_subtype,0.05,19,True,2.0,0.7088,0.10049999999999999,0.7088,0.26899999999999996,0.1005,0.0113,0.0103,/work/Agent_benchmark/PathAgent/post_eval/TCGA_BRCA_subtype/ROI/roi_overlap_results.csv,True,True
TCGA-AR-A0U3-01Z-00-DX1.9BB87F9D-459F-4A18-B591-29822EA5AE18,PathAgent,TCGA_BRCA_subtype,0.05,19,True,8.0,1.0,0.21342105263157893,1.0,0.5740999999999999,0.2134,0.0136,0.0129,/work/Agent_benchmark/PathAgent/post_eval/TCGA_BRCA_subtype/ROI/roi_overlap_results.csv,False,True
TCGA-AR-A1AU-01Z-00-DX1.F06647D1-E5A3-46FE-8537-01A10A08A4EC,PathAgent,TCGA_BRCA_subtype,0.05,29,True,2.0,1.0,0.4821206896551724,1.0,0.7358684210526316,0.4821,0.0746,0.0691,/work/Agent_benchmark/PathAgent/post_eval/TCGA_BRCA_subtype/ROI/roi_overlap_results.csv,True,True
TCGA-AR-A24S-01Z-00-DX1.317C3B19-0D0F-4315-AC2D-C741F09DD775,PathAgent,TCGA_BRCA_subtype,0.05,16,True,1.0,1.0,0.68376875,1.0,0.7814500000000001,0.6838,0.1419,0.1332,/work/Agent_benchmark/PathAgent/post_eval/TCGA_BRCA_subtype/ROI/roi_overlap_results.csv,True,True
TCGA-AR-A255-01Z-00-DX1.E67C081D-50C9-451C-814B-F097B2671300,PathAgent,TCGA_BRCA_subtype,0.05,5,True,4.0,0.3005,0.0601,0.3005,0.3005,0.0601,0.0134,0.0111,/work/Agent_benchmark/PathAgent/post_eval/TCGA_BRCA_subtype/ROI/roi_overlap_results.csv,True,True
TCGA-B6-A0RO-01Z-00-DX1.3ADBFF05-92CE-41B5-BD49-CB3CE5B74CC9,PathAgent,TCGA_BRCA_subtype,0.05,25,True,16.0,0.4637,0.018548,0.4637,0.4637,0.0185,0.0028,0.0025,/work/Agent_benchmark/PathAgent/post_eval/TCGA_BRCA_subtype/ROI/roi_overlap_results.csv,True,True
TCGA-B6-A0WV-01Z-00-DX1.A8B9E114-A8CF-4389-B47C-2E1B842F7FF9,PathAgent,TCGA_BRCA_subtype,0.05,29,True,1.0,1.0,1.0,1.0,1.0,1.0,0.136,0.136,/work/Agent_benchmark/PathAgent/post_eval/TCGA_BRCA_subtype/ROI/roi_overlap_results.csv,True,True
TCGA-B6-A0WZ-01Z-00-DX1.6CFB236E-36F5-43D6-8DE3-C4ECBD3C14C6,PathAgent,TCGA_BRCA_subtype,0.05,17,True,1.0,1.0,0.9044588235294118,1.0,0.9044588235294118,0.9045,0.1756,0.1724,/work/Agent_benchmark/PathAgent/post_eval/TCGA_BRCA_subtype/ROI/roi_overlap_results.csv,True,True
TCGA-BH-A0AZ-01Z-00-DX1.E20051E8-DEEF-48E5-B519-40777DDBC96B,PathAgent,TCGA_BRCA_subtype,0.05,23,True,2.0,1.0,0.2960304347826087,1.0,0.6118818181818182,0.296,0.047,0.0423,/work/Agent_benchmark/PathAgent/post_eval/TCGA_BRCA_subtype/ROI/roi_overlap_results.csv,False,True
TCGA-BH-A0BQ-01Z-00-DX1.F5C6386B-BB2C-49DF-B3B8-6C4B80D060D4,PathAgent,TCGA_BRCA_subtype,0.05,18,False,,0.0,0.0,,,0.0,0.0,0.0,/work/Agent_benchmark/PathAgent/post_eval/TCGA_BRCA_subtype/ROI/roi_overlap_results.csv,True,True
TCGA-BH-A0BT-01Z-00-DX1.9087B9E7-C0CD-4179-AF57-AD9255785169,PathAgent,TCGA_BRCA_subtype,0.05,11,True,4.0,1.0,0.4472,1.0,0.8198666666666666,0.4472,0.0323,0.0311,/work/Agent_benchmark/PathAgent/post_eval/TCGA_BRCA_subtype/ROI/roi_overlap_results.csv,False,True
TCGA-BH-A0BV-01Z-00-DX1.3C9CD4F7-A001-430D-AA8D-80CAD61C344E,PathAgent,TCGA_BRCA_subtype,0.05,25,True,1.0,1.0,0.7480239999999999,1.0,0.8500272727272726,0.748,0.0883,0.0858,/work/Agent_benchmark/PathAgent/post_eval/TCGA_BRCA_subtype/ROI/roi_overlap_results.csv,True,True
TCGA-BH-A0DD-01Z-00-DX1.2242DD1F-0B7C-4B43-A7A9-8130D2BDEE78,PathAgent,TCGA_BRCA_subtype,0.05,11,True,1.0,0.1849,0.01680909090909091,0.1849,0.1849,0.0168,0.0013,0.0012,/work/Agent_benchmark/PathAgent/post_eval/TCGA_BRCA_subtype/ROI/roi_overlap_results.csv,True,True
TCGA-BH-A0DK-01Z-00-DX1.0CFED53C-BAD9-4E35-B12F-57E64F3FEF1C,PathAgent,TCGA_BRCA_subtype,0.05,21,True,1.0,1.0,0.7042142857142858,1.0,0.9242812499999999,0.7042,0.1064,0.1019,/work/Agent_benchmark/PathAgent/post_eval/TCGA_BRCA_subtype/ROI/roi_overlap_results.csv,True,True
TCGA-BH-A0EA-01Z-00-DX1.85FF2B48-2AF7-4C15-A7E6-FCA68CAB76C7,PathAgent,TCGA_BRCA_subtype,0.05,18,True,1.0,1.0,0.467788888888889,1.0,0.7016833333333334,0.4678,0.2405,0.1888,/work/Agent_benchmark/PathAgent/post_eval/TCGA_BRCA_subtype/ROI/roi_overlap_results.csv,True,True
TCGA-BH-A0EE-01Z-00-DX1.872EA586-25C8-4835-A138-152DFA1EBF30,PathAgent,TCGA_BRCA_subtype,0.05,29,True,13.0,0.0862,0.002972413793103448,0.0862,0.0862,0.003,0.0003,0.0003,/work/Agent_benchmark/PathAgent/post_eval/TCGA_BRCA_subtype/ROI/roi_overlap_results.csv,False,True
TCGA-BH-A0HX-01Z-00-DX1.44EBA39E-383D-4820-915E-4E5FDA1D43DA,PathAgent,TCGA_BRCA_subtype,0.05,13,True,2.0,0.4342,0.04376923076923077,0.4342,0.2845,0.0438,0.0038,0.0035,/work/Agent_benchmark/PathAgent/post_eval/TCGA_BRCA_subtype/ROI/roi_overlap_results.csv,True,True
TCGA-BH-A202-01Z-00-DX1.8CECDB74-5E6F-4CE8-B52C-A89E574F38FB,PathAgent,TCGA_BRCA_subtype,0.05,14,True,3.0,1.0,0.2677785714285715,1.0,0.7497800000000001,0.2678,0.0269,0.025,/work/Agent_benchmark/PathAgent/post_eval/TCGA_BRCA_subtype/ROI/roi_overlap_results.csv,True,True
TCGA-BH-A42U-01Z-00-DX1.130D060A-3DD8-407E-B8B0-EBBF743491AE,PathAgent,TCGA_BRCA_subtype,0.05,35,True,1.0,1.0,0.20941142857142855,1.0,0.6625454545454545,0.2094,0.0402,0.0349,/work/Agent_benchmark/PathAgent/post_eval/TCGA_BRCA_subtype/ROI/roi_overlap_results.csv,False,True
TCGA-BH-A5IZ-01Z-00-DX1.6C871030-82E1-463E-A67B-976A5F3DCDB2,PathAgent,TCGA_BRCA_subtype,0.05,15,False,,0.0,0.0,,,0.0,0.0,0.0,/work/Agent_benchmark/PathAgent/post_eval/TCGA_BRCA_subtype/ROI/roi_overlap_results.csv,False,True
TCGA-C8-A135-01Z-00-DX1.B69A605E-B577-4F43-9471-2C95312B05D9,PathAgent,TCGA_BRCA_subtype,0.05,12,True,7.0,1.0,0.17715,1.0,0.7086,0.1771,0.0108,0.0103,/work/Agent_benchmark/PathAgent/post_eval/TCGA_BRCA_subtype/ROI/roi_overlap_results.csv,True,True
TCGA-C8-A3M7-01Z-00-DX1.846C75F1-2E7E-44F7-B21F-C246141558FA,PathAgent,TCGA_BRCA_subtype,0.05,29,True,10.0,1.0,0.35088620689655176,1.0,0.8463416666666667,0.3509,0.0481,0.0441,/work/Agent_benchmark/PathAgent/post_eval/TCGA_BRCA_subtype/ROI/roi_overlap_results.csv,False,True
TCGA-C8-A8HR-01Z-00-DX1.8E841CA8-1CE2-4242-AC5A-3247075CF8F4,PathAgent,TCGA_BRCA_subtype,0.05,4,True,1.0,0.8287,0.5848,0.8287,0.5848,0.5848,0.0273,0.0268,/work/Agent_benchmark/PathAgent/post_eval/TCGA_BRCA_subtype/ROI/roi_overlap_results.csv,False,True
TCGA-D8-A13Z-01Z-00-DX1.517140BB-D34C-42F8-952C-340EF16D382F,PathAgent,TCGA_BRCA_subtype,0.05,25,True,1.0,1.0,0.6833119999999999,1.0,0.7427304347826087,0.6833,0.1569,0.1462,/work/Agent_benchmark/PathAgent/post_eval/TCGA_BRCA_subtype/ROI/roi_overlap_results.csv,True,True
TCGA-D8-A140-01Z-00-DX2.0C0A62BB-1FB8-47D8-8FAF-112D221F18BE,PathAgent,TCGA_BRCA_subtype,0.05,7,True,1.0,0.4453,0.16047142857142857,0.4453,0.37443333333333334,0.1605,0.025,0.0221,/work/Agent_benchmark/PathAgent/post_eval/TCGA_BRCA_subtype/ROI/roi_overlap_results.csv,True,True
TCGA-D8-A1JB-01Z-00-DX1.6CF48257-066C-4B8C-91AA-30A6B4AD4307,PathAgent,TCGA_BRCA_subtype,0.05,26,True,15.0,0.119,0.0045769230769230765,0.119,0.119,0.0046,0.0012,0.001,/work/Agent_benchmark/PathAgent/post_eval/TCGA_BRCA_subtype/ROI/roi_overlap_results.csv,True,True
TCGA-D8-A1JK-01Z-00-DX1.3190C919-A403-460D-9F6C-D2AB5FD3FD05,PathAgent,TCGA_BRCA_subtype,0.05,36,True,20.0,0.5714,0.02974722222222222,0.5714,0.53545,0.0305,0.0096,0.0074,/work/Agent_benchmark/PathAgent/post_eval/TCGA_BRCA_subtype/ROI/roi_overlap_results.csv,True,True
TCGA-D8-A1JL-01Z-00-DX1.FE3F0C6B-F98A-4036-BF9A-25A8CC66B1FD,PathAgent,TCGA_BRCA_subtype,0.05,21,True,3.0,1.0,0.16409047619047618,1.0,0.68766,0.1641,0.0209,0.0189,/work/Agent_benchmark/PathAgent/post_eval/TCGA_BRCA_subtype/ROI/roi_overlap_results.csv,True,True
TCGA-D8-A1XL-01Z-00-DX1.FDF07020-8F40-4C00-9023-E5F40E0D8A7C,PathAgent,TCGA_BRCA_subtype,0.05,16,True,4.0,0.4802,0.046525,0.4802,0.3722,0.0465,0.0096,0.008,/work/Agent_benchmark/PathAgent/post_eval/TCGA_BRCA_subtype/ROI/roi_overlap_results.csv,True,True
TCGA-D8-A1XZ-01Z-00-DX1.8E51A61D-B01C-4A52-8F5D-44D2ABCA46FC,PathAgent,TCGA_BRCA_subtype,0.05,10,True,1.0,0.2799,0.027989999999999998,0.2799,0.2799,0.028,0.006,0.0049,/work/Agent_benchmark/PathAgent/post_eval/TCGA_BRCA_subtype/ROI/roi_overlap_results.csv,True,True
TCGA-D8-A1Y1-01Z-00-DX1.477390C8-2141-4ADD-813E-25220D2A71FC,PathAgent,TCGA_BRCA_subtype,0.05,38,True,29.0,1.0,0.11502894736842106,1.0,0.721,0.115,0.029,0.0237,/work/Agent_benchmark/PathAgent/post_eval/TCGA_BRCA_subtype/ROI/roi_overlap_results.csv,True,True
TCGA-D8-A27M-01Z-00-DX1.3020D223-2400-4A2D-8BFE-08A5B78FE13B,PathAgent,TCGA_BRCA_subtype,0.05,20,True,17.0,0.2983,0.014915000000000001,0.2983,0.2983,0.0149,0.0035,0.0028,/work/Agent_benchmark/PathAgent/post_eval/TCGA_BRCA_subtype/ROI/roi_overlap_results.csv,False,True
TCGA-D8-A27N-01Z-00-DX1.85613A4F-1FFB-4091-B925-8E8A7C7A6D95,PathAgent,TCGA_BRCA_subtype,0.05,9,True,8.0,0.2244,0.02493333333333333,0.2244,0.2244,0.0249,0.004,0.0035,/work/Agent_benchmark/PathAgent/post_eval/TCGA_BRCA_subtype/ROI/roi_overlap_results.csv,True,True
TCGA-D8-A27V-01Z-00-DX1.F937C53B-0B55-4271-843E-2C28F72CF28E,PathAgent,TCGA_BRCA_subtype,0.05,40,True,5.0,1.0,0.274085,1.0,0.8404999999999999,0.2741,0.1037,0.0813,/work/Agent_benchmark/PathAgent/post_eval/TCGA_BRCA_subtype/ROI/roi_overlap_results.csv,False,True
TCGA-D8-A3Z5-01Z-00-DX1.4DBF937F-623C-4212-8493-ECE3C8F555E3,PathAgent,TCGA_BRCA_subtype,0.05,16,True,1.0,1.0,0.8450249999999999,1.0,0.90136,0.845,0.0485,0.0481,/work/Agent_benchmark/PathAgent/post_eval/TCGA_BRCA_subtype/ROI/roi_overlap_results.csv,False,True
TCGA-D8-A3Z6-01Z-00-DX1.4076A770-5901-4325-85C3-AF7B192272F5,PathAgent,TCGA_BRCA_subtype,0.05,18,True,1.0,0.7718,0.20129999999999998,0.7718,0.4512625,0.2013,0.028,0.0252,/work/Agent_benchmark/PathAgent/post_eval/TCGA_BRCA_subtype/ROI/roi_overlap_results.csv,True,True
TCGA-D8-A73U-01Z-00-DX2.91F571C8-303C-463D-952C-263FAA5097DF,PathAgent,TCGA_BRCA_subtype,0.05,2,False,,0.0,0.0,,,0.0,0.0,0.0,/work/Agent_benchmark/PathAgent/post_eval/TCGA_BRCA_subtype/ROI/roi_overlap_results.csv,False,True
TCGA-E2-A105-01Z-00-DX1.192813F9-2D7B-40C7-88D9-BFA939D43FEE,PathAgent,TCGA_BRCA_subtype,0.05,16,False,,0.0,0.0,,,0.0,0.0,0.0,/work/Agent_benchmark/PathAgent/post_eval/TCGA_BRCA_subtype/ROI/roi_overlap_results.csv,True,True
TCGA-E2-A14P-01Z-00-DX1.663B02FF-C64B-41A6-8685-FD61CD76F9C6,PathAgent,TCGA_BRCA_subtype,0.05,24,True,8.0,0.4984,0.033091666666666665,0.4984,0.3971,0.0331,0.0055,0.0047,/work/Agent_benchmark/PathAgent/post_eval/TCGA_BRCA_subtype/ROI/roi_overlap_results.csv,True,True
TCGA-E2-A15E-06Z-00-DX1.D394A007-91A2-4445-9B4A-1629EE684A51,PathAgent,TCGA_BRCA_subtype,0.05,14,True,3.0,0.2939,0.02579285714285714,0.2939,0.18055,0.0258,0.0054,0.0045,/work/Agent_benchmark/PathAgent/post_eval/TCGA_BRCA_subtype/ROI/roi_overlap_results.csv,True,True
TCGA-E9-A1N6-01Z-00-DX1.C0E8FFDC-2614-4DBF-B51E-4646A3919911,PathAgent,TCGA_BRCA_subtype,0.05,11,True,5.0,0.7893,0.07175454545454546,0.7893,0.7893,0.0718,0.0068,0.0062,/work/Agent_benchmark/PathAgent/post_eval/TCGA_BRCA_subtype/ROI/roi_overlap_results.csv,False,True
TCGA-E9-A1RA-01Z-00-DX1.E1C527C3-EDF2-442A-80FE-3E3AFBC5EF5A,PathAgent,TCGA_BRCA_subtype,0.05,11,True,6.0,0.7113,0.06503636363636364,0.7113,0.7113,0.065,0.0208,0.016,/work/Agent_benchmark/PathAgent/post_eval/TCGA_BRCA_subtype/ROI/roi_overlap_results.csv,True,True
TCGA-E9-A1RE-01Z-00-DX1.fd100503-ba95-4af8-8e59-689b2cea145c,PathAgent,TCGA_BRCA_subtype,0.05,11,False,,0.0204,0.0026363636363636363,,,0.0026,0.0002,0.0002,/work/Agent_benchmark/PathAgent/post_eval/TCGA_BRCA_subtype/ROI/roi_overlap_results.csv,True,True
TCGA-E9-A227-01Z-00-DX1.823062BF-3444-489B-AF91-AAD4ECAA1DC7,PathAgent,TCGA_BRCA_subtype,0.05,8,True,1.0,1.0,0.917125,1.0,0.917125,0.9171,0.0957,0.0948,/work/Agent_benchmark/PathAgent/post_eval/TCGA_BRCA_subtype/ROI/roi_overlap_results.csv,True,True
TCGA-E9-A22H-01Z-00-DX1.0ee39fd1-b077-40ea-bd0d-8a3db474fdd5,PathAgent,TCGA_BRCA_subtype,0.05,19,True,1.0,1.0,0.6102473684210526,1.0,0.8281928571428573,0.6102,0.0925,0.0874,/work/Agent_benchmark/PathAgent/post_eval/TCGA_BRCA_subtype/ROI/roi_overlap_results.csv,True,True
TCGA-E9-A2JS-01Z-00-DX1.445BA2F8-3A4A-49D2-8D41-4ACFD32F2074,PathAgent,TCGA_BRCA_subtype,0.05,21,True,1.0,1.0,0.9091095238095238,1.0,0.954565,0.9091,0.0978,0.0968,/work/Agent_benchmark/PathAgent/post_eval/TCGA_BRCA_subtype/ROI/roi_overlap_results.csv,False,True
TCGA-EW-A1IY-01Z-00-DX1.3FD00274-C2CD-491A-915B-23FD535A4723,PathAgent,TCGA_BRCA_subtype,0.05,25,True,1.0,1.0,0.520256,1.0,0.9289000000000002,0.5203,0.0982,0.09,/work/Agent_benchmark/PathAgent/post_eval/TCGA_BRCA_subtype/ROI/roi_overlap_results.csv,True,True
TCGA-EW-A1P7-01Z-00-DX1.97575C9F-C318-45A5-A4B7-1A902B93FA3F,PathAgent,TCGA_BRCA_subtype,0.05,31,True,24.0,1.0,0.06451612903225806,1.0,1.0,0.0645,0.0317,0.0217,/work/Agent_benchmark/PathAgent/post_eval/TCGA_BRCA_subtype/ROI/roi_overlap_results.csv,False,True
TCGA-EW-A1PF-01Z-00-DX1.9420D058-65CE-4DF8-815F-EB407003096E,PathAgent,TCGA_BRCA_subtype,0.05,20,False,,0.0,0.0,,,0.0,0.0,0.0,/work/Agent_benchmark/PathAgent/post_eval/TCGA_BRCA_subtype/ROI/roi_overlap_results.csv,False,True
TCGA-GM-A2D9-01Z-00-DX1.AF4BF2DD-05FB-400B-A1BC-6E7C9B9DDF05,PathAgent,TCGA_BRCA_subtype,0.05,31,True,10.0,1.0,0.324016129032258,1.0,0.9131363636363637,0.324,0.0713,0.0621,/work/Agent_benchmark/PathAgent/post_eval/TCGA_BRCA_subtype/ROI/roi_overlap_results.csv,True,True
TCGA-LL-A442-01Z-00-DX1.9275EDBD-1C89-4AF3-B02B-19F613A4E083,PathAgent,TCGA_BRCA_subtype,0.05,15,False,,0.0,0.0,,,0.0,0.0,0.0,/work/Agent_benchmark/PathAgent/post_eval/TCGA_BRCA_subtype/ROI/roi_overlap_results.csv,True,True
TCGA-LL-A5YP-01Z-00-DX1.ADA978DF-6625-4C4D-AE0C-F589B2BA4897,PathAgent,TCGA_BRCA_subtype,0.05,11,False,,0.0262,0.002381818181818182,,,0.0024,0.0003,0.0002,/work/Agent_benchmark/PathAgent/post_eval/TCGA_BRCA_subtype/ROI/roi_overlap_results.csv,True,True
TCGA-LL-A7T0-01Z-00-DX1.B03BBA63-ACF4-4BCA-9F2B-F631F0C6A25C,PathAgent,TCGA_BRCA_subtype,0.05,39,True,1.0,1.0,0.9922846153846154,1.0,0.9922846153846154,0.9923,0.1231,0.123,/work/Agent_benchmark/PathAgent/post_eval/TCGA_BRCA_subtype/ROI/roi_overlap_results.csv,True,True
TCGA-OL-A5RX-01Z-00-DX1.15A0D4F4-2744-4D44-8883-27FF83D9C824,PathAgent,TCGA_BRCA_subtype,0.05,1,True,1.0,0.4391,0.4391,0.4391,0.4391,0.4391,0.0389,0.0371,/work/Agent_benchmark/PathAgent/post_eval/TCGA_BRCA_subtype/ROI/roi_overlap_results.csv,False,True
TCGA-OL-A66P-01Z-00-DX1.5ADD0D6D-37C6-4BC9-8C2B-64DB18BE99B3,PathAgent,TCGA_BRCA_subtype,0.05,26,False,,0.0,0.0,,,0.0,0.0,0.0,/work/Agent_benchmark/PathAgent/post_eval/TCGA_BRCA_subtype/ROI/roi_overlap_results.csv,True,True
TCGA-S3-AA15-01Z-00-DX2.915A4F90-25CB-4535-99C7-D0D0CFC90412,PathAgent,TCGA_BRCA_subtype,0.05,22,True,5.0,0.9892,0.19603181818181817,0.9892,0.3919727272727273,0.1967,0.0244,0.0222,/work/Agent_benchmark/PathAgent/post_eval/TCGA_BRCA_subtype/ROI/roi_overlap_results.csv,True,True
TCGA-A1-A0SF-01Z-00-DX1.7F252D89-EA78-419F-A969-1B7313D77499,Pathology-CoT,TCGA_BRCA_subtype,0.05,8,True,1.0,1.0,0.7526999999999999,1.0,0.8602285714285713,0.7961,0.0569,0.0561,/work/Agent_benchmark/Pathology-CoT/post_eval/TCGA_BRCA_subtype/ROI/roi_overlap_results.csv,True,True
TCGA-A1-A0SJ-01Z-00-DX1.C196FA66-C376-4016-86BC-3D8E745B3A51,Pathology-CoT,TCGA_BRCA_subtype,0.05,2,True,2.0,0.9453,0.47265,0.9453,0.9453,0.5464,0.0679,0.0642,/work/Agent_benchmark/Pathology-CoT/post_eval/TCGA_BRCA_subtype/ROI/roi_overlap_results.csv,True,True
TCGA-A2-A0CK-01Z-00-DX1.C3226BD1-11B0-4034-946A-BAB42958CE85,Pathology-CoT,TCGA_BRCA_subtype,0.05,4,True,4.0,1.0,0.25,1.0,1.0,0.2967,0.0449,0.0406,/work/Agent_benchmark/Pathology-CoT/post_eval/TCGA_BRCA_subtype/ROI/roi_overlap_results.csv,True,True
TCGA-A2-A0CZ-01Z-00-DX1.A433A414-4F1B-4F99-8FD9-E64803F5E042,Pathology-CoT,TCGA_BRCA_subtype,0.05,1,True,1.0,1.0,1.0,1.0,1.0,1.0,0.037,0.037,/work/Agent_benchmark/Pathology-CoT/post_eval/TCGA_BRCA_subtype/ROI/roi_overlap_results.csv,False,True
TCGA-A2-A0EM-01Z-00-DX1.305CF011-7451-4880-9A5D-AB4432CF53A5,Pathology-CoT,TCGA_BRCA_subtype,0.05,10,True,2.0,1.0,0.36058999999999997,1.0,0.7211799999999999,0.2516,0.0932,0.073,/work/Agent_benchmark/Pathology-CoT/post_eval/TCGA_BRCA_subtype/ROI/roi_overlap_results.csv,True,True
TCGA-A2-A0EW-01Z-00-DX1.F24495CB-63D8-483F-9834-F761E3F16BF0,Pathology-CoT,TCGA_BRCA_subtype,0.05,1,False,,0.0,0.0,,,0.0,0.0,0.0,/work/Agent_benchmark/Pathology-CoT/post_eval/TCGA_BRCA_subtype/ROI/roi_overlap_results.csv,True,True
TCGA-A2-A0T6-01Z-00-DX1.207A3883-5B41-40EB-95A1-D64C9610650B,Pathology-CoT,TCGA_BRCA_subtype,0.05,10,True,2.0,1.0,0.55799,1.0,0.9299833333333334,0.6086,0.0468,0.0454,/work/Agent_benchmark/Pathology-CoT/post_eval/TCGA_BRCA_subtype/ROI/roi_overlap_results.csv,False,True
TCGA-A2-A1FW-01Z-00-DX1.DC2BC5D7-E57B-444E-833F-9A1B6E11DE6D,Pathology-CoT,TCGA_BRCA_subtype,0.05,1,True,1.0,1.0,1.0,1.0,1.0,1.0,0.0262,0.0262,/work/Agent_benchmark/Pathology-CoT/post_eval/TCGA_BRCA_subtype/ROI/roi_overlap_results.csv,True,True
TCGA-A2-A1FX-01Z-00-DX1.35B93F3A-9959-4D72-A702-08B27563D24F,Pathology-CoT,TCGA_BRCA_subtype,0.05,10,True,1.0,1.0,0.89445,1.0,0.9938333333333333,0.9357,0.0517,0.0515,/work/Agent_benchmark/Pathology-CoT/post_eval/TCGA_BRCA_subtype/ROI/roi_overlap_results.csv,True,True
TCGA-A2-A259-01Z-00-DX1.7289CD72-CB74-41D4-B4AC-4EA5FDFEC666,Pathology-CoT,TCGA_BRCA_subtype,0.05,2,False,,0.0,0.0,,,0.0,0.0,0.0,/work/Agent_benchmark/Pathology-CoT/post_eval/TCGA_BRCA_subtype/ROI/roi_overlap_results.csv,True,True
TCGA-A2-A25A-01Z-00-DX1.6D311E39-9F96-4775-B9DA-8D034D1AD1DC,Pathology-CoT,TCGA_BRCA_subtype,0.05,10,True,1.0,1.0,0.77827,1.0,0.8647444444444444,0.7536,0.0459,0.0452,/work/Agent_benchmark/Pathology-CoT/post_eval/TCGA_BRCA_subtype/ROI/roi_overlap_results.csv,True,True
TCGA-A2-A3XU-01Z-00-DX1.174A92D4-50B2-4A59-AD31-D5EC5BBF2F65,Pathology-CoT,TCGA_BRCA_subtype,0.05,1,True,1.0,0.9985,0.9985,0.9985,0.9985,0.9985,0.0283,0.0283,/work/Agent_benchmark/Pathology-CoT/post_eval/TCGA_BRCA_subtype/ROI/roi_overlap_results.csv,True,True
TCGA-A2-A3XY-01Z-00-DX1.E57FC9BF-411E-4028-AC10-8BCA5D0C8472,Pathology-CoT,TCGA_BRCA_subtype,0.05,1,True,1.0,1.0,1.0,1.0,1.0,1.0,0.0462,0.0462,/work/Agent_benchmark/Pathology-CoT/post_eval/TCGA_BRCA_subtype/ROI/roi_overlap_results.csv,True,True
TCGA-A7-A0CJ-01Z-00-DX2.4B591117-5FC9-4B43-8A45-444CCCABC666,Pathology-CoT,TCGA_BRCA_subtype,0.05,4,True,2.0,1.0,0.25,1.0,1.0,0.4251,0.0364,0.0347,/work/Agent_benchmark/Pathology-CoT/post_eval/TCGA_BRCA_subtype/ROI/roi_overlap_results.csv,True,True
TCGA-A7-A13G-01Z-00-DX1.C258C545-8C1F-41D4-846F-962A746CBDFB,Pathology-CoT,TCGA_BRCA_subtype,0.05,10,True,1.0,1.0,0.3,1.0,1.0,0.3225,0.0926,0.0776,/work/Agent_benchmark/Pathology-CoT/post_eval/TCGA_BRCA_subtype/ROI/roi_overlap_results.csv,False,True
TCGA-A7-A13H-01Z-00-DX2.6C937651-4D3E-475D-99F6-4A9FD25CD48B,Pathology-CoT,TCGA_BRCA_subtype,0.05,2,False,,0.0099,0.00495,,,0.0065,0.0007,0.0006,/work/Agent_benchmark/Pathology-CoT/post_eval/TCGA_BRCA_subtype/ROI/roi_overlap_results.csv,False,True
TCGA-A8-A07U-01Z-00-DX1.69D356C3-C7FC-47E9-B753-BE421263343F,Pathology-CoT,TCGA_BRCA_subtype,0.05,3,True,2.0,0.6747,0.23039999999999997,0.6747,0.6747,0.2178,0.0105,0.0101,/work/Agent_benchmark/Pathology-CoT/post_eval/TCGA_BRCA_subtype/ROI/roi_overlap_results.csv,True,True
TCGA-A8-A08L-01Z-00-DX1.0FC652B1-336D-4198-93FE-58D2214866D3,Pathology-CoT,TCGA_BRCA_subtype,0.05,1,True,1.0,0.4466,0.4466,0.4466,0.4466,0.4466,0.0077,0.0076,/work/Agent_benchmark/Pathology-CoT/post_eval/TCGA_BRCA_subtype/ROI/roi_overlap_results.csv,True,True
TCGA-A8-A08R-01Z-00-DX1.72FBD9A3-5EB9-4855-89EB-697883C2EA9B,Pathology-CoT,TCGA_BRCA_subtype,0.05,1,True,1.0,0.6352,0.6352,0.6352,0.6352,0.6352,0.0491,0.0477,/work/Agent_benchmark/Pathology-CoT/post_eval/TCGA_BRCA_subtype/ROI/roi_overlap_results.csv,True,True
TCGA-A8-A08Z-01Z-00-DX1.D0AADCA6-C27C-4FB8-89C1-94B5901146E7,Pathology-CoT,TCGA_BRCA_subtype,0.05,1,True,1.0,1.0,1.0,1.0,1.0,1.0,0.0184,0.0184,/work/Agent_benchmark/Pathology-CoT/post_eval/TCGA_BRCA_subtype/ROI/roi_overlap_results.csv,False,True
TCGA-A8-A097-01Z-00-DX1.4D06990E-E759-40F0-9106-59408CF350E5,Pathology-CoT,TCGA_BRCA_subtype,0.05,1,True,1.0,1.0,1.0,1.0,1.0,1.0,0.0174,0.0174,/work/Agent_benchmark/Pathology-CoT/post_eval/TCGA_BRCA_subtype/ROI/roi_overlap_results.csv,True,True
TCGA-A8-A09Q-01Z-00-DX1.C7240AFB-5971-4577-812C-A255C249001A,Pathology-CoT,TCGA_BRCA_subtype,0.05,1,True,1.0,1.0,1.0,1.0,1.0,1.0,0.0079,0.0079,/work/Agent_benchmark/Pathology-CoT/post_eval/TCGA_BRCA_subtype/ROI/roi_overlap_results.csv,False,True
TCGA-AC-A2FF-01Z-00-DX1.012DAC86-E05C-44FA-81C2-FE4C754F409C,Pathology-CoT,TCGA_BRCA_subtype,0.05,2,False,,0.0,0.0,,,0.0,0.0,0.0,/work/Agent_benchmark/Pathology-CoT/post_eval/TCGA_BRCA_subtype/ROI/roi_overlap_results.csv,True,True
TCGA-AC-A2FG-01Z-00-DX1.0F13DE40-9F7A-42C6-AB3D-02E8521B690A,Pathology-CoT,TCGA_BRCA_subtype,0.05,2,False,,0.0,0.0,,,0.0,0.0,0.0,/work/Agent_benchmark/Pathology-CoT/post_eval/TCGA_BRCA_subtype/ROI/roi_overlap_results.csv,True,True
TCGA-AC-A3TM-01Z-00-DX1.4421EE37-A2CC-4638-AC44-9C26CB09FDC1,Pathology-CoT,TCGA_BRCA_subtype,0.05,10,True,1.0,1.0,0.9,1.0,1.0,0.9278,0.0364,0.0363,/work/Agent_benchmark/Pathology-CoT/post_eval/TCGA_BRCA_subtype/ROI/roi_overlap_results.csv,False,True
TCGA-AC-A5XS-01Z-00-DX1.E5F2481E-9314-4B20-84B7-370EF82AF4BB,Pathology-CoT,TCGA_BRCA_subtype,0.05,1,False,,0.0,0.0,,,0.0,0.0,0.0,/work/Agent_benchmark/Pathology-CoT/post_eval/TCGA_BRCA_subtype/ROI/roi_overlap_results.csv,True,True
TCGA-AN-A0XS-01Z-00-DX1.B4D4B73E-2912-4B2E-B18A-FBC35F8160D3,Pathology-CoT,TCGA_BRCA_subtype,0.05,1,True,1.0,1.0,1.0,1.0,1.0,1.0,0.0256,0.0256,/work/Agent_benchmark/Pathology-CoT/post_eval/TCGA_BRCA_subtype/ROI/roi_overlap_results.csv,False,True
TCGA-AN-A0XW-01Z-00-DX1.811E11E7-FA67-46BB-9BC6-1FD0106B789D,Pathology-CoT,TCGA_BRCA_subtype,0.05,6,True,3.0,1.0,0.3926,1.0,0.7852,0.409,0.0487,0.0455,/work/Agent_benchmark/Pathology-CoT/post_eval/TCGA_BRCA_subtype/ROI/roi_overlap_results.csv,False,True
TCGA-AO-A03T-01Z-00-DX1.8B75E203-6DC8-4AC9-A256-6FCB818DA0DD,Pathology-CoT,TCGA_BRCA_subtype,0.05,1,True,1.0,1.0,1.0,1.0,1.0,1.0,0.0144,0.0144,/work/Agent_benchmark/Pathology-CoT/post_eval/TCGA_BRCA_subtype/ROI/roi_overlap_results.csv,True,True
TCGA-AO-A0J9-01Z-00-DX1.E37C342B-9B6A-4BEE-B064-A82C3579CC66,Pathology-CoT,TCGA_BRCA_subtype,0.05,4,True,2.0,1.0,0.5,1.0,1.0,0.2112,0.0325,0.029,/work/Agent_benchmark/Pathology-CoT/post_eval/TCGA_BRCA_subtype/ROI/roi_overlap_results.csv,False,True
TCGA-AO-A0JE-01Z-00-DX1.82D33053-E305-47D8-9B02-B55511EBB06D,Pathology-CoT,TCGA_BRCA_subtype,0.05,10,True,1.0,1.0,0.9517,1.0,0.9517,0.957,0.0789,0.0787,/work/Agent_benchmark/Pathology-CoT/post_eval/TCGA_BRCA_subtype/ROI/roi_overlap_results.csv,True,True
TCGA-AO-A12D-01Z-00-DX1.BA006BAD-5C6E-4099-BC99-3888E69F506E,Pathology-CoT,TCGA_BRCA_subtype,0.05,10,True,1.0,1.0,1.0,1.0,1.0,1.0,0.0824,0.0824,/work/Agent_benchmark/Pathology-CoT/post_eval/TCGA_BRCA_subtype/ROI/roi_overlap_results.csv,True,True
TCGA-AO-A1KP-01Z-00-DX1.612442AB-24E2-489B-9838-7CEE82BCD605,Pathology-CoT,TCGA_BRCA_subtype,0.05,1,True,1.0,1.0,1.0,1.0,1.0,1.0,0.0116,0.0116,/work/Agent_benchmark/Pathology-CoT/post_eval/TCGA_BRCA_subtype/ROI/roi_overlap_results.csv,True,True
TCGA-AQ-A54N-01Z-00-DX1.E53271E9-AFD2-4071-9B1E-CD05F63B8136,Pathology-CoT,TCGA_BRCA_subtype,0.05,8,True,2.0,1.0,0.875,1.0,1.0,0.9214,0.0335,0.0334,/work/Agent_benchmark/Pathology-CoT/post_eval/TCGA_BRCA_subtype/ROI/roi_overlap_results.csv,True,True
TCGA-AQ-A7U7-01Z-00-DX1.AB5629A1-399E-402B-AD3D-DAF9F97D8300,Pathology-CoT,TCGA_BRCA_subtype,0.05,1,False,,0.0,0.0,,,0.0,0.0,0.0,/work/Agent_benchmark/Pathology-CoT/post_eval/TCGA_BRCA_subtype/ROI/roi_overlap_results.csv,False,True
TCGA-AR-A0TP-01Z-00-DX1.58E6A3A6-D1D7-4AE5-87A5-E823F04CBB2F,Pathology-CoT,TCGA_BRCA_subtype,0.05,1,True,1.0,1.0,1.0,1.0,1.0,1.0,0.0117,0.0117,/work/Agent_benchmark/Pathology-CoT/post_eval/TCGA_BRCA_subtype/ROI/roi_overlap_results.csv,True,True
TCGA-AR-A0U3-01Z-00-DX1.9BB87F9D-459F-4A18-B591-29822EA5AE18,Pathology-CoT,TCGA_BRCA_subtype,0.05,10,True,1.0,1.0,1.0,1.0,1.0,1.0,0.0612,0.0612,/work/Agent_benchmark/Pathology-CoT/post_eval/TCGA_BRCA_subtype/ROI/roi_overlap_results.csv,True,True
TCGA-AR-A1AI-01Z-00-DX1.5EF2A589-4284-45CF-BF0C-169E3A85530C,Pathology-CoT,TCGA_BRCA_subtype,0.05,2,True,1.0,1.0,1.0,1.0,1.0,1.0,0.013,0.013,/work/Agent_benchmark/Pathology-CoT/post_eval/TCGA_BRCA_subtype/ROI/roi_overlap_results.csv,,False
TCGA-AR-A1AU-01Z-00-DX1.F06647D1-E5A3-46FE-8537-01A10A08A4EC,Pathology-CoT,TCGA_BRCA_subtype,0.05,1,True,1.0,1.0,1.0,1.0,1.0,1.0,0.0095,0.0095,/work/Agent_benchmark/Pathology-CoT/post_eval/TCGA_BRCA_subtype/ROI/roi_overlap_results.csv,False,True
TCGA-AR-A24S-01Z-00-DX1.317C3B19-0D0F-4315-AC2D-C741F09DD775,Pathology-CoT,TCGA_BRCA_subtype,0.05,5,True,2.0,1.0,0.7517199999999999,1.0,0.93965,0.7326,0.0825,0.08,/work/Agent_benchmark/Pathology-CoT/post_eval/TCGA_BRCA_subtype/ROI/roi_overlap_results.csv,True,True
TCGA-AR-A255-01Z-00-DX1.E67C081D-50C9-451C-814B-F097B2671300,Pathology-CoT,TCGA_BRCA_subtype,0.05,3,True,1.0,1.0,0.6666666666666666,1.0,1.0,0.5065,0.0276,0.0269,/work/Agent_benchmark/Pathology-CoT/post_eval/TCGA_BRCA_subtype/ROI/roi_overlap_results.csv,True,True
TCGA-B6-A0IA-01Z-00-DX1.8A868F0A-6CE2-46A7-AF0C-C5FC5D657D86,Pathology-CoT,TCGA_BRCA_subtype,0.05,1,True,1.0,0.7331,0.7331,0.7331,0.7331,0.7331,0.0373,0.0368,/work/Agent_benchmark/Pathology-CoT/post_eval/TCGA_BRCA_subtype/ROI/roi_overlap_results.csv,,False
TCGA-B6-A0RO-01Z-00-DX1.3ADBFF05-92CE-41B5-BD49-CB3CE5B74CC9,Pathology-CoT,TCGA_BRCA_subtype,0.05,1,True,1.0,1.0,1.0,1.0,1.0,1.0,0.0122,0.0122,/work/Agent_benchmark/Pathology-CoT/post_eval/TCGA_BRCA_subtype/ROI/roi_overlap_results.csv,True,True
TCGA-B6-A0WV-01Z-00-DX1.A8B9E114-A8CF-4389-B47C-2E1B842F7FF9,Pathology-CoT,TCGA_BRCA_subtype,0.05,1,True,1.0,1.0,1.0,1.0,1.0,1.0,0.0245,0.0245,/work/Agent_benchmark/Pathology-CoT/post_eval/TCGA_BRCA_subtype/ROI/roi_overlap_results.csv,False,True
TCGA-B6-A0WZ-01Z-00-DX1.6CFB236E-36F5-43D6-8DE3-C4ECBD3C14C6,Pathology-CoT,TCGA_BRCA_subtype,0.05,7,True,2.0,1.0,0.5697714285714286,1.0,0.9971,0.6886,0.0611,0.0595,/work/Agent_benchmark/Pathology-CoT/post_eval/TCGA_BRCA_subtype/ROI/roi_overlap_results.csv,False,True
TCGA-BH-A0AZ-01Z-00-DX1.E20051E8-DEEF-48E5-B519-40777DDBC96B,Pathology-CoT,TCGA_BRCA_subtype,0.05,10,True,1.0,1.0,0.8,1.0,1.0,0.9466,0.0673,0.067,/work/Agent_benchmark/Pathology-CoT/post_eval/TCGA_BRCA_subtype/ROI/roi_overlap_results.csv,True,True
TCGA-BH-A0BQ-01Z-00-DX1.F5C6386B-BB2C-49DF-B3B8-6C4B80D060D4,Pathology-CoT,TCGA_BRCA_subtype,0.05,10,True,1.0,1.0,0.74474,1.0,0.74474,0.664,0.1482,0.1378,/work/Agent_benchmark/Pathology-CoT/post_eval/TCGA_BRCA_subtype/ROI/roi_overlap_results.csv,True,True
TCGA-BH-A0BT-01Z-00-DX1.9087B9E7-C0CD-4179-AF57-AD9255785169,Pathology-CoT,TCGA_BRCA_subtype,0.05,2,True,2.0,1.0,0.5,1.0,1.0,0.8566,0.0163,0.0163,/work/Agent_benchmark/Pathology-CoT/post_eval/TCGA_BRCA_subtype/ROI/roi_overlap_results.csv,True,True
TCGA-BH-A0BV-01Z-00-DX1.3C9CD4F7-A001-430D-AA8D-80CAD61C344E,Pathology-CoT,TCGA_BRCA_subtype,0.05,3,True,1.0,1.0,1.0,1.0,1.0,1.0,0.0162,0.0162,/work/Agent_benchmark/Pathology-CoT/post_eval/TCGA_BRCA_subtype/ROI/roi_overlap_results.csv,True,True
TCGA-BH-A0DD-01Z-00-DX1.2242DD1F-0B7C-4B43-A7A9-8130D2BDEE78,Pathology-CoT,TCGA_BRCA_subtype,0.05,2,True,1.0,0.8554,0.4288,0.8554,0.8554,0.6336,0.1004,0.0949,/work/Agent_benchmark/Pathology-CoT/post_eval/TCGA_BRCA_subtype/ROI/roi_overlap_results.csv,False,True
TCGA-BH-A0DG-01Z-00-DX1.D3C4F57F-608F-46AA-A978-B558117C9DFB,Pathology-CoT,TCGA_BRCA_subtype,0.05,10,True,1.0,1.0,0.38874000000000003,1.0,0.5552857142857144,0.3692,0.0656,0.059,/work/Agent_benchmark/Pathology-CoT/post_eval/TCGA_BRCA_subtype/ROI/roi_overlap_results.csv,True,True
TCGA-BH-A0DK-01Z-00-DX1.0CFED53C-BAD9-4E35-B12F-57E64F3FEF1C,Pathology-CoT,TCGA_BRCA_subtype,0.05,4,True,1.0,1.0,1.0,1.0,1.0,1.0,0.0677,0.0677,/work/Agent_benchmark/Pathology-CoT/post_eval/TCGA_BRCA_subtype/ROI/roi_overlap_results.csv,True,True
TCGA-BH-A0EA-01Z-00-DX1.85FF2B48-2AF7-4C15-A7E6-FCA68CAB76C7,Pathology-CoT,TCGA_BRCA_subtype,0.05,2,True,1.0,0.3628,0.1814,0.3628,0.3628,0.0847,0.0078,0.0072,/work/Agent_benchmark/Pathology-CoT/post_eval/TCGA_BRCA_subtype/ROI/roi_overlap_results.csv,True,True
TCGA-BH-A0EE-01Z-00-DX1.872EA586-25C8-4835-A138-152DFA1EBF30,Pathology-CoT,TCGA_BRCA_subtype,0.05,1,True,1.0,0.4348,0.4348,0.4348,0.4348,0.4348,0.0056,0.0056,/work/Agent_benchmark/Pathology-CoT/post_eval/TCGA_BRCA_subtype/ROI/roi_overlap_results.csv,True,True
TCGA-BH-A0HL-01Z-00-DX1.972DE96D-51F4-4A2D-B074-8D965023DC01,Pathology-CoT,TCGA_BRCA_subtype,0.05,2,True,2.0,1.0,0.5,1.0,1.0,0.2002,0.0109,0.0105,/work/Agent_benchmark/Pathology-CoT/post_eval/TCGA_BRCA_subtype/ROI/roi_overlap_results.csv,,False
TCGA-BH-A0HX-01Z-00-DX1.44EBA39E-383D-4820-915E-4E5FDA1D43DA,Pathology-CoT,TCGA_BRCA_subtype,0.05,1,True,1.0,1.0,1.0,1.0,1.0,1.0,0.0103,0.0103,/work/Agent_benchmark/Pathology-CoT/post_eval/TCGA_BRCA_subtype/ROI/roi_overlap_results.csv,False,True
TCGA-BH-A202-01Z-00-DX1.8CECDB74-5E6F-4CE8-B52C-A89E574F38FB,Pathology-CoT,TCGA_BRCA_subtype,0.05,10,True,2.0,1.0,0.7,1.0,1.0,0.838,0.131,0.1278,/work/Agent_benchmark/Pathology-CoT/post_eval/TCGA_BRCA_subtype/ROI/roi_overlap_results.csv,True,True
TCGA-BH-A42U-01Z-00-DX1.130D060A-3DD8-407E-B8B0-EBBF743491AE,Pathology-CoT,TCGA_BRCA_subtype,0.05,9,True,4.0,1.0,0.2222222222222222,1.0,1.0,0.27,0.014,0.0135,/work/Agent_benchmark/Pathology-CoT/post_eval/TCGA_BRCA_subtype/ROI/roi_overlap_results.csv,False,True
TCGA-BH-A5IZ-01Z-00-DX1.6C871030-82E1-463E-A67B-976A5F3DCDB2,Pathology-CoT,TCGA_BRCA_subtype,0.05,8,True,5.0,0.3467,0.0509,0.3467,0.2036,0.1749,0.1255,0.0788,/work/Agent_benchmark/Pathology-CoT/post_eval/TCGA_BRCA_subtype/ROI/roi_overlap_results.csv,True,True
TCGA-C8-A135-01Z-00-DX1.B69A605E-B577-4F43-9471-2C95312B05D9,Pathology-CoT,TCGA_BRCA_subtype,0.05,10,True,1.0,1.0,1.0,1.0,1.0,1.0,0.0472,0.0472,/work/Agent_benchmark/Pathology-CoT/post_eval/TCGA_BRCA_subtype/ROI/roi_overlap_results.csv,True,True
TCGA-C8-A1HJ-01Z-00-DX1.745159F1-85E7-4CC0-B088-E1CA91916FB8,Pathology-CoT,TCGA_BRCA_subtype,0.05,1,True,1.0,0.9353,0.9353,0.9353,0.9353,0.9353,0.0118,0.0118,/work/Agent_benchmark/Pathology-CoT/post_eval/TCGA_BRCA_subtype/ROI/roi_overlap_results.csv,True,True
TCGA-C8-A3M7-01Z-00-DX1.846C75F1-2E7E-44F7-B21F-C246141558FA,Pathology-CoT,TCGA_BRCA_subtype,0.05,10,True,1.0,1.0,1.0,1.0,1.0,1.0,0.0442,0.0442,/work/Agent_benchmark/Pathology-CoT/post_eval/TCGA_BRCA_subtype/ROI/roi_overlap_results.csv,True,True
TCGA-C8-A8HR-01Z-00-DX1.8E841CA8-1CE2-4242-AC5A-3247075CF8F4,Pathology-CoT,TCGA_BRCA_subtype,0.05,10,True,1.0,1.0,1.0,1.0,1.0,1.0,0.0472,0.0472,/work/Agent_benchmark/Pathology-CoT/post_eval/TCGA_BRCA_subtype/ROI/roi_overlap_results.csv,False,True
TCGA-D8-A13Z-01Z-00-DX1.517140BB-D34C-42F8-952C-340EF16D382F,Pathology-CoT,TCGA_BRCA_subtype,0.05,9,True,1.0,1.0,0.8048444444444445,1.0,0.8048444444444445,0.8503,0.0875,0.0861,/work/Agent_benchmark/Pathology-CoT/post_eval/TCGA_BRCA_subtype/ROI/roi_overlap_results.csv,True,True
TCGA-D8-A140-01Z-00-DX2.0C0A62BB-1FB8-47D8-8FAF-112D221F18BE,Pathology-CoT,TCGA_BRCA_subtype,0.05,1,False,,0.0,0.0,,,0.0,0.0,0.0,/work/Agent_benchmark/Pathology-CoT/post_eval/TCGA_BRCA_subtype/ROI/roi_overlap_results.csv,True,True
TCGA-D8-A1JB-01Z-00-DX1.6CF48257-066C-4B8C-91AA-30A6B4AD4307,Pathology-CoT,TCGA_BRCA_subtype,0.05,1,True,1.0,0.3392,0.3392,0.3392,0.3392,0.3392,0.0256,0.0243,/work/Agent_benchmark/Pathology-CoT/post_eval/TCGA_BRCA_subtype/ROI/roi_overlap_results.csv,False,True
TCGA-D8-A1JK-01Z-00-DX1.3190C919-A403-460D-9F6C-D2AB5FD3FD05,Pathology-CoT,TCGA_BRCA_subtype,0.05,10,True,2.0,1.0,0.31648,1.0,0.79115,0.3381,0.1432,0.1119,/work/Agent_benchmark/Pathology-CoT/post_eval/TCGA_BRCA_subtype/ROI/roi_overlap_results.csv,True,True
TCGA-D8-A1JL-01Z-00-DX1.FE3F0C6B-F98A-4036-BF9A-25A8CC66B1FD,Pathology-CoT,TCGA_BRCA_subtype,0.05,4,True,1.0,0.4637,0.115925,0.4637,0.4637,0.0507,0.0065,0.0058,/work/Agent_benchmark/Pathology-CoT/post_eval/TCGA_BRCA_subtype/ROI/roi_overlap_results.csv,True,True
TCGA-D8-A1XL-01Z-00-DX1.FDF07020-8F40-4C00-9023-E5F40E0D8A7C,Pathology-CoT,TCGA_BRCA_subtype,0.05,7,True,1.0,1.0,0.9938,1.0,0.9938,0.981,0.2423,0.2411,/work/Agent_benchmark/Pathology-CoT/post_eval/TCGA_BRCA_subtype/ROI/roi_overlap_results.csv,True,True
TCGA-D8-A1XZ-01Z-00-DX1.8E51A61D-B01C-4A52-8F5D-44D2ABCA46FC,Pathology-CoT,TCGA_BRCA_subtype,0.05,1,False,,0.0,0.0,,,0.0,0.0,0.0,/work/Agent_benchmark/Pathology-CoT/post_eval/TCGA_BRCA_subtype/ROI/roi_overlap_results.csv,False,True
TCGA-D8-A1Y1-01Z-00-DX1.477390C8-2141-4ADD-813E-25220D2A71FC,Pathology-CoT,TCGA_BRCA_subtype,0.05,1,True,1.0,1.0,1.0,1.0,1.0,1.0,0.0141,0.0141,/work/Agent_benchmark/Pathology-CoT/post_eval/TCGA_BRCA_subtype/ROI/roi_overlap_results.csv,False,True
TCGA-D8-A27M-01Z-00-DX1.3020D223-2400-4A2D-8BFE-08A5B78FE13B,Pathology-CoT,TCGA_BRCA_subtype,0.05,10,True,1.0,1.0,0.6881800000000001,1.0,0.6881800000000001,0.6272,0.0633,0.061,/work/Agent_benchmark/Pathology-CoT/post_eval/TCGA_BRCA_subtype/ROI/roi_overlap_results.csv,True,True
TCGA-D8-A27N-01Z-00-DX1.85613A4F-1FFB-4091-B925-8E8A7C7A6D95,Pathology-CoT,TCGA_BRCA_subtype,0.05,1,True,1.0,1.0,1.0,1.0,1.0,1.0,0.0633,0.0633,/work/Agent_benchmark/Pathology-CoT/post_eval/TCGA_BRCA_subtype/ROI/roi_overlap_results.csv,True,True
TCGA-D8-A27V-01Z-00-DX1.F937C53B-0B55-4271-843E-2C28F72CF28E,Pathology-CoT,TCGA_BRCA_subtype,0.05,2,False,,0.0,0.0,,,0.0,0.0,0.0,/work/Agent_benchmark/Pathology-CoT/post_eval/TCGA_BRCA_subtype/ROI/roi_overlap_results.csv,False,True
TCGA-D8-A3Z5-01Z-00-DX1.4DBF937F-623C-4212-8493-ECE3C8F555E3,Pathology-CoT,TCGA_BRCA_subtype,0.05,7,True,1.0,1.0,1.0,1.0,1.0,1.0,0.0903,0.0903,/work/Agent_benchmark/Pathology-CoT/post_eval/TCGA_BRCA_subtype/ROI/roi_overlap_results.csv,False,True
TCGA-D8-A3Z6-01Z-00-DX1.4076A770-5901-4325-85C3-AF7B192272F5,Pathology-CoT,TCGA_BRCA_subtype,0.05,10,True,1.0,1.0,0.9919699999999999,1.0,0.9919699999999999,0.9915,0.0688,0.0687,/work/Agent_benchmark/Pathology-CoT/post_eval/TCGA_BRCA_subtype/ROI/roi_overlap_results.csv,False,True
TCGA-D8-A73U-01Z-00-DX2.91F571C8-303C-463D-952C-263FAA5097DF,Pathology-CoT,TCGA_BRCA_subtype,0.05,10,True,3.0,0.9978,0.09978000000000001,0.9978,0.9978,0.0781,0.3417,0.0679,/work/Agent_benchmark/Pathology-CoT/post_eval/TCGA_BRCA_subtype/ROI/roi_overlap_results.csv,False,True
TCGA-E2-A105-01Z-00-DX1.192813F9-2D7B-40C7-88D9-BFA939D43FEE,Pathology-CoT,TCGA_BRCA_subtype,0.05,1,True,1.0,0.9156,0.9156,0.9156,0.9156,0.9156,0.0466,0.0464,/work/Agent_benchmark/Pathology-CoT/post_eval/TCGA_BRCA_subtype/ROI/roi_overlap_results.csv,True,True
TCGA-E2-A14P-01Z-00-DX1.663B02FF-C64B-41A6-8685-FD61CD76F9C6,Pathology-CoT,TCGA_BRCA_subtype,0.05,5,True,1.0,1.0,0.8324000000000001,1.0,0.8324000000000001,0.9107,0.1577,0.1553,/work/Agent_benchmark/Pathology-CoT/post_eval/TCGA_BRCA_subtype/ROI/roi_overlap_results.csv,True,True
TCGA-E2-A15E-06Z-00-DX1.D394A007-91A2-4445-9B4A-1629EE684A51,Pathology-CoT,TCGA_BRCA_subtype,0.05,5,False,,0.0,0.0,,,0.0,0.0,0.0,/work/Agent_benchmark/Pathology-CoT/post_eval/TCGA_BRCA_subtype/ROI/roi_overlap_results.csv,True,True
TCGA-E9-A1N6-01Z-00-DX1.C0E8FFDC-2614-4DBF-B51E-4646A3919911,Pathology-CoT,TCGA_BRCA_subtype,0.05,1,True,1.0,1.0,1.0,1.0,1.0,1.0,0.0109,0.0109,/work/Agent_benchmark/Pathology-CoT/post_eval/TCGA_BRCA_subtype/ROI/roi_overlap_results.csv,True,True
TCGA-E9-A1RA-01Z-00-DX1.E1C527C3-EDF2-442A-80FE-3E3AFBC5EF5A,Pathology-CoT,TCGA_BRCA_subtype,0.05,4,True,1.0,1.0,0.9900249999999999,1.0,0.9900249999999999,0.987,0.0557,0.0556,/work/Agent_benchmark/Pathology-CoT/post_eval/TCGA_BRCA_subtype/ROI/roi_overlap_results.csv,True,True
TCGA-E9-A1RE-01Z-00-DX1.fd100503-ba95-4af8-8e59-689b2cea145c,Pathology-CoT,TCGA_BRCA_subtype,0.05,1,True,1.0,0.1249,0.1249,0.1249,0.1249,0.1249,0.0064,0.0062,/work/Agent_benchmark/Pathology-CoT/post_eval/TCGA_BRCA_subtype/ROI/roi_overlap_results.csv,True,True
TCGA-E9-A227-01Z-00-DX1.823062BF-3444-489B-AF91-AAD4ECAA1DC7,Pathology-CoT,TCGA_BRCA_subtype,0.05,4,True,1.0,1.0,1.0,1.0,1.0,1.0,0.0371,0.0371,/work/Agent_benchmark/Pathology-CoT/post_eval/TCGA_BRCA_subtype/ROI/roi_overlap_results.csv,True,True
TCGA-E9-A22H-01Z-00-DX1.0ee39fd1-b077-40ea-bd0d-8a3db474fdd5,Pathology-CoT,TCGA_BRCA_subtype,0.05,1,True,1.0,1.0,1.0,1.0,1.0,1.0,0.0068,0.0068,/work/Agent_benchmark/Pathology-CoT/post_eval/TCGA_BRCA_subtype/ROI/roi_overlap_results.csv,True,True
TCGA-E9-A2JS-01Z-00-DX1.445BA2F8-3A4A-49D2-8D41-4ACFD32F2074,Pathology-CoT,TCGA_BRCA_subtype,0.05,1,True,1.0,1.0,1.0,1.0,1.0,1.0,0.0116,0.0116,/work/Agent_benchmark/Pathology-CoT/post_eval/TCGA_BRCA_subtype/ROI/roi_overlap_results.csv,False,True
TCGA-EW-A1IY-01Z-00-DX1.3FD00274-C2CD-491A-915B-23FD535A4723,Pathology-CoT,TCGA_BRCA_subtype,0.05,1,False,,0.0,0.0,,,0.0,0.0,0.0,/work/Agent_benchmark/Pathology-CoT/post_eval/TCGA_BRCA_subtype/ROI/roi_overlap_results.csv,True,True
TCGA-EW-A1P7-01Z-00-DX1.97575C9F-C318-45A5-A4B7-1A902B93FA3F,Pathology-CoT,TCGA_BRCA_subtype,0.05,1,False,,0.0,0.0,,,0.0,0.0,0.0,/work/Agent_benchmark/Pathology-CoT/post_eval/TCGA_BRCA_subtype/ROI/roi_overlap_results.csv,False,True
TCGA-EW-A1PF-01Z-00-DX1.9420D058-65CE-4DF8-815F-EB407003096E,Pathology-CoT,TCGA_BRCA_subtype,0.05,10,False,,0.0,0.0,,,0.0,0.0,0.0,/work/Agent_benchmark/Pathology-CoT/post_eval/TCGA_BRCA_subtype/ROI/roi_overlap_results.csv,False,True
TCGA-EW-A2FW-01Z-00-DX1.4F948681-81F3-46C5-A4E8-FDE8A4116F7A,Pathology-CoT,TCGA_BRCA_subtype,0.05,5,True,2.0,1.0,0.4,1.0,1.0,0.9296,0.1085,0.1076,/work/Agent_benchmark/Pathology-CoT/post_eval/TCGA_BRCA_subtype/ROI/roi_overlap_results.csv,,False
TCGA-GM-A2D9-01Z-00-DX1.AF4BF2DD-05FB-400B-A1BC-6E7C9B9DDF05,Pathology-CoT,TCGA_BRCA_subtype,0.05,1,True,1.0,0.8331,0.8331,0.8331,0.8331,0.8331,0.012,0.012,/work/Agent_benchmark/Pathology-CoT/post_eval/TCGA_BRCA_subtype/ROI/roi_overlap_results.csv,True,True
TCGA-LD-A74U-01Z-00-DX1.F3C1EBBB-4AED-49A9-A8D2-B6145E162BE4,Pathology-CoT,TCGA_BRCA_subtype,0.05,1,True,1.0,0.9767,0.9767,0.9767,0.9767,0.9767,0.0278,0.0278,/work/Agent_benchmark/Pathology-CoT/post_eval/TCGA_BRCA_subtype/ROI/roi_overlap_results.csv,,False
TCGA-LL-A442-01Z-00-DX1.9275EDBD-1C89-4AF3-B02B-19F613A4E083,Pathology-CoT,TCGA_BRCA_subtype,0.05,10,True,1.0,1.0,0.84902,1.0,0.84902,0.8319,0.0407,0.0404,/work/Agent_benchmark/Pathology-CoT/post_eval/TCGA_BRCA_subtype/ROI/roi_overlap_results.csv,True,True
TCGA-LL-A5YP-01Z-00-DX1.ADA978DF-6625-4C4D-AE0C-F589B2BA4897,Pathology-CoT,TCGA_BRCA_subtype,0.05,1,True,1.0,1.0,1.0,1.0,1.0,1.0,0.0137,0.0137,/work/Agent_benchmark/Pathology-CoT/post_eval/TCGA_BRCA_subtype/ROI/roi_overlap_results.csv,True,True
TCGA-LL-A7T0-01Z-00-DX1.B03BBA63-ACF4-4BCA-9F2B-F631F0C6A25C,Pathology-CoT,TCGA_BRCA_subtype,0.05,10,True,1.0,1.0,0.98432,1.0,0.98432,0.9911,0.3156,0.3147,/work/Agent_benchmark/Pathology-CoT/post_eval/TCGA_BRCA_subtype/ROI/roi_overlap_results.csv,True,True
TCGA-OL-A5RX-01Z-00-DX1.15A0D4F4-2744-4D44-8883-27FF83D9C824,Pathology-CoT,TCGA_BRCA_subtype,0.05,2,True,1.0,1.0,1.0,1.0,1.0,1.0,0.0359,0.0359,/work/Agent_benchmark/Pathology-CoT/post_eval/TCGA_BRCA_subtype/ROI/roi_overlap_results.csv,True,True
TCGA-OL-A66P-01Z-00-DX1.5ADD0D6D-37C6-4BC9-8C2B-64DB18BE99B3,Pathology-CoT,TCGA_BRCA_subtype,0.05,8,True,2.0,1.0,0.364175,1.0,0.9711333333333334,0.3762,0.0502,0.0463,/work/Agent_benchmark/Pathology-CoT/post_eval/TCGA_BRCA_subtype/ROI/roi_overlap_results.csv,True,True
TCGA-S3-AA15-01Z-00-DX2.915A4F90-25CB-4535-99C7-D0D0CFC90412,Pathology-CoT,TCGA_BRCA_subtype,0.05,8,True,1.0,1.0,0.9463874999999999,1.0,0.9463874999999999,0.9724,0.047,0.047,/work/Agent_benchmark/Pathology-CoT/post_eval/TCGA_BRCA_subtype/ROI/roi_overlap_results.csv,True,True
TCGA-A1-A0SF-01Z-00-DX1.7F252D89-EA78-419F-A969-1B7313D77499,slide_seek,TCGA_BRCA_subtype,0.05,9,True,1.0,1.0,0.30352222222222225,1.0,0.682925,0.3035,0.0202,0.0193,/work/Agent_benchmark/slide_seek/post_eval/TCGA_BRCA_subtype/ROI/roi_overlap_results.csv,False,True
TCGA-A1-A0SJ-01Z-00-DX1.C196FA66-C376-4016-86BC-3D8E745B3A51,slide_seek,TCGA_BRCA_subtype,0.05,48,False,,0.0,0.0,,,0.0,0.0,0.0,/work/Agent_benchmark/slide_seek/post_eval/TCGA_BRCA_subtype/ROI/roi_overlap_results.csv,True,True
TCGA-A2-A0CK-01Z-00-DX1.C3226BD1-11B0-4034-946A-BAB42958CE85,slide_seek,TCGA_BRCA_subtype,0.05,9,True,1.0,1.0,0.2222222222222222,1.0,1.0,0.1254,0.0032,0.0032,/work/Agent_benchmark/slide_seek/post_eval/TCGA_BRCA_subtype/ROI/roi_overlap_results.csv,True,True
TCGA-A2-A0CZ-01Z-00-DX1.A433A414-4F1B-4F99-8FD9-E64803F5E042,slide_seek,TCGA_BRCA_subtype,0.05,34,True,2.0,1.0,0.5043617647058823,1.0,0.9501833333333334,0.5044,0.0084,0.0083,/work/Agent_benchmark/slide_seek/post_eval/TCGA_BRCA_subtype/ROI/roi_overlap_results.csv,False,True
TCGA-A2-A0EM-01Z-00-DX1.305CF011-7451-4880-9A5D-AB4432CF53A5,slide_seek,TCGA_BRCA_subtype,0.05,9,True,1.0,1.0,0.4449111111111111,1.0,1.0,0.34,0.0043,0.0042,/work/Agent_benchmark/slide_seek/post_eval/TCGA_BRCA_subtype/ROI/roi_overlap_results.csv,False,True
TCGA-A2-A0EW-01Z-00-DX1.F24495CB-63D8-483F-9834-F761E3F16BF0,slide_seek,TCGA_BRCA_subtype,0.05,10,True,1.0,1.0,0.7,1.0,1.0,0.52,0.0322,0.0313,/work/Agent_benchmark/slide_seek/post_eval/TCGA_BRCA_subtype/ROI/roi_overlap_results.csv,False,True
TCGA-A2-A0T6-01Z-00-DX1.207A3883-5B41-40EB-95A1-D64C9610650B,slide_seek,TCGA_BRCA_subtype,0.05,30,True,1.0,1.0,0.2586,1.0,0.96975,0.2938,0.0017,0.0017,/work/Agent_benchmark/slide_seek/post_eval/TCGA_BRCA_subtype/ROI/roi_overlap_results.csv,True,True
TCGA-A2-A1FW-01Z-00-DX1.DC2BC5D7-E57B-444E-833F-9A1B6E11DE6D,slide_seek,TCGA_BRCA_subtype,0.05,18,True,2.0,1.0,0.7222222222222222,1.0,1.0,0.6285,0.0243,0.024,/work/Agent_benchmark/slide_seek/post_eval/TCGA_BRCA_subtype/ROI/roi_overlap_results.csv,True,True
TCGA-A2-A1FX-01Z-00-DX1.35B93F3A-9959-4D72-A702-08B27563D24F,slide_seek,TCGA_BRCA_subtype,0.05,27,True,1.0,1.0,0.8073518518518519,1.0,0.90815,0.6657,0.071,0.0686,/work/Agent_benchmark/slide_seek/post_eval/TCGA_BRCA_subtype/ROI/roi_overlap_results.csv,True,True
TCGA-A2-A259-01Z-00-DX1.7289CD72-CB74-41D4-B4AC-4EA5FDFEC666,slide_seek,TCGA_BRCA_subtype,0.05,18,True,1.0,0.0502,0.002788888888888889,0.0502,0.0502,0.0031,0.001,0.0007,/work/Agent_benchmark/slide_seek/post_eval/TCGA_BRCA_subtype/ROI/roi_overlap_results.csv,False,True
TCGA-A2-A25A-01Z-00-DX1.6D311E39-9F96-4775-B9DA-8D034D1AD1DC,slide_seek,TCGA_BRCA_subtype,0.05,5,True,1.0,1.0,1.0,1.0,1.0,1.0,0.0012,0.0012,/work/Agent_benchmark/slide_seek/post_eval/TCGA_BRCA_subtype/ROI/roi_overlap_results.csv,True,True
TCGA-A2-A3XU-01Z-00-DX1.174A92D4-50B2-4A59-AD31-D5EC5BBF2F65,slide_seek,TCGA_BRCA_subtype,0.05,19,True,1.0,1.0,0.2966842105263158,1.0,0.8052857142857143,0.2602,0.022,0.0207,/work/Agent_benchmark/slide_seek/post_eval/TCGA_BRCA_subtype/ROI/roi_overlap_results.csv,False,True
TCGA-A2-A3XY-01Z-00-DX1.E57FC9BF-411E-4028-AC10-8BCA5D0C8472,slide_seek,TCGA_BRCA_subtype,0.05,6,True,2.0,1.0,0.5,1.0,1.0,0.5,0.0198,0.0194,/work/Agent_benchmark/slide_seek/post_eval/TCGA_BRCA_subtype/ROI/roi_overlap_results.csv,True,True
TCGA-A7-A0CJ-01Z-00-DX2.4B591117-5FC9-4B43-8A45-444CCCABC666,slide_seek,TCGA_BRCA_subtype,0.05,4,True,1.0,1.0,0.25,1.0,1.0,0.25,0.0022,0.0022,/work/Agent_benchmark/slide_seek/post_eval/TCGA_BRCA_subtype/ROI/roi_overlap_results.csv,False,True
TCGA-A7-A13G-01Z-00-DX1.C258C545-8C1F-41D4-846F-962A746CBDFB,slide_seek,TCGA_BRCA_subtype,0.05,14,True,1.0,1.0,0.31818571428571424,1.0,0.7347333333333333,0.2792,0.3684,0.1888,/work/Agent_benchmark/slide_seek/post_eval/TCGA_BRCA_subtype/ROI/roi_overlap_results.csv,False,True
TCGA-A7-A13H-01Z-00-DX2.6C937651-4D3E-475D-99F6-4A9FD25CD48B,slide_seek,TCGA_BRCA_subtype,0.05,22,True,1.0,0.1998,0.009081818181818182,0.1998,0.1998,0.0283,0.011,0.008,/work/Agent_benchmark/slide_seek/post_eval/TCGA_BRCA_subtype/ROI/roi_overlap_results.csv,True,True
TCGA-A8-A07U-01Z-00-DX1.69D356C3-C7FC-47E9-B753-BE421263343F,slide_seek,TCGA_BRCA_subtype,0.05,8,True,1.0,1.0,0.61655,1.0,0.7046285714285714,0.4614,0.1408,0.1209,/work/Agent_benchmark/slide_seek/post_eval/TCGA_BRCA_subtype/ROI/roi_overlap_results.csv,False,True
TCGA-A8-A08L-01Z-00-DX1.0FC652B1-336D-4198-93FE-58D2214866D3,slide_seek,TCGA_BRCA_subtype,0.05,23,True,3.0,1.0,0.23838695652173916,1.0,0.453025,0.1704,0.0651,0.0495,/work/Agent_benchmark/slide_seek/post_eval/TCGA_BRCA_subtype/ROI/roi_overlap_results.csv,False,True
TCGA-A8-A08R-01Z-00-DX1.72FBD9A3-5EB9-4855-89EB-697883C2EA9B,slide_seek,TCGA_BRCA_subtype,0.05,9,True,9.0,0.6285,0.0730111111111111,0.6285,0.6285,0.0773,0.2079,0.0597,/work/Agent_benchmark/slide_seek/post_eval/TCGA_BRCA_subtype/ROI/roi_overlap_results.csv,True,True
TCGA-A8-A08Z-01Z-00-DX1.D0AADCA6-C27C-4FB8-89C1-94B5901146E7,slide_seek,TCGA_BRCA_subtype,0.05,24,True,14.0,1.0,0.27910833333333335,1.0,0.9569428571428571,0.0314,0.0165,0.0109,/work/Agent_benchmark/slide_seek/post_eval/TCGA_BRCA_subtype/ROI/roi_overlap_results.csv,False,True
TCGA-A8-A097-01Z-00-DX1.4D06990E-E759-40F0-9106-59408CF350E5,slide_seek,TCGA_BRCA_subtype,0.05,4,True,1.0,1.0,1.0,1.0,1.0,1.0,0.0134,0.0134,/work/Agent_benchmark/slide_seek/post_eval/TCGA_BRCA_subtype/ROI/roi_overlap_results.csv,True,True
TCGA-A8-A09Q-01Z-00-DX1.C7240AFB-5971-4577-812C-A255C249001A,slide_seek,TCGA_BRCA_subtype,0.05,16,True,1.0,1.0,0.3012125,1.0,0.96388,0.289,0.0195,0.0186,/work/Agent_benchmark/slide_seek/post_eval/TCGA_BRCA_subtype/ROI/roi_overlap_results.csv,True,True
TCGA-AC-A2FF-01Z-00-DX1.012DAC86-E05C-44FA-81C2-FE4C754F409C,slide_seek,TCGA_BRCA_subtype,0.05,7,False,,0.0,0.0,,,0.0,0.0,0.0,/work/Agent_benchmark/slide_seek/post_eval/TCGA_BRCA_subtype/ROI/roi_overlap_results.csv,True,True
TCGA-AC-A2FG-01Z-00-DX1.0F13DE40-9F7A-42C6-AB3D-02E8521B690A,slide_seek,TCGA_BRCA_subtype,0.05,11,True,2.0,0.9122,0.1575909090909091,0.9122,0.5778333333333333,0.149,0.2961,0.11,/work/Agent_benchmark/slide_seek/post_eval/TCGA_BRCA_subtype/ROI/roi_overlap_results.csv,True,True
TCGA-AC-A3TM-01Z-00-DX1.4421EE37-A2CC-4638-AC44-9C26CB09FDC1,slide_seek,TCGA_BRCA_subtype,0.05,9,True,1.0,1.0,1.0,1.0,1.0,1.0,0.0005,0.0005,/work/Agent_benchmark/slide_seek/post_eval/TCGA_BRCA_subtype/ROI/roi_overlap_results.csv,True,True
TCGA-AC-A5XS-01Z-00-DX1.E5F2481E-9314-4B20-84B7-370EF82AF4BB,slide_seek,TCGA_BRCA_subtype,0.05,4,True,1.0,1.0,1.0,1.0,1.0,1.0,0.0046,0.0046,/work/Agent_benchmark/slide_seek/post_eval/TCGA_BRCA_subtype/ROI/roi_overlap_results.csv,False,True
TCGA-AN-A0XS-01Z-00-DX1.B4D4B73E-2912-4B2E-B18A-FBC35F8160D3,slide_seek,TCGA_BRCA_subtype,0.05,3,True,1.0,1.0,0.9871333333333334,1.0,0.9871333333333334,0.9813,0.0448,0.0448,/work/Agent_benchmark/slide_seek/post_eval/TCGA_BRCA_subtype/ROI/roi_overlap_results.csv,True,True
TCGA-AN-A0XW-01Z-00-DX1.811E11E7-FA67-46BB-9BC6-1FD0106B789D,slide_seek,TCGA_BRCA_subtype,0.05,6,True,1.0,1.0,0.5949333333333333,1.0,0.5949333333333333,0.452,0.6354,0.3589,/work/Agent_benchmark/slide_seek/post_eval/TCGA_BRCA_subtype/ROI/roi_overlap_results.csv,True,True
TCGA-AO-A03T-01Z-00-DX1.8B75E203-6DC8-4AC9-A256-6FCB818DA0DD,slide_seek,TCGA_BRCA_subtype,0.05,1,False,,0.0,0.0,,,0.0,0.0,0.0,/work/Agent_benchmark/slide_seek/post_eval/TCGA_BRCA_subtype/ROI/roi_overlap_results.csv,False,True
TCGA-AO-A0J9-01Z-00-DX1.E37C342B-9B6A-4BEE-B064-A82C3579CC66,slide_seek,TCGA_BRCA_subtype,0.05,19,False,,0.0349,0.001836842105263158,,,0.0349,0.0028,0.0026,/work/Agent_benchmark/slide_seek/post_eval/TCGA_BRCA_subtype/ROI/roi_overlap_results.csv,True,True
TCGA-AO-A0JE-01Z-00-DX1.82D33053-E305-47D8-9B02-B55511EBB06D,slide_seek,TCGA_BRCA_subtype,0.05,4,True,1.0,1.0,0.469225,1.0,0.6256333333333334,0.4692,0.0071,0.0071,/work/Agent_benchmark/slide_seek/post_eval/TCGA_BRCA_subtype/ROI/roi_overlap_results.csv,True,True
TCGA-AO-A12D-01Z-00-DX1.BA006BAD-5C6E-4099-BC99-3888E69F506E,slide_seek,TCGA_BRCA_subtype,0.05,5,True,1.0,1.0,0.44604,1.0,0.550125,0.4461,0.1013,0.09,/work/Agent_benchmark/slide_seek/post_eval/TCGA_BRCA_subtype/ROI/roi_overlap_results.csv,True,True
TCGA-AO-A1KP-01Z-00-DX1.612442AB-24E2-489B-9838-7CEE82BCD605,slide_seek,TCGA_BRCA_subtype,0.05,2,True,1.0,1.0,0.98775,1.0,0.98775,0.977,0.0856,0.0854,/work/Agent_benchmark/slide_seek/post_eval/TCGA_BRCA_subtype/ROI/roi_overlap_results.csv,True,True
TCGA-AQ-A54N-01Z-00-DX1.E53271E9-AFD2-4071-9B1E-CD05F63B8136,slide_seek,TCGA_BRCA_subtype,0.05,19,True,1.0,1.0,0.3158263157894737,1.0,1.0,0.9184,0.1134,0.1123,/work/Agent_benchmark/slide_seek/post_eval/TCGA_BRCA_subtype/ROI/roi_overlap_results.csv,True,True
TCGA-AQ-A7U7-01Z-00-DX1.AB5629A1-399E-402B-AD3D-DAF9F97D8300,slide_seek,TCGA_BRCA_subtype,0.05,14,True,3.0,1.0,0.3308571428571429,1.0,0.7720000000000001,0.3309,0.1116,0.091,/work/Agent_benchmark/slide_seek/post_eval/TCGA_BRCA_subtype/ROI/roi_overlap_results.csv,False,True
TCGA-AR-A0TP-01Z-00-DX1.58E6A3A6-D1D7-4AE5-87A5-E823F04CBB2F,slide_seek,TCGA_BRCA_subtype,0.05,21,True,1.0,1.0,0.7179095238095238,1.0,0.94225625,0.764,0.0821,0.0801,/work/Agent_benchmark/slide_seek/post_eval/TCGA_BRCA_subtype/ROI/roi_overlap_results.csv,False,True
TCGA-AR-A0U3-01Z-00-DX1.9BB87F9D-459F-4A18-B591-29822EA5AE18,slide_seek,TCGA_BRCA_subtype,0.05,1,True,1.0,0.2034,0.2034,0.2034,0.2034,0.2034,0.0084,0.0081,/work/Agent_benchmark/slide_seek/post_eval/TCGA_BRCA_subtype/ROI/roi_overlap_results.csv,True,True
TCGA-AR-A1AU-01Z-00-DX1.F06647D1-E5A3-46FE-8537-01A10A08A4EC,slide_seek,TCGA_BRCA_subtype,0.05,4,True,1.0,0.9325,0.23545,0.9325,0.9325,0.2355,0.0038,0.0038,/work/Agent_benchmark/slide_seek/post_eval/TCGA_BRCA_subtype/ROI/roi_overlap_results.csv,False,True
TCGA-AR-A24S-01Z-00-DX1.317C3B19-0D0F-4315-AC2D-C741F09DD775,slide_seek,TCGA_BRCA_subtype,0.05,11,True,4.0,1.0,0.2727272727272727,1.0,1.0,0.2752,0.0298,0.0276,/work/Agent_benchmark/slide_seek/post_eval/TCGA_BRCA_subtype/ROI/roi_overlap_results.csv,False,True
TCGA-AR-A255-01Z-00-DX1.E67C081D-50C9-451C-814B-F097B2671300,slide_seek,TCGA_BRCA_subtype,0.05,21,True,1.0,1.0,0.5312809523809524,1.0,0.7437933333333333,0.2198,0.0697,0.0559,/work/Agent_benchmark/slide_seek/post_eval/TCGA_BRCA_subtype/ROI/roi_overlap_results.csv,False,True
TCGA-B6-A0RO-01Z-00-DX1.3ADBFF05-92CE-41B5-BD49-CB3CE5B74CC9,slide_seek,TCGA_BRCA_subtype,0.05,25,True,1.0,1.0,0.814588,1.0,0.9256681818181818,0.7729,0.0165,0.0164,/work/Agent_benchmark/slide_seek/post_eval/TCGA_BRCA_subtype/ROI/roi_overlap_results.csv,False,True
TCGA-B6-A0WV-01Z-00-DX1.A8B9E114-A8CF-4389-B47C-2E1B842F7FF9,slide_seek,TCGA_BRCA_subtype,0.05,6,True,1.0,1.0,1.0,1.0,1.0,1.0,0.0013,0.0013,/work/Agent_benchmark/slide_seek/post_eval/TCGA_BRCA_subtype/ROI/roi_overlap_results.csv,False,True
TCGA-B6-A0WZ-01Z-00-DX1.6CFB236E-36F5-43D6-8DE3-C4ECBD3C14C6,slide_seek,TCGA_BRCA_subtype,0.05,4,True,1.0,1.0,1.0,1.0,1.0,1.0,0.1806,0.1806,/work/Agent_benchmark/slide_seek/post_eval/TCGA_BRCA_subtype/ROI/roi_overlap_results.csv,False,True
TCGA-BH-A0AZ-01Z-00-DX1.E20051E8-DEEF-48E5-B519-40777DDBC96B,slide_seek,TCGA_BRCA_subtype,0.05,10,True,2.0,1.0,0.52241,1.0,0.8684666666666666,0.4088,0.1038,0.0903,/work/Agent_benchmark/slide_seek/post_eval/TCGA_BRCA_subtype/ROI/roi_overlap_results.csv,True,True
TCGA-BH-A0BQ-01Z-00-DX1.F5C6386B-BB2C-49DF-B3B8-6C4B80D060D4,slide_seek,TCGA_BRCA_subtype,0.05,8,True,1.0,1.0,0.125,1.0,1.0,0.125,0.0005,0.0005,/work/Agent_benchmark/slide_seek/post_eval/TCGA_BRCA_subtype/ROI/roi_overlap_results.csv,False,True
TCGA-BH-A0BT-01Z-00-DX1.9087B9E7-C0CD-4179-AF57-AD9255785169,slide_seek,TCGA_BRCA_subtype,0.05,9,True,1.0,1.0,0.2222222222222222,1.0,1.0,0.2222,0.0006,0.0006,/work/Agent_benchmark/slide_seek/post_eval/TCGA_BRCA_subtype/ROI/roi_overlap_results.csv,False,True
TCGA-BH-A0BV-01Z-00-DX1.3C9CD4F7-A001-430D-AA8D-80CAD61C344E,slide_seek,TCGA_BRCA_subtype,0.05,6,True,1.0,1.0,0.5,1.0,1.0,0.5,0.0007,0.0007,/work/Agent_benchmark/slide_seek/post_eval/TCGA_BRCA_subtype/ROI/roi_overlap_results.csv,False,True
TCGA-BH-A0DD-01Z-00-DX1.2242DD1F-0B7C-4B43-A7A9-8130D2BDEE78,slide_seek,TCGA_BRCA_subtype,0.05,22,True,1.0,1.0,0.1673,1.0,0.92015,0.2732,0.0097,0.0095,/work/Agent_benchmark/slide_seek/post_eval/TCGA_BRCA_subtype/ROI/roi_overlap_results.csv,True,True
TCGA-BH-A0DG-01Z-00-DX1.D3C4F57F-608F-46AA-A978-B558117C9DFB,slide_seek,TCGA_BRCA_subtype,0.05,3,True,1.0,1.0,1.0,1.0,1.0,1.0,0.0005,0.0005,/work/Agent_benchmark/slide_seek/post_eval/TCGA_BRCA_subtype/ROI/roi_overlap_results.csv,False,True
TCGA-BH-A0DK-01Z-00-DX1.0CFED53C-BAD9-4E35-B12F-57E64F3FEF1C,slide_seek,TCGA_BRCA_subtype,0.05,9,True,1.0,1.0,0.2052,1.0,0.9234,0.2309,0.0102,0.0098,/work/Agent_benchmark/slide_seek/post_eval/TCGA_BRCA_subtype/ROI/roi_overlap_results.csv,True,True
TCGA-BH-A0EA-01Z-00-DX1.85FF2B48-2AF7-4C15-A7E6-FCA68CAB76C7,slide_seek,TCGA_BRCA_subtype,0.05,3,False,,0.0,0.0,,,0.0,0.0,0.0,/work/Agent_benchmark/slide_seek/post_eval/TCGA_BRCA_subtype/ROI/roi_overlap_results.csv,True,True
TCGA-BH-A0EE-01Z-00-DX1.872EA586-25C8-4835-A138-152DFA1EBF30,slide_seek,TCGA_BRCA_subtype,0.05,4,True,1.0,1.0,1.0,1.0,1.0,1.0,0.0008,0.0008,/work/Agent_benchmark/slide_seek/post_eval/TCGA_BRCA_subtype/ROI/roi_overlap_results.csv,True,True
TCGA-BH-A0HX-01Z-00-DX1.44EBA39E-383D-4820-915E-4E5FDA1D43DA,slide_seek,TCGA_BRCA_subtype,0.05,2,True,1.0,1.0,1.0,1.0,1.0,1.0,0.0103,0.0103,/work/Agent_benchmark/slide_seek/post_eval/TCGA_BRCA_subtype/ROI/roi_overlap_results.csv,True,True
TCGA-BH-A202-01Z-00-DX1.8CECDB74-5E6F-4CE8-B52C-A89E574F38FB,slide_seek,TCGA_BRCA_subtype,0.05,6,True,1.0,1.0,0.31895,1.0,0.6371666666666667,0.2728,0.0081,0.0079,/work/Agent_benchmark/slide_seek/post_eval/TCGA_BRCA_subtype/ROI/roi_overlap_results.csv,True,True
TCGA-BH-A42U-01Z-00-DX1.130D060A-3DD8-407E-B8B0-EBBF743491AE,slide_seek,TCGA_BRCA_subtype,0.05,24,True,7.0,1.0,0.6365708333333333,1.0,0.8986882352941176,0.2566,0.0858,0.0687,/work/Agent_benchmark/slide_seek/post_eval/TCGA_BRCA_subtype/ROI/roi_overlap_results.csv,False,True
TCGA-BH-A5IZ-01Z-00-DX1.6C871030-82E1-463E-A67B-976A5F3DCDB2,slide_seek,TCGA_BRCA_subtype,0.05,9,True,1.0,1.0,0.5555555555555556,1.0,1.0,0.5,0.0025,0.0025,/work/Agent_benchmark/slide_seek/post_eval/TCGA_BRCA_subtype/ROI/roi_overlap_results.csv,True,True
TCGA-C8-A135-01Z-00-DX1.B69A605E-B577-4F43-9471-2C95312B05D9,slide_seek,TCGA_BRCA_subtype,0.05,19,True,8.0,1.0,0.17090526315789473,1.0,0.81095,0.1969,0.0126,0.012,/work/Agent_benchmark/slide_seek/post_eval/TCGA_BRCA_subtype/ROI/roi_overlap_results.csv,True,True
TCGA-C8-A1HJ-01Z-00-DX1.745159F1-85E7-4CC0-B088-E1CA91916FB8,slide_seek,TCGA_BRCA_subtype,0.05,4,True,1.0,1.0,1.0,1.0,1.0,1.0,0.0231,0.0231,/work/Agent_benchmark/slide_seek/post_eval/TCGA_BRCA_subtype/ROI/roi_overlap_results.csv,True,True
TCGA-C8-A3M7-01Z-00-DX1.846C75F1-2E7E-44F7-B21F-C246141558FA,slide_seek,TCGA_BRCA_subtype,0.05,1,False,,0.0,0.0,,,0.0,0.0,0.0,/work/Agent_benchmark/slide_seek/post_eval/TCGA_BRCA_subtype/ROI/roi_overlap_results.csv,True,True
TCGA-C8-A8HR-01Z-00-DX1.8E841CA8-1CE2-4242-AC5A-3247075CF8F4,slide_seek,TCGA_BRCA_subtype,0.05,20,True,1.0,1.0,0.570305,1.0,0.9505083333333332,0.6761,0.0441,0.0432,/work/Agent_benchmark/slide_seek/post_eval/TCGA_BRCA_subtype/ROI/roi_overlap_results.csv,False,True
TCGA-D8-A13Z-01Z-00-DX1.517140BB-D34C-42F8-952C-340EF16D382F,slide_seek,TCGA_BRCA_subtype,0.05,5,True,1.0,1.0,0.4332,1.0,0.722,0.4332,0.0152,0.0149,/work/Agent_benchmark/slide_seek/post_eval/TCGA_BRCA_subtype/ROI/roi_overlap_results.csv,True,True
TCGA-D8-A140-01Z-00-DX2.0C0A62BB-1FB8-47D8-8FAF-112D221F18BE,slide_seek,TCGA_BRCA_subtype,0.05,31,True,3.0,1.0,0.8708612903225806,1.0,0.9998777777777778,0.4519,0.0563,0.0527,/work/Agent_benchmark/slide_seek/post_eval/TCGA_BRCA_subtype/ROI/roi_overlap_results.csv,True,True
TCGA-D8-A1JB-01Z-00-DX1.6CF48257-066C-4B8C-91AA-30A6B4AD4307,slide_seek,TCGA_BRCA_subtype,0.05,8,True,1.0,1.0,1.0,1.0,1.0,1.0,0.0029,0.0029,/work/Agent_benchmark/slide_seek/post_eval/TCGA_BRCA_subtype/ROI/roi_overlap_results.csv,False,True
TCGA-D8-A1JK-01Z-00-DX1.3190C919-A403-460D-9F6C-D2AB5FD3FD05,slide_seek,TCGA_BRCA_subtype,0.05,2,False,,0.0,0.0,,,0.0,0.0,0.0,/work/Agent_benchmark/slide_seek/post_eval/TCGA_BRCA_subtype/ROI/roi_overlap_results.csv,False,True
TCGA-D8-A1JL-01Z-00-DX1.FE3F0C6B-F98A-4036-BF9A-25A8CC66B1FD,slide_seek,TCGA_BRCA_subtype,0.05,8,False,,0.0,0.0,,,0.0,0.0,0.0,/work/Agent_benchmark/slide_seek/post_eval/TCGA_BRCA_subtype/ROI/roi_overlap_results.csv,True,True
TCGA-D8-A1XL-01Z-00-DX1.FDF07020-8F40-4C00-9023-E5F40E0D8A7C,slide_seek,TCGA_BRCA_subtype,0.05,10,True,1.0,1.0,0.6665000000000001,1.0,0.8331250000000001,0.6425,0.0028,0.0028,/work/Agent_benchmark/slide_seek/post_eval/TCGA_BRCA_subtype/ROI/roi_overlap_results.csv,False,True
TCGA-D8-A1XZ-01Z-00-DX1.8E51A61D-B01C-4A52-8F5D-44D2ABCA46FC,slide_seek,TCGA_BRCA_subtype,0.05,1,False,,0.0,0.0,,,0.0,0.0,0.0,/work/Agent_benchmark/slide_seek/post_eval/TCGA_BRCA_subtype/ROI/roi_overlap_results.csv,False,True
TCGA-D8-A1Y1-01Z-00-DX1.477390C8-2141-4ADD-813E-25220D2A71FC,slide_seek,TCGA_BRCA_subtype,0.05,9,True,3.0,1.0,0.2222222222222222,1.0,1.0,0.2272,0.0102,0.0098,/work/Agent_benchmark/slide_seek/post_eval/TCGA_BRCA_subtype/ROI/roi_overlap_results.csv,True,True
TCGA-D8-A27M-01Z-00-DX1.3020D223-2400-4A2D-8BFE-08A5B78FE13B,slide_seek,TCGA_BRCA_subtype,0.05,1,True,1.0,1.0,1.0,1.0,1.0,1.0,0.0089,0.0089,/work/Agent_benchmark/slide_seek/post_eval/TCGA_BRCA_subtype/ROI/roi_overlap_results.csv,True,True
TCGA-D8-A27N-01Z-00-DX1.85613A4F-1FFB-4091-B925-8E8A7C7A6D95,slide_seek,TCGA_BRCA_subtype,0.05,14,True,2.0,1.0,0.1415357142857143,1.0,0.99075,0.3661,0.027,0.0258,/work/Agent_benchmark/slide_seek/post_eval/TCGA_BRCA_subtype/ROI/roi_overlap_results.csv,False,True
TCGA-D8-A27V-01Z-00-DX1.F937C53B-0B55-4271-843E-2C28F72CF28E,slide_seek,TCGA_BRCA_subtype,0.05,20,False,,0.0,0.0,,,0.0,0.0,0.0,/work/Agent_benchmark/slide_seek/post_eval/TCGA_BRCA_subtype/ROI/roi_overlap_results.csv,True,True
TCGA-D8-A3Z5-01Z-00-DX1.4DBF937F-623C-4212-8493-ECE3C8F555E3,slide_seek,TCGA_BRCA_subtype,0.05,2,True,1.0,1.0,1.0,1.0,1.0,1.0,0.0002,0.0002,/work/Agent_benchmark/slide_seek/post_eval/TCGA_BRCA_subtype/ROI/roi_overlap_results.csv,True,True
TCGA-D8-A3Z6-01Z-00-DX1.4076A770-5901-4325-85C3-AF7B192272F5,slide_seek,TCGA_BRCA_subtype,0.05,8,True,1.0,1.0,1.0,1.0,1.0,1.0,0.0019,0.0019,/work/Agent_benchmark/slide_seek/post_eval/TCGA_BRCA_subtype/ROI/roi_overlap_results.csv,False,True
TCGA-D8-A73U-01Z-00-DX2.91F571C8-303C-463D-952C-263FAA5097DF,slide_seek,TCGA_BRCA_subtype,0.05,30,False,,0.0,0.0,,,0.0,0.0,0.0,/work/Agent_benchmark/slide_seek/post_eval/TCGA_BRCA_subtype/ROI/roi_overlap_results.csv,True,True
TCGA-E2-A105-01Z-00-DX1.192813F9-2D7B-40C7-88D9-BFA939D43FEE,slide_seek,TCGA_BRCA_subtype,0.05,25,True,21.0,1.0,0.1601,1.0,1.0,0.1743,0.0038,0.0037,/work/Agent_benchmark/slide_seek/post_eval/TCGA_BRCA_subtype/ROI/roi_overlap_results.csv,True,True
TCGA-E2-A14P-01Z-00-DX1.663B02FF-C64B-41A6-8685-FD61CD76F9C6,slide_seek,TCGA_BRCA_subtype,0.05,3,True,1.0,1.0,1.0,1.0,1.0,1.0,0.0008,0.0008,/work/Agent_benchmark/slide_seek/post_eval/TCGA_BRCA_subtype/ROI/roi_overlap_results.csv,True,True
TCGA-E2-A15E-06Z-00-DX1.D394A007-91A2-4445-9B4A-1629EE684A51,slide_seek,TCGA_BRCA_subtype,0.05,12,False,,0.0,0.0,,,0.0,0.0,0.0,/work/Agent_benchmark/slide_seek/post_eval/TCGA_BRCA_subtype/ROI/roi_overlap_results.csv,False,True
TCGA-E9-A1N6-01Z-00-DX1.C0E8FFDC-2614-4DBF-B51E-4646A3919911,slide_seek,TCGA_BRCA_subtype,0.05,28,True,16.0,1.0,0.09396428571428572,1.0,0.8770000000000001,0.4198,0.0073,0.0072,/work/Agent_benchmark/slide_seek/post_eval/TCGA_BRCA_subtype/ROI/roi_overlap_results.csv,True,True
TCGA-E9-A1RA-01Z-00-DX1.E1C527C3-EDF2-442A-80FE-3E3AFBC5EF5A,slide_seek,TCGA_BRCA_subtype,0.05,12,True,1.0,1.0,0.6961083333333334,1.0,0.9281444444444445,0.6353,0.0088,0.0088,/work/Agent_benchmark/slide_seek/post_eval/TCGA_BRCA_subtype/ROI/roi_overlap_results.csv,False,True
TCGA-E9-A1RE-01Z-00-DX1.fd100503-ba95-4af8-8e59-689b2cea145c,slide_seek,TCGA_BRCA_subtype,0.05,3,True,1.0,1.0,0.6494,1.0,0.9583999999999999,0.6494,0.0124,0.0123,/work/Agent_benchmark/slide_seek/post_eval/TCGA_BRCA_subtype/ROI/roi_overlap_results.csv,True,True
TCGA-E9-A227-01Z-00-DX1.823062BF-3444-489B-AF91-AAD4ECAA1DC7,slide_seek,TCGA_BRCA_subtype,0.05,18,True,1.0,1.0,0.7751055555555556,1.0,0.9965642857142857,0.7701,0.0085,0.0084,/work/Agent_benchmark/slide_seek/post_eval/TCGA_BRCA_subtype/ROI/roi_overlap_results.csv,True,True
TCGA-E9-A22H-01Z-00-DX1.0ee39fd1-b077-40ea-bd0d-8a3db474fdd5,slide_seek,TCGA_BRCA_subtype,0.05,6,True,4.0,1.0,0.5,1.0,1.0,0.4652,0.001,0.001,/work/Agent_benchmark/slide_seek/post_eval/TCGA_BRCA_subtype/ROI/roi_overlap_results.csv,False,True
TCGA-E9-A2JS-01Z-00-DX1.445BA2F8-3A4A-49D2-8D41-4ACFD32F2074,slide_seek,TCGA_BRCA_subtype,0.05,5,True,1.0,1.0,1.0,1.0,1.0,1.0,0.0196,0.0196,/work/Agent_benchmark/slide_seek/post_eval/TCGA_BRCA_subtype/ROI/roi_overlap_results.csv,True,True
TCGA-EW-A1IY-01Z-00-DX1.3FD00274-C2CD-491A-915B-23FD535A4723,slide_seek,TCGA_BRCA_subtype,0.05,16,True,1.0,1.0,0.25,1.0,1.0,0.6552,0.0069,0.0068,/work/Agent_benchmark/slide_seek/post_eval/TCGA_BRCA_subtype/ROI/roi_overlap_results.csv,True,True
TCGA-EW-A1P7-01Z-00-DX1.97575C9F-C318-45A5-A4B7-1A902B93FA3F,slide_seek,TCGA_BRCA_subtype,0.05,14,False,,0.0,0.0,,,0.0,0.0,0.0,/work/Agent_benchmark/slide_seek/post_eval/TCGA_BRCA_subtype/ROI/roi_overlap_results.csv,False,True
TCGA-EW-A1PF-01Z-00-DX1.9420D058-65CE-4DF8-815F-EB407003096E,slide_seek,TCGA_BRCA_subtype,0.05,9,True,1.0,1.0,0.5846222222222222,1.0,0.8769333333333332,0.5846,0.0037,0.0037,/work/Agent_benchmark/slide_seek/post_eval/TCGA_BRCA_subtype/ROI/roi_overlap_results.csv,False,True
TCGA-GM-A2D9-01Z-00-DX1.AF4BF2DD-05FB-400B-A1BC-6E7C9B9DDF05,slide_seek,TCGA_BRCA_subtype,0.05,5,True,1.0,1.0,1.0,1.0,1.0,1.0,0.0016,0.0016,/work/Agent_benchmark/slide_seek/post_eval/TCGA_BRCA_subtype/ROI/roi_overlap_results.csv,False,True
TCGA-LL-A442-01Z-00-DX1.9275EDBD-1C89-4AF3-B02B-19F613A4E083,slide_seek,TCGA_BRCA_subtype,0.05,4,True,1.0,1.0,0.75,1.0,1.0,0.75,0.0105,0.0105,/work/Agent_benchmark/slide_seek/post_eval/TCGA_BRCA_subtype/ROI/roi_overlap_results.csv,False,True
TCGA-LL-A5YP-01Z-00-DX1.ADA978DF-6625-4C4D-AE0C-F589B2BA4897,slide_seek,TCGA_BRCA_subtype,0.05,2,True,2.0,1.0,0.5,1.0,1.0,0.5,0.0079,0.0078,/work/Agent_benchmark/slide_seek/post_eval/TCGA_BRCA_subtype/ROI/roi_overlap_results.csv,False,True
TCGA-LL-A7T0-01Z-00-DX1.B03BBA63-ACF4-4BCA-9F2B-F631F0C6A25C,slide_seek,TCGA_BRCA_subtype,0.05,4,True,1.0,1.0,1.0,1.0,1.0,1.0,0.0006,0.0006,/work/Agent_benchmark/slide_seek/post_eval/TCGA_BRCA_subtype/ROI/roi_overlap_results.csv,True,True
TCGA-OL-A5RX-01Z-00-DX1.15A0D4F4-2744-4D44-8883-27FF83D9C824,slide_seek,TCGA_BRCA_subtype,0.05,1,True,1.0,1.0,1.0,1.0,1.0,1.0,0.0679,0.0679,/work/Agent_benchmark/slide_seek/post_eval/TCGA_BRCA_subtype/ROI/roi_overlap_results.csv,True,True
TCGA-OL-A66P-01Z-00-DX1.5ADD0D6D-37C6-4BC9-8C2B-64DB18BE99B3,slide_seek,TCGA_BRCA_subtype,0.05,30,True,2.0,1.0,0.044346666666666666,1.0,0.64755,0.1374,0.012,0.0112,/work/Agent_benchmark/slide_seek/post_eval/TCGA_BRCA_subtype/ROI/roi_overlap_results.csv,True,True
TCGA-S3-AA15-01Z-00-DX2.915A4F90-25CB-4535-99C7-D0D0CFC90412,slide_seek,TCGA_BRCA_subtype,0.05,69,True,4.0,1.0,0.3917536231884058,1.0,0.9293758620689656,0.2704,0.0327,0.0301,/work/Agent_benchmark/slide_seek/post_eval/TCGA_BRCA_subtype/ROI/roi_overlap_results.csv,False,True
TCGA-05-4244-01Z-00-DX1.d4ff32cd-38cf-40ea-8213-45c2b100ac01,CPathAgent,TCGA_LUNG_Classification,0.05,7,True,1.0,0.9197,0.33275714285714286,0.9197,0.46586,0.1977,0.5583,0.1709,/work/Agent_benchmark/CPathAgent/post_eval/TCGA_LUNG_Classification/ROI/roi_overlap_results.csv,True,True
TCGA-05-4245-01Z-00-DX1.36ff5403-d4bb-4415-b2c5-7c750d655cde,CPathAgent,TCGA_LUNG_Classification,0.05,7,True,1.0,0.9073,0.21824285714285713,0.9073,0.7638499999999999,0.0838,0.3335,0.0718,/work/Agent_benchmark/CPathAgent/post_eval/TCGA_LUNG_Classification/ROI/roi_overlap_results.csv,False,True
TCGA-05-4249-01Z-00-DX1.9fce0297-cc19-4c04-872c-4466ee4024db,CPathAgent,TCGA_LUNG_Classification,0.05,11,True,1.0,1.0,0.6606545454545455,1.0,0.725,0.5846,0.9289,0.5596,/work/Agent_benchmark/CPathAgent/post_eval/TCGA_LUNG_Classification/ROI/roi_overlap_results.csv,True,True
TCGA-05-4250-01Z-00-DX1.90f67fdf-dff9-46ca-af71-0978d7c221ba,CPathAgent,TCGA_LUNG_Classification,0.05,14,True,1.0,0.9588,0.35219285714285714,0.9588,0.546888888888889,0.3727,0.9174,0.3606,/work/Agent_benchmark/CPathAgent/post_eval/TCGA_LUNG_Classification/ROI/roi_overlap_results.csv,True,True
TCGA-05-4382-01Z-00-DX1.76b49a4c-dbbb-48b0-b677-6d3037e5ce88,CPathAgent,TCGA_LUNG_Classification,0.05,3,True,1.0,0.9694,0.4534666666666667,0.9694,0.6802,0.2673,0.1352,0.0987,/work/Agent_benchmark/CPathAgent/post_eval/TCGA_LUNG_Classification/ROI/roi_overlap_results.csv,False,True
TCGA-05-4384-01Z-00-DX1.CA68BF29-BBE3-4C8E-B48B-554431A9EE13,CPathAgent,TCGA_LUNG_Classification,0.05,1,False,,0.0,0.0,,,0.0,0.0,0.0,/work/Agent_benchmark/CPathAgent/post_eval/TCGA_LUNG_Classification/ROI/roi_overlap_results.csv,,False
TCGA-05-4396-01Z-00-DX1.49DD5F68-7473-4945-B384-EA6D5AE383CB,CPathAgent,TCGA_LUNG_Classification,0.05,4,True,1.0,0.9585,0.466425,0.9585,0.466425,0.3024,0.1676,0.1209,/work/Agent_benchmark/CPathAgent/post_eval/TCGA_LUNG_Classification/ROI/roi_overlap_results.csv,True,True
TCGA-05-4397-01Z-00-DX1.00e9cdb3-b50e-439c-86b0-d7b73b802c0d,CPathAgent,TCGA_LUNG_Classification,0.05,7,True,1.0,0.5708,0.26128571428571423,0.5708,0.35761999999999994,0.2512,0.268,0.149,/work/Agent_benchmark/CPathAgent/post_eval/TCGA_LUNG_Classification/ROI/roi_overlap_results.csv,True,True
TCGA-05-4402-01Z-00-DX1.c653ddc2-88c1-45ac-88e7-4e512b8e8d53,CPathAgent,TCGA_LUNG_Classification,0.05,20,True,1.0,1.0,0.5045949999999999,1.0,0.63074375,0.4277,0.5886,0.3293,/work/Agent_benchmark/CPathAgent/post_eval/TCGA_LUNG_Classification/ROI/roi_overlap_results.csv,True,True
TCGA-05-4403-01Z-00-DX1.fee8e988-956c-42a2-a6c5-06b6d6736295,CPathAgent,TCGA_LUNG_Classification,0.05,10,True,3.0,0.4575,0.19989,0.4575,0.2855571428571429,0.2555,0.8619,0.2454,/work/Agent_benchmark/CPathAgent/post_eval/TCGA_LUNG_Classification/ROI/roi_overlap_results.csv,True,True
TCGA-05-4410-01Z-00-DX1.E5B66334-4949-4F45-9200-296B1A2F1AD5,CPathAgent,TCGA_LUNG_Classification,0.05,1,False,,0.0,0.0,,,0.0,0.0,0.0,/work/Agent_benchmark/CPathAgent/post_eval/TCGA_LUNG_Classification/ROI/roi_overlap_results.csv,,False
TCGA-05-4417-01Z-00-DX1.6E534856-996F-4BD9-8AFC-7B1BF627E505,CPathAgent,TCGA_LUNG_Classification,0.05,11,True,1.0,1.0,0.43179090909090917,1.0,0.6727714285714287,0.3134,0.2395,0.1571,/work/Agent_benchmark/CPathAgent/post_eval/TCGA_LUNG_Classification/ROI/roi_overlap_results.csv,True,True
TCGA-05-4422-01Z-00-DX1.4802093f-71ea-43d5-bd92-b4bd7fc8c5bf,CPathAgent,TCGA_LUNG_Classification,0.05,7,True,1.0,0.9681,0.27281428571428573,0.9681,0.6365666666666666,0.2727,0.173,0.1184,/work/Agent_benchmark/CPathAgent/post_eval/TCGA_LUNG_Classification/ROI/roi_overlap_results.csv,True,True
TCGA-05-4425-01Z-00-DX1.82B093EE-49BC-4FD9-91AC-4CC89944309D,CPathAgent,TCGA_LUNG_Classification,0.05,1,False,,0.0,0.0,,,0.0,0.0,0.0,/work/Agent_benchmark/CPathAgent/post_eval/TCGA_LUNG_Classification/ROI/roi_overlap_results.csv,,False
TCGA-05-4427-01Z-00-DX1.36CF4E93-3FBB-4346-A26B-85F0D9D0575D,CPathAgent,TCGA_LUNG_Classification,0.05,8,True,2.0,0.3066,0.038325,0.3066,0.3066,0.0168,0.0132,0.0074,/work/Agent_benchmark/CPathAgent/post_eval/TCGA_LUNG_Classification/ROI/roi_overlap_results.csv,True,True
TCGA-05-4430-01Z-00-DX1.95659bbb-3091-4370-bc1d-6c6c1baa7b3d,CPathAgent,TCGA_LUNG_Classification,0.05,19,True,3.0,0.7619,0.1526315789473684,0.7619,0.3624,0.1305,0.3039,0.1005,/work/Agent_benchmark/CPathAgent/post_eval/TCGA_LUNG_Classification/ROI/roi_overlap_results.csv,True,True
TCGA-05-4432-01Z-00-DX1.90d00d62-402b-404a-85e2-0edf869193ab,CPathAgent,TCGA_LUNG_Classification,0.05,7,True,1.0,1.0,0.5562285714285714,1.0,0.6418499999999999,0.4206,0.3346,0.229,/work/Agent_benchmark/CPathAgent/post_eval/TCGA_LUNG_Classification/ROI/roi_overlap_results.csv,True,True
TCGA-05-4433-01Z-00-DX1.5843D3CC-CB24-4A0A-BB65-78A5DAA11D84,CPathAgent,TCGA_LUNG_Classification,0.05,4,True,1.0,0.7955,0.5528000000000001,0.7955,0.5528000000000001,0.6295,0.1633,0.149,/work/Agent_benchmark/CPathAgent/post_eval/TCGA_LUNG_Classification/ROI/roi_overlap_results.csv,False,True
TCGA-05-4434-01Z-00-DX1.f3f5c89c-306f-4876-98fa-f7bd231f2e10,CPathAgent,TCGA_LUNG_Classification,0.05,1,False,,0.0,0.0,,,0.0,0.0,0.0,/work/Agent_benchmark/CPathAgent/post_eval/TCGA_LUNG_Classification/ROI/roi_overlap_results.csv,,False
TCGA-05-5423-01Z-00-DX1.CCCF5FDB-ACAD-4D9D-80DF-556F0D6284AF,CPathAgent,TCGA_LUNG_Classification,0.05,1,False,,0.0,0.0,,,0.0,0.0,0.0,/work/Agent_benchmark/CPathAgent/post_eval/TCGA_LUNG_Classification/ROI/roi_overlap_results.csv,,False
TCGA-05-5425-01Z-00-DX1.85865B2F-4888-43DD-A501-458BEFCF832B,CPathAgent,TCGA_LUNG_Classification,0.05,1,False,,0.0,0.0,,,0.0,0.0,0.0,/work/Agent_benchmark/CPathAgent/post_eval/TCGA_LUNG_Classification/ROI/roi_overlap_results.csv,,False
TCGA-05-5429-01Z-00-DX1.20729065-FADA-4E43-98D7-AFA5FB4A0447,CPathAgent,TCGA_LUNG_Classification,0.05,2,True,1.0,0.3739,0.23845,0.3739,0.23845,0.103,1.0,0.103,/work/Agent_benchmark/CPathAgent/post_eval/TCGA_LUNG_Classification/ROI/roi_overlap_results.csv,False,True
TCGA-05-5715-01Z-00-DX1.D3F0A1FA-2507-45FF-823F-F9981E62BB4C,CPathAgent,TCGA_LUNG_Classification,0.05,2,True,1.0,0.5771,0.33154999999999996,0.5771,0.33154999999999996,0.086,1.0,0.086,/work/Agent_benchmark/CPathAgent/post_eval/TCGA_LUNG_Classification/ROI/roi_overlap_results.csv,False,True
TCGA-18-3406-01Z-00-DX1.8D07F006-425C-4724-BBB3-5BA099401234,CPathAgent,TCGA_LUNG_Classification,0.05,7,True,1.0,1.0,0.23711428571428575,1.0,0.8299000000000001,0.1837,0.1468,0.0889,/work/Agent_benchmark/CPathAgent/post_eval/TCGA_LUNG_Classification/ROI/roi_overlap_results.csv,True,True
TCGA-18-3407-01Z-00-DX1.E7DDA7E3-45A2-4E06-A081-E6A81A672155,CPathAgent,TCGA_LUNG_Classification,0.05,8,True,6.0,0.9937,0.24451250000000002,0.9937,0.9779500000000001,0.3699,0.2354,0.168,/work/Agent_benchmark/CPathAgent/post_eval/TCGA_LUNG_Classification/ROI/roi_overlap_results.csv,False,True
TCGA-18-3408-01Z-00-DX1.B4AFC08A-7460-4EE6-B033-629C6A6CA6E8,CPathAgent,TCGA_LUNG_Classification,0.05,1,False,,0.0,0.0,,,0.0,0.0,0.0,/work/Agent_benchmark/CPathAgent/post_eval/TCGA_LUNG_Classification/ROI/roi_overlap_results.csv,,False
TCGA-18-3409-01Z-00-DX1.3E32CC78-B066-4F85-A781-EDAF39DE0704,CPathAgent,TCGA_LUNG_Classification,0.05,24,True,2.0,0.7343,0.10094166666666667,0.7343,0.3435142857142857,0.1397,0.92,0.138,/work/Agent_benchmark/CPathAgent/post_eval/TCGA_LUNG_Classification/ROI/roi_overlap_results.csv,False,True
TCGA-18-3410-01Z-00-DX1.DB186D75-4AEE-4E1B-83D5-5A1970F03581,CPathAgent,TCGA_LUNG_Classification,0.05,6,True,1.0,1.0,0.9006333333333334,1.0,0.9006333333333334,0.8591,0.1312,0.1284,/work/Agent_benchmark/CPathAgent/post_eval/TCGA_LUNG_Classification/ROI/roi_overlap_results.csv,True,True
TCGA-18-3411-01Z-00-DX1.D9228674-5B13-44CB-A7AE-C64FD97A3BBB,CPathAgent,TCGA_LUNG_Classification,0.05,28,True,1.0,1.0,0.6461857142857143,1.0,0.7866608695652174,0.5608,0.6697,0.4393,/work/Agent_benchmark/CPathAgent/post_eval/TCGA_LUNG_Classification/ROI/roi_overlap_results.csv,True,True
TCGA-18-3412-01Z-00-DX1.699A17A5-356B-42F8-815A-5DBD60293242,CPathAgent,TCGA_LUNG_Classification,0.05,29,True,1.0,1.0,0.8565551724137931,1.0,0.8565551724137931,0.8034,0.7803,0.6552,/work/Agent_benchmark/CPathAgent/post_eval/TCGA_LUNG_Classification/ROI/roi_overlap_results.csv,True,True
TCGA-18-3414-01Z-00-DX1.B76AF657-7A93-4F33-BC1A-2E8BF652FC17,CPathAgent,TCGA_LUNG_Classification,0.05,11,True,3.0,1.0,0.34847272727272727,1.0,0.6388666666666666,0.3224,0.3859,0.2131,/work/Agent_benchmark/CPathAgent/post_eval/TCGA_LUNG_Classification/ROI/roi_overlap_results.csv,False,True
TCGA-18-3415-01Z-00-DX1.8C62F2CD-4A2F-4D1E-A662-D7D5AFE557AB,CPathAgent,TCGA_LUNG_Classification,0.05,23,True,2.0,1.0,0.5718782608695652,1.0,0.7726529411764705,0.5427,0.3998,0.2991,/work/Agent_benchmark/CPathAgent/post_eval/TCGA_LUNG_Classification/ROI/roi_overlap_results.csv,True,True
TCGA-18-3416-01Z-00-DX1.EDAD3DEB-8A86-4F34-82EC-6691BFDE900D,CPathAgent,TCGA_LUNG_Classification,0.05,12,True,1.0,0.9828,0.3515083333333333,0.9828,0.5272625,0.3878,0.3426,0.2223,/work/Agent_benchmark/CPathAgent/post_eval/TCGA_LUNG_Classification/ROI/roi_overlap_results.csv,True,True
TCGA-18-3417-01Z-00-DX1.B424DA03-9007-4FD0-9A92-BCB40319711C,CPathAgent,TCGA_LUNG_Classification,0.05,4,True,1.0,1.0,0.53885,1.0,0.7184666666666667,0.6246,0.0986,0.0931,/work/Agent_benchmark/CPathAgent/post_eval/TCGA_LUNG_Classification/ROI/roi_overlap_results.csv,False,True
TCGA-18-3419-01Z-00-DX1.69597BCF-2D4E-4D9B-B4E8-C03137445AF4,CPathAgent,TCGA_LUNG_Classification,0.05,11,True,1.0,1.0,0.7620545454545454,1.0,0.7620545454545454,0.7741,0.2592,0.2409,/work/Agent_benchmark/CPathAgent/post_eval/TCGA_LUNG_Classification/ROI/roi_overlap_results.csv,True,True
TCGA-18-3421-01Z-00-DX1.3777597A-8B36-48A9-B950-C8233392A6D5,CPathAgent,TCGA_LUNG_Classification,0.05,16,True,1.0,1.0,0.57750625,1.0,0.7073153846153846,0.6217,0.7613,0.5203,/work/Agent_benchmark/CPathAgent/post_eval/TCGA_LUNG_Classification/ROI/roi_overlap_results.csv,True,True
TCGA-18-4083-01Z-00-DX1.337D4583-326F-4108-9441-DC74FAED6AE2,CPathAgent,TCGA_LUNG_Classification,0.05,13,True,1.0,1.0,0.47089230769230767,1.0,0.7601625,0.426,0.3324,0.2296,/work/Agent_benchmark/CPathAgent/post_eval/TCGA_LUNG_Classification/ROI/roi_overlap_results.csv,False,True
TCGA-18-4086-01Z-00-DX1.1D06B771-F978-4763-8D4E-7B540E02C55A,CPathAgent,TCGA_LUNG_Classification,0.05,2,True,2.0,1.0,0.5,1.0,1.0,0.7404,0.0606,0.0593,/work/Agent_benchmark/CPathAgent/post_eval/TCGA_LUNG_Classification/ROI/roi_overlap_results.csv,False,True
TCGA-18-4721-01Z-00-DX1.C4952E79-071A-49C5-8E28-474442832D4E,CPathAgent,TCGA_LUNG_Classification,0.05,2,True,1.0,0.7537,0.69855,0.7537,0.69855,0.7537,0.0716,0.07,/work/Agent_benchmark/CPathAgent/post_eval/TCGA_LUNG_Classification/ROI/roi_overlap_results.csv,False,True
TCGA-18-5592-01Z-00-DX1.41BD6380-A3A0-4ED1-8752-42BBC3B4680C,CPathAgent,TCGA_LUNG_Classification,0.05,21,True,1.0,1.0,0.49430952380952387,1.0,0.8624083333333333,0.302,0.3136,0.1818,/work/Agent_benchmark/CPathAgent/post_eval/TCGA_LUNG_Classification/ROI/roi_overlap_results.csv,True,True
TCGA-18-5595-01Z-00-DX1.75235488-2F6F-42CE-8D7D-0E9A360E1C61,CPathAgent,TCGA_LUNG_Classification,0.05,1,False,,0.0,0.0,,,0.0,0.0,0.0,/work/Agent_benchmark/CPathAgent/post_eval/TCGA_LUNG_Classification/ROI/roi_overlap_results.csv,,False
TCGA-21-1070-01Z-00-DX1.06363f8a-ef29-4d73-95da-a3172d7873c0,CPathAgent,TCGA_LUNG_Classification,0.05,1,False,,0.0,0.0,,,0.0,0.0,0.0,/work/Agent_benchmark/CPathAgent/post_eval/TCGA_LUNG_Classification/ROI/roi_overlap_results.csv,,False
TCGA-21-1071-01Z-00-DX1.a9bba825-1c92-4101-9086-c4d1c91117af,CPathAgent,TCGA_LUNG_Classification,0.05,5,True,1.0,0.7891,0.39892000000000005,0.7891,0.6648666666666667,0.3721,0.5176,0.2763,/work/Agent_benchmark/CPathAgent/post_eval/TCGA_LUNG_Classification/ROI/roi_overlap_results.csv,False,True
TCGA-21-1072-01Z-00-DX1.9e6c90ad-0529-4b8b-a4f8-1b05430600f9,CPathAgent,TCGA_LUNG_Classification,0.05,2,True,1.0,0.452,0.29185,0.452,0.29185,0.1317,0.0541,0.0399,/work/Agent_benchmark/CPathAgent/post_eval/TCGA_LUNG_Classification/ROI/roi_overlap_results.csv,True,True
TCGA-21-1075-01Z-00-DX1.937872ae-4d6f-4d7a-b54f-b7e797cb84b0,CPathAgent,TCGA_LUNG_Classification,0.05,2,True,1.0,0.996,0.498,0.996,0.996,0.1461,0.0935,0.0605,/work/Agent_benchmark/CPathAgent/post_eval/TCGA_LUNG_Classification/ROI/roi_overlap_results.csv,False,True
TCGA-21-1076-01Z-00-DX1.533ca070-93e0-4d49-8770-8f42f341ca38,CPathAgent,TCGA_LUNG_Classification,0.05,2,True,1.0,0.8084,0.4042,0.8084,0.8084,0.1048,0.0887,0.0504,/work/Agent_benchmark/CPathAgent/post_eval/TCGA_LUNG_Classification/ROI/roi_overlap_results.csv,False,True
TCGA-21-1077-01Z-00-DX1.e7d0d3ca-b24c-4b2b-bb8f-13cc6991fb78,CPathAgent,TCGA_LUNG_Classification,0.05,1,False,,0.0,0.0,,,0.0,0.0,0.0,/work/Agent_benchmark/CPathAgent/post_eval/TCGA_LUNG_Classification/ROI/roi_overlap_results.csv,,False
TCGA-21-1078-01Z-00-DX1.12d4a290-04fa-413e-b274-7c143d42c266,CPathAgent,TCGA_LUNG_Classification,0.05,8,True,1.0,0.7073,0.2290875,0.7073,0.35594000000000003,0.1843,0.3997,0.1443,/work/Agent_benchmark/CPathAgent/post_eval/TCGA_LUNG_Classification/ROI/roi_overlap_results.csv,False,True
TCGA-21-1079-01Z-00-DX1.fb8e44cd-f73f-48a4-82d2-34f334d79f53,CPathAgent,TCGA_LUNG_Classification,0.05,3,True,1.0,0.4919,0.16396666666666668,0.4919,0.4919,0.0547,0.05,0.0268,/work/Agent_benchmark/CPathAgent/post_eval/TCGA_LUNG_Classification/ROI/roi_overlap_results.csv,False,True
TCGA-21-1080-01Z-00-DX1.7afa55df-e460-406e-ae9a-43ac4a71d0b0,CPathAgent,TCGA_LUNG_Classification,0.05,4,False,,0.0,0.0,,,0.0,0.0,0.0,/work/Agent_benchmark/CPathAgent/post_eval/TCGA_LUNG_Classification/ROI/roi_overlap_results.csv,False,True
TCGA-21-1081-01Z-00-DX1.fce8927a-2c5f-4a64-8414-da66424b3859,CPathAgent,TCGA_LUNG_Classification,0.05,2,True,2.0,0.5889,0.29445,0.5889,0.5889,0.4711,0.1473,0.1264,/work/Agent_benchmark/CPathAgent/post_eval/TCGA_LUNG_Classification/ROI/roi_overlap_results.csv,False,True
TCGA-21-1082-01Z-00-DX1.cae5bbaa-76f5-416d-b532-16cf773e017e,CPathAgent,TCGA_LUNG_Classification,0.05,11,True,3.0,0.7503,0.2513363636363636,0.7503,0.5529399999999999,0.247,0.4912,0.1967,/work/Agent_benchmark/CPathAgent/post_eval/TCGA_LUNG_Classification/ROI/roi_overlap_results.csv,False,True
TCGA-21-1083-01Z-00-DX1.8288ca92-b611-4acf-986e-0b8a3f620b94,CPathAgent,TCGA_LUNG_Classification,0.05,2,False,,0.0,0.0,,,0.0,0.0,0.0,/work/Agent_benchmark/CPathAgent/post_eval/TCGA_LUNG_Classification/ROI/roi_overlap_results.csv,True,True
TCGA-21-5782-01Z-00-DX1.E0C856C0-9055-4437-9393-695D699E4F57,CPathAgent,TCGA_LUNG_Classification,0.05,6,True,3.0,0.4597,0.12581666666666666,0.4597,0.2467,0.1422,0.1882,0.0881,/work/Agent_benchmark/CPathAgent/post_eval/TCGA_LUNG_Classification/ROI/roi_overlap_results.csv,False,True
TCGA-21-5783-01Z-00-DX1.3FAB28DF-5748-42D5-8257-3D440C4FB5FB,CPathAgent,TCGA_LUNG_Classification,0.05,14,True,3.0,0.7492,0.1313642857142857,0.7492,0.43660000000000004,0.1463,0.3801,0.1181,/work/Agent_benchmark/CPathAgent/post_eval/TCGA_LUNG_Classification/ROI/roi_overlap_results.csv,True,True
TCGA-21-5784-01Z-00-DX1.E50E7F4B-BE37-4171-94A7-E824CFF4B3BB,CPathAgent,TCGA_LUNG_Classification,0.05,7,True,4.0,0.5625,0.14268571428571428,0.5625,0.33099999999999996,0.1468,0.314,0.1111,/work/Agent_benchmark/CPathAgent/post_eval/TCGA_LUNG_Classification/ROI/roi_overlap_results.csv,False,True
TCGA-21-5786-01Z-00-DX1.928370C0-0BD4-43D6-94EB-FE7CB172265E,CPathAgent,TCGA_LUNG_Classification,0.05,2,True,1.0,0.9375,0.8205,0.9375,0.8205,0.7501,0.3379,0.3037,/work/Agent_benchmark/CPathAgent/post_eval/TCGA_LUNG_Classification/ROI/roi_overlap_results.csv,False,True
TCGA-21-5787-01Z-00-DX1.FEE037E3-B9B0-4C2E-97EF-D6E4F64E1DF9,CPathAgent,TCGA_LUNG_Classification,0.05,10,True,1.0,1.0,0.91709,1.0,0.91709,0.8662,0.4953,0.4601,/work/Agent_benchmark/CPathAgent/post_eval/TCGA_LUNG_Classification/ROI/roi_overlap_results.csv,False,True
TCGA-21-A5DI-01Z-00-DX1.E9123261-ADE7-468C-9E9A-334E131FFF97,CPathAgent,TCGA_LUNG_Classification,0.05,2,True,2.0,0.2503,0.12515,0.2503,0.2503,0.2067,0.0794,0.0608,/work/Agent_benchmark/CPathAgent/post_eval/TCGA_LUNG_Classification/ROI/roi_overlap_results.csv,False,True
TCGA-22-0940-01Z-00-DX1.775CB101-6A55-40DD-B19F-7BFCA7820F5F,CPathAgent,TCGA_LUNG_Classification,0.05,10,True,2.0,1.0,0.22681,1.0,0.560075,0.2085,0.3392,0.1483,/work/Agent_benchmark/CPathAgent/post_eval/TCGA_LUNG_Classification/ROI/roi_overlap_results.csv,True,True
TCGA-22-0944-01Z-00-DX1.3DC7624F-2D59-40D5-9E1F-95FCCD80D0C4,CPathAgent,TCGA_LUNG_Classification,0.05,15,True,1.0,1.0,0.64064,1.0,0.8735999999999998,0.6533,0.5635,0.4338,/work/Agent_benchmark/CPathAgent/post_eval/TCGA_LUNG_Classification/ROI/roi_overlap_results.csv,True,True
TCGA-22-1000-01Z-00-DX1.D2ACF3D3-6187-49A1-ABBC-8D8E611EEE55,CPathAgent,TCGA_LUNG_Classification,0.05,9,True,3.0,1.0,0.30021111111111115,1.0,0.675475,0.2872,0.3015,0.1724,/work/Agent_benchmark/CPathAgent/post_eval/TCGA_LUNG_Classification/ROI/roi_overlap_results.csv,True,True
TCGA-22-1002-01Z-00-DX1.A41CF987-B2E7-4ADE-8580-735631EEE963,CPathAgent,TCGA_LUNG_Classification,0.05,17,True,1.0,1.0,0.2427470588235294,1.0,0.6877833333333333,0.1728,0.4885,0.1463,/work/Agent_benchmark/CPathAgent/post_eval/TCGA_LUNG_Classification/ROI/roi_overlap_results.csv,True,True
TCGA-22-1005-01Z-00-DX1.4A151CC3-E57F-4345-817A-2B9DBAF98477,CPathAgent,TCGA_LUNG_Classification,0.05,2,True,1.0,1.0,0.98715,1.0,0.98715,0.9794,0.133,0.1326,/work/Agent_benchmark/CPathAgent/post_eval/TCGA_LUNG_Classification/ROI/roi_overlap_results.csv,True,True
TCGA-22-1011-01Z-00-DX1.A67E3D3F-4B94-4335-8199-03B7CB75608E,CPathAgent,TCGA_LUNG_Classification,0.05,3,True,1.0,0.9319,0.6633666666666667,0.9319,0.6633666666666667,0.5292,0.0933,0.0862,/work/Agent_benchmark/CPathAgent/post_eval/TCGA_LUNG_Classification/ROI/roi_overlap_results.csv,True,True
TCGA-22-1012-01Z-00-DX1.053F81FA-F91A-42B0-8F12-CD2495FA9E99,CPathAgent,TCGA_LUNG_Classification,0.05,3,True,1.0,1.0,0.9311000000000001,1.0,0.9311000000000001,0.9106,0.1315,0.1298,/work/Agent_benchmark/CPathAgent/post_eval/TCGA_LUNG_Classification/ROI/roi_overlap_results.csv,False,True
TCGA-22-1016-01Z-00-DX1.807510FD-222D-4E65-B261-3EB0815F8A50,CPathAgent,TCGA_LUNG_Classification,0.05,15,True,1.0,0.636,0.22254666666666664,0.636,0.3706222222222222,0.2574,0.6844,0.2301,/work/Agent_benchmark/CPathAgent/post_eval/TCGA_LUNG_Classification/ROI/roi_overlap_results.csv,True,True
TCGA-22-1017-01Z-00-DX1.9562FE79-A261-42D3-B394-F3E0E2FF7DDA,CPathAgent,TCGA_LUNG_Classification,0.05,8,True,1.0,1.0,0.34086249999999996,1.0,0.54538,0.3811,0.4034,0.2437,/work/Agent_benchmark/CPathAgent/post_eval/TCGA_LUNG_Classification/ROI/roi_overlap_results.csv,True,True
TCGA-22-4591-01Z-00-DX1.8C89ABEB-A1E3-47D1-B247-02539EF3F959,CPathAgent,TCGA_LUNG_Classification,0.05,7,True,1.0,1.0,0.5452142857142858,1.0,0.6360833333333334,0.5195,0.1838,0.1571,/work/Agent_benchmark/CPathAgent/post_eval/TCGA_LUNG_Classification/ROI/roi_overlap_results.csv,False,True
TCGA-22-4593-01Z-00-DX1.B573D1D5-88CE-4989-8A18-F9545E8ACA82,CPathAgent,TCGA_LUNG_Classification,0.05,21,True,1.0,1.0,0.7973619047619047,1.0,0.9300722222222222,0.7019,0.545,0.4426,/work/Agent_benchmark/CPathAgent/post_eval/TCGA_LUNG_Classification/ROI/roi_overlap_results.csv,True,True
TCGA-22-4594-01Z-00-DX1.3FCEBC89-8473-4841-87A2-F84AF58A7793,CPathAgent,TCGA_LUNG_Classification,0.05,27,True,1.0,1.0,0.7619999999999999,1.0,0.7619999999999999,0.7702,0.6203,0.5234,/work/Agent_benchmark/CPathAgent/post_eval/TCGA_LUNG_Classification/ROI/roi_overlap_results.csv,False,True
TCGA-22-4595-01Z-00-DX1.42F28D1E-7AC2-4113-B4EC-F1E7850EA14D,CPathAgent,TCGA_LUNG_Classification,0.05,20,True,3.0,1.0,0.4128499999999999,1.0,0.6880666666666665,0.3145,0.2231,0.1501,/work/Agent_benchmark/CPathAgent/post_eval/TCGA_LUNG_Classification/ROI/roi_overlap_results.csv,False,True
TCGA-22-4596-01Z-00-DX1.0B754257-5EBB-4ABF-A847-7EFA71C7D9E7,CPathAgent,TCGA_LUNG_Classification,0.05,6,True,1.0,0.9358,0.5241166666666667,0.9358,0.7746,0.4393,0.3045,0.2193,/work/Agent_benchmark/CPathAgent/post_eval/TCGA_LUNG_Classification/ROI/roi_overlap_results.csv,False,True
TCGA-22-4599-01Z-00-DX1.2178D5C0-A444-44F5-B878-F5D1FB2943C9,CPathAgent,TCGA_LUNG_Classification,0.05,18,True,2.0,1.0,0.4250611111111111,1.0,0.6955545454545454,0.5164,0.5091,0.3447,/work/Agent_benchmark/CPathAgent/post_eval/TCGA_LUNG_Classification/ROI/roi_overlap_results.csv,True,True
TCGA-22-4601-01Z-00-DX1.2EABA7B1-1E31-4AFE-B97B-D40EEAD66D85,CPathAgent,TCGA_LUNG_Classification,0.05,7,True,1.0,1.0,0.5095571428571428,1.0,0.891725,0.5412,0.4278,0.314,/work/Agent_benchmark/CPathAgent/post_eval/TCGA_LUNG_Classification/ROI/roi_overlap_results.csv,True,True
TCGA-22-4604-01Z-00-DX1.C398D192-8564-42AB-89B8-461F0830D8A1,CPathAgent,TCGA_LUNG_Classification,0.05,2,True,1.0,0.7644,0.60065,0.7644,0.60065,0.4369,0.0255,0.0247,/work/Agent_benchmark/CPathAgent/post_eval/TCGA_LUNG_Classification/ROI/roi_overlap_results.csv,True,True
TCGA-22-4605-01Z-00-DX1.5B725941-80CE-497B-8A1E-856D16DD2870,CPathAgent,TCGA_LUNG_Classification,0.05,27,True,4.0,1.0,0.47560740740740737,1.0,0.7537764705882352,0.4515,0.6024,0.3478,/work/Agent_benchmark/CPathAgent/post_eval/TCGA_LUNG_Classification/ROI/roi_overlap_results.csv,True,True
TCGA-22-4607-01Z-00-DX1.5C521672-8405-43A2-ACB5-16174A74BCB7,CPathAgent,TCGA_LUNG_Classification,0.05,10,True,1.0,1.0,0.48377,1.0,0.7993,0.2941,0.0875,0.0723,/work/Agent_benchmark/CPathAgent/post_eval/TCGA_LUNG_Classification/ROI/roi_overlap_results.csv,True,True
TCGA-22-4609-01Z-00-DX1.35112DF6-5AD4-4EF5-8D00-41AEED41C246,CPathAgent,TCGA_LUNG_Classification,0.05,3,True,2.0,0.1052,0.03506666666666667,0.1052,0.1052,0.0511,0.0168,0.0128,/work/Agent_benchmark/CPathAgent/post_eval/TCGA_LUNG_Classification/ROI/roi_overlap_results.csv,False,True
TCGA-22-4613-01Z-00-DX1.4BC3B7B8-99E7-4744-8F5A-089ECCDE144E,CPathAgent,TCGA_LUNG_Classification,0.05,9,True,1.0,1.0,0.4450444444444444,1.0,0.4450444444444444,0.4616,0.337,0.2419,/work/Agent_benchmark/CPathAgent/post_eval/TCGA_LUNG_Classification/ROI/roi_overlap_results.csv,False,True
TCGA-22-5471-01Z-00-DX1.AACEB098-E9B8-4A2B-905E-7D66BE962922,CPathAgent,TCGA_LUNG_Classification,0.05,19,True,1.0,1.0,0.6498157894736842,1.0,0.726264705882353,0.6087,0.5644,0.4142,/work/Agent_benchmark/CPathAgent/post_eval/TCGA_LUNG_Classification/ROI/roi_overlap_results.csv,True,True
TCGA-22-5472-01Z-00-DX1.1E2A1D5E-C7D3-449E-910F-1199A396804C,CPathAgent,TCGA_LUNG_Classification,0.05,7,True,1.0,0.9958,0.3573714285714286,0.9958,0.6254000000000001,0.1164,0.03,0.0244,/work/Agent_benchmark/CPathAgent/post_eval/TCGA_LUNG_Classification/ROI/roi_overlap_results.csv,True,True
TCGA-22-5473-01Z-00-DX1.C452FE31-443B-43AE-A5FA-451DF0127F8F,CPathAgent,TCGA_LUNG_Classification,0.05,17,True,1.0,1.0,0.8157588235294118,1.0,0.8157588235294118,0.7838,0.8174,0.667,/work/Agent_benchmark/CPathAgent/post_eval/TCGA_LUNG_Classification/ROI/roi_overlap_results.csv,True,True
TCGA-22-5474-01Z-00-DX1.8736FB24-7E65-4ACB-9325-382D7F864F62,CPathAgent,TCGA_LUNG_Classification,0.05,11,True,1.0,0.9983,0.41520909090909086,0.9983,0.5055888888888889,0.2887,0.6907,0.2556,/work/Agent_benchmark/CPathAgent/post_eval/TCGA_LUNG_Classification/ROI/roi_overlap_results.csv,True,True
TCGA-22-5477-01Z-00-DX1.D4CA03F8-FFA8-4926-B93C-EBFDC6791B1F,CPathAgent,TCGA_LUNG_Classification,0.05,1,False,,0.0,0.0,,,0.0,0.0,0.0,/work/Agent_benchmark/CPathAgent/post_eval/TCGA_LUNG_Classification/ROI/roi_overlap_results.csv,,False
TCGA-22-5478-01Z-00-DX1.6368788A-96D5-499B-A199-89BF1413AE43,CPathAgent,TCGA_LUNG_Classification,0.05,9,True,1.0,1.0,0.6846000000000001,1.0,0.7701749999999999,0.7133,0.4315,0.3677,/work/Agent_benchmark/CPathAgent/post_eval/TCGA_LUNG_Classification/ROI/roi_overlap_results.csv,False,True
TCGA-22-5479-01Z-00-DX1.3DCD4654-459D-4046-87C3-E59C61A1E7FA,CPathAgent,TCGA_LUNG_Classification,0.05,9,True,1.0,1.0,0.4689444444444444,1.0,0.5219125,0.2926,0.1621,0.1164,/work/Agent_benchmark/CPathAgent/post_eval/TCGA_LUNG_Classification/ROI/roi_overlap_results.csv,True,True
TCGA-22-5480-01Z-00-DX1.A6E25FF1-9616-4F5F-97BD-BA1912C46008,CPathAgent,TCGA_LUNG_Classification,0.05,15,True,1.0,0.8921,0.35589333333333334,0.8921,0.4448666666666667,0.3045,0.5592,0.2455,/work/Agent_benchmark/CPathAgent/post_eval/TCGA_LUNG_Classification/ROI/roi_overlap_results.csv,False,True
TCGA-22-5481-01Z-00-DX1.6BB77BD0-92FF-43FF-A86C-9EF41B2921DA,CPathAgent,TCGA_LUNG_Classification,0.05,7,True,1.0,1.0,0.7165714285714285,1.0,0.8281000000000001,0.6392,0.2549,0.2228,/work/Agent_benchmark/CPathAgent/post_eval/TCGA_LUNG_Classification/ROI/roi_overlap_results.csv,False,True
TCGA-22-5482-01Z-00-DX1.901F90D4-1F4E-4344-925B-37B7DD78B751,CPathAgent,TCGA_LUNG_Classification,0.05,1,False,,0.0,0.0,,,0.0,0.0,0.0,/work/Agent_benchmark/CPathAgent/post_eval/TCGA_LUNG_Classification/ROI/roi_overlap_results.csv,,False
TCGA-22-5483-01Z-00-DX1.79EF4B70-4703-4FF1-81CA-20014A932437,CPathAgent,TCGA_LUNG_Classification,0.05,2,True,1.0,1.0,0.74135,1.0,0.74135,0.5778,0.082,0.0773,/work/Agent_benchmark/CPathAgent/post_eval/TCGA_LUNG_Classification/ROI/roi_overlap_results.csv,False,True
TCGA-22-5485-01Z-00-DX1.952DBCF0-08DA-49BD-B020-DEC1A77A1D81,CPathAgent,TCGA_LUNG_Classification,0.05,9,True,3.0,0.9613,0.21002222222222222,0.9613,0.46937500000000004,0.2643,0.314,0.1675,/work/Agent_benchmark/CPathAgent/post_eval/TCGA_LUNG_Classification/ROI/roi_overlap_results.csv,False,True
TCGA-22-5489-01Z-00-DX1.0518AF53-5642-40FB-A631-4C50D7707C8F,CPathAgent,TCGA_LUNG_Classification,0.05,6,True,3.0,0.5941,0.17958333333333334,0.5941,0.34850000000000003,0.2131,0.2371,0.1264,/work/Agent_benchmark/CPathAgent/post_eval/TCGA_LUNG_Classification/ROI/roi_overlap_results.csv,True,True
TCGA-22-5491-01Z-00-DX1.19908BEC-3DDA-4BCD-9EB1-0D2C4A1E5110,CPathAgent,TCGA_LUNG_Classification,0.05,14,True,1.0,1.0,0.42270714285714284,1.0,0.5917900000000001,0.3679,0.2366,0.1682,/work/Agent_benchmark/CPathAgent/post_eval/TCGA_LUNG_Classification/ROI/roi_overlap_results.csv,False,True
TCGA-22-5492-01Z-00-DX1.A17DE349-CD76-4B12-9C5C-DB8DFB23C003,CPathAgent,TCGA_LUNG_Classification,0.05,4,True,1.0,1.0,0.628925,1.0,0.8385666666666666,0.6737,0.176,0.1622,/work/Agent_benchmark/CPathAgent/post_eval/TCGA_LUNG_Classification/ROI/roi_overlap_results.csv,False,True
TCGA-22-A5C4-01Z-00-DX1.54058689-5CA5-4F92-B18A-86208C24C87D,CPathAgent,TCGA_LUNG_Classification,0.05,12,True,1.0,1.0,0.5109750000000001,1.0,0.7611125,0.3798,0.2659,0.1854,/work/Agent_benchmark/CPathAgent/post_eval/TCGA_LUNG_Classification/ROI/roi_overlap_results.csv,False,True
TCGA-33-4532-01Z-00-DX1.32ab8c26-7cdc-4e55-8c70-5a35d83f81a2,CPathAgent,TCGA_LUNG_Classification,0.05,35,True,2.0,1.0,0.31232571428571426,1.0,0.72876,0.3077,0.3106,0.1828,/work/Agent_benchmark/CPathAgent/post_eval/TCGA_LUNG_Classification/ROI/roi_overlap_results.csv,False,True
TCGA-33-4532-01Z-00-DX2.cd6e3f47-14fd-46e4-baf8-2e682ade44d1,CPathAgent,TCGA_LUNG_Classification,0.05,15,True,5.0,0.9274,0.15998666666666667,0.9274,0.4715,0.1543,0.2302,0.1018,/work/Agent_benchmark/CPathAgent/post_eval/TCGA_LUNG_Classification/ROI/roi_overlap_results.csv,True,True
TCGA-33-4532-01Z-00-DX3.a9eb5d3f-e5e4-45e0-8fca-3e50396445eb,CPathAgent,TCGA_LUNG_Classification,0.05,15,True,1.0,1.0,0.24936666666666668,1.0,0.4675625,0.1475,0.3176,0.112,/work/Agent_benchmark/CPathAgent/post_eval/TCGA_LUNG_Classification/ROI/roi_overlap_results.csv,False,True
TCGA-33-4533-01Z-00-DX1.ee36717d-0571-40b3-8ab5-5465d2cca920,CPathAgent,TCGA_LUNG_Classification,0.05,13,True,1.0,1.0,0.5105,1.0,0.6033181818181819,0.4707,0.1458,0.1253,/work/Agent_benchmark/CPathAgent/post_eval/TCGA_LUNG_Classification/ROI/roi_overlap_results.csv,False,True
TCGA-33-4533-01Z-00-DX2.2dad01a3-daa7-45d9-8c74-97ea5e707524,CPathAgent,TCGA_LUNG_Classification,0.05,18,True,2.0,0.7884,0.3184,0.7884,0.6368,0.3211,0.5384,0.2518,/work/Agent_benchmark/CPathAgent/post_eval/TCGA_LUNG_Classification/ROI/roi_overlap_results.csv,False,True
TCGA-33-4533-01Z-00-DX3.5d3d54fc-2bee-4a9e-b9cd-d3ed84b55ef0,CPathAgent,TCGA_LUNG_Classification,0.05,1,False,,0.0,0.0,,,0.0,0.0,0.0,/work/Agent_benchmark/CPathAgent/post_eval/TCGA_LUNG_Classification/ROI/roi_overlap_results.csv,,False
TCGA-33-4533-01Z-00-DX4.b7cd127e-4d9c-45dc-bd5e-e95343819e4c,CPathAgent,TCGA_LUNG_Classification,0.05,2,False,,0.0,0.0,,,0.0,0.0,0.0,/work/Agent_benchmark/CPathAgent/post_eval/TCGA_LUNG_Classification/ROI/roi_overlap_results.csv,True,True
TCGA-33-4533-01Z-00-DX5.b26513d1-9454-4332-b7d4-126ea4ff6b7a,CPathAgent,TCGA_LUNG_Classification,0.05,10,True,2.0,0.9013,0.47115000000000007,0.9013,0.5235,0.4706,0.4284,0.2891,/work/Agent_benchmark/CPathAgent/post_eval/TCGA_LUNG_Classification/ROI/roi_overlap_results.csv,False,True
TCGA-33-4538-01Z-00-DX1.efde88cb-4766-4fb6-bed9-52b14059c7c1,CPathAgent,TCGA_LUNG_Classification,0.05,44,True,14.0,1.0,0.1652977272727273,1.0,0.4848733333333333,0.1712,0.7983,0.1641,/work/Agent_benchmark/CPathAgent/post_eval/TCGA_LUNG_Classification/ROI/roi_overlap_results.csv,True,True
TCGA-33-4538-01Z-00-DX2.62dcecc8-576b-406b-81db-1651e5ea589e,CPathAgent,TCGA_LUNG_Classification,0.05,20,True,1.0,1.0,0.394475,1.0,0.8766111111111111,0.3849,0.5102,0.281,/work/Agent_benchmark/CPathAgent/post_eval/TCGA_LUNG_Classification/ROI/roi_overlap_results.csv,True,True
TCGA-33-4538-01Z-00-DX3.27b62beb-d3c4-493b-8663-73f128c0ad77,CPathAgent,TCGA_LUNG_Classification,0.05,5,True,1.0,0.9899,0.33721999999999996,0.9899,0.5620333333333333,0.3936,0.1087,0.0931,/work/Agent_benchmark/CPathAgent/post_eval/TCGA_LUNG_Classification/ROI/roi_overlap_results.csv,False,True
TCGA-33-4538-01Z-00-DX4.038eb76c-beff-46f0-b0bb-b5c951305b52,CPathAgent,TCGA_LUNG_Classification,0.05,10,True,1.0,1.0,0.4152,1.0,0.5931428571428572,0.2628,0.2593,0.1501,/work/Agent_benchmark/CPathAgent/post_eval/TCGA_LUNG_Classification/ROI/roi_overlap_results.csv,True,True
TCGA-33-4538-01Z-00-DX5.19d6ae2f-feaa-4c38-9335-6bb549631f94,CPathAgent,TCGA_LUNG_Classification,0.05,5,True,5.0,0.5712,0.11424000000000001,0.5712,0.5712,0.2377,0.0336,0.0303,/work/Agent_benchmark/CPathAgent/post_eval/TCGA_LUNG_Classification/ROI/roi_overlap_results.csv,False,True
TCGA-33-4538-01Z-00-DX6.4eef2215-0a0e-478d-81be-207d566e8788,CPathAgent,TCGA_LUNG_Classification,0.05,4,True,1.0,1.0,0.7504500000000001,1.0,0.7504500000000001,0.6667,0.3393,0.2901,/work/Agent_benchmark/CPathAgent/post_eval/TCGA_LUNG_Classification/ROI/roi_overlap_results.csv,False,True
TCGA-33-4538-01Z-00-DX7.4a9f5939-4299-4648-8f62-2a0909e8d3bd,CPathAgent,TCGA_LUNG_Classification,0.05,2,False,,0.0,0.0,,,0.0,0.0,0.0,/work/Agent_benchmark/CPathAgent/post_eval/TCGA_LUNG_Classification/ROI/roi_overlap_results.csv,False,True
TCGA-33-4538-01Z-00-DX8.ec0d10ef-ec0e-4ad2-81fb-907754694e42,CPathAgent,TCGA_LUNG_Classification,0.05,15,True,1.0,0.9025,0.32248666666666664,0.9025,0.6889428571428571,0.2214,0.8007,0.2098,/work/Agent_benchmark/CPathAgent/post_eval/TCGA_LUNG_Classification/ROI/roi_overlap_results.csv,True,True
TCGA-33-4538-01Z-00-DX9.f05eb71e-b511-4326-9097-5ca191f0100e,CPathAgent,TCGA_LUNG_Classification,0.05,9,True,2.0,0.4394,0.13794444444444445,0.4394,0.310375,0.1332,0.059,0.0427,/work/Agent_benchmark/CPathAgent/post_eval/TCGA_LUNG_Classification/ROI/roi_overlap_results.csv,True,True
TCGA-33-4547-01Z-00-DX1.7009df06-03f9-497a-b7bd-f8ef4244d152,CPathAgent,TCGA_LUNG_Classification,0.05,4,True,1.0,1.0,0.4975,1.0,0.995,0.352,0.2034,0.148,/work/Agent_benchmark/CPathAgent/post_eval/TCGA_LUNG_Classification/ROI/roi_overlap_results.csv,True,True
TCGA-33-4547-01Z-00-DX2.a864126e-e46c-4ce4-a3d5-792f35ccaa80,CPathAgent,TCGA_LUNG_Classification,0.05,9,True,2.0,1.0,0.2138,1.0,0.9621,0.1178,0.045,0.0337,/work/Agent_benchmark/CPathAgent/post_eval/TCGA_LUNG_Classification/ROI/roi_overlap_results.csv,True,True
TCGA-33-4547-01Z-00-DX3.9f19ec7f-6469-463a-a027-124c3fe5a06c,CPathAgent,TCGA_LUNG_Classification,0.05,9,True,1.0,1.0,0.8271555555555555,1.0,0.8271555555555555,0.761,0.1484,0.1418,/work/Agent_benchmark/CPathAgent/post_eval/TCGA_LUNG_Classification/ROI/roi_overlap_results.csv,True,True
TCGA-33-4547-01Z-00-DX4.a340ca7a-a732-482c-8df6-bcdcf14890cd,CPathAgent,TCGA_LUNG_Classification,0.05,16,True,4.0,1.0,0.4568,1.0,0.6644363636363636,0.4922,0.4738,0.3183,/work/Agent_benchmark/CPathAgent/post_eval/TCGA_LUNG_Classification/ROI/roi_overlap_results.csv,False,True
TCGA-33-4547-01Z-00-DX5.0430003c-aa9c-4d8f-89fd-72fa63207740,CPathAgent,TCGA_LUNG_Classification,0.05,16,True,5.0,1.0,0.28778750000000003,1.0,0.7608499999999999,0.2816,0.301,0.1702,/work/Agent_benchmark/CPathAgent/post_eval/TCGA_LUNG_Classification/ROI/roi_overlap_results.csv,False,True
TCGA-33-4547-01Z-00-DX6.2bcc33c0-31f2-4354-b954-64bd646f40df,CPathAgent,TCGA_LUNG_Classification,0.05,6,True,1.0,1.0,0.4898666666666667,1.0,0.9715333333333334,0.3269,0.1259,0.1,/work/Agent_benchmark/CPathAgent/post_eval/TCGA_LUNG_Classification/ROI/roi_overlap_results.csv,False,True
TCGA-33-4547-01Z-00-DX7.91be6f90-d9ab-4345-a3bd-91805d9761b9,CPathAgent,TCGA_LUNG_Classification,0.05,6,True,1.0,1.0,0.6935666666666666,1.0,0.8322799999999999,0.5732,0.0306,0.03,/work/Agent_benchmark/CPathAgent/post_eval/TCGA_LUNG_Classification/ROI/roi_overlap_results.csv,False,True
TCGA-33-4566-01Z-00-DX1.C256546D-D3EC-41DA-9681-06BA4B011DD2,CPathAgent,TCGA_LUNG_Classification,0.05,12,True,1.0,0.8824,0.30587500000000006,0.8824,0.524357142857143,0.2787,0.4384,0.2054,/work/Agent_benchmark/CPathAgent/post_eval/TCGA_LUNG_Classification/ROI/roi_overlap_results.csv,False,True
TCGA-33-4582-01Z-00-DX1.629AEDB6-E9AA-4615-92E8-5DDAAFF6103E,CPathAgent,TCGA_LUNG_Classification,0.05,1,False,,0.0,0.0,,,0.0,0.0,0.0,/work/Agent_benchmark/CPathAgent/post_eval/TCGA_LUNG_Classification/ROI/roi_overlap_results.csv,,False
TCGA-33-4583-01Z-00-DX1.c5e3071e-a941-46db-a987-74a059ee6d69,CPathAgent,TCGA_LUNG_Classification,0.05,10,False,,0.0241,0.00479,,,0.0056,0.2539,0.0055,/work/Agent_benchmark/CPathAgent/post_eval/TCGA_LUNG_Classification/ROI/roi_overlap_results.csv,False,True
TCGA-33-4583-01Z-00-DX2.8fc10fa1-82b8-49c5-972b-e4303b4293a7,CPathAgent,TCGA_LUNG_Classification,0.05,3,True,1.0,1.0,0.5638333333333333,1.0,0.84575,0.2521,0.0869,0.0691,/work/Agent_benchmark/CPathAgent/post_eval/TCGA_LUNG_Classification/ROI/roi_overlap_results.csv,True,True
TCGA-33-4583-01Z-00-DX3.f802363d-0e77-450e-bf45-928629c66e23,CPathAgent,TCGA_LUNG_Classification,0.05,6,True,5.0,0.2634,0.07708333333333334,0.2634,0.21875,0.1137,0.0476,0.0347,/work/Agent_benchmark/CPathAgent/post_eval/TCGA_LUNG_Classification/ROI/roi_overlap_results.csv,False,True
TCGA-33-4583-01Z-00-DX4.efa9cdaf-3a6a-4e31-9826-e90f6f3420b7,CPathAgent,TCGA_LUNG_Classification,0.05,10,True,4.0,1.0,0.37111,1.0,0.74222,0.5273,0.3599,0.2721,/work/Agent_benchmark/CPathAgent/post_eval/TCGA_LUNG_Classification/ROI/roi_overlap_results.csv,True,True
TCGA-33-4586-01Z-00-DX1.3b7dbb34-4bb4-4de5-a67f-1b6260fd8f15,CPathAgent,TCGA_LUNG_Classification,0.05,12,True,1.0,1.0,0.6882,1.0,0.8258300000000001,0.6883,0.2146,0.1956,/work/Agent_benchmark/CPathAgent/post_eval/TCGA_LUNG_Classification/ROI/roi_overlap_results.csv,False,True
TCGA-33-4586-01Z-00-DX2.a9798fe4-8db9-41d7-8d00-eb2a9eef1bc0,CPathAgent,TCGA_LUNG_Classification,0.05,20,True,1.0,1.0,0.82835,1.0,0.8718157894736843,0.7949,0.5967,0.5171,/work/Agent_benchmark/CPathAgent/post_eval/TCGA_LUNG_Classification/ROI/roi_overlap_results.csv,False,True
TCGA-33-6738-01Z-00-DX1.d688fae9-4daf-4b6e-b907-fb55e3983d62,CPathAgent,TCGA_LUNG_Classification,0.05,8,True,1.0,0.064,0.010075,0.064,0.064,0.0074,0.0059,0.0033,/work/Agent_benchmark/CPathAgent/post_eval/TCGA_LUNG_Classification/ROI/roi_overlap_results.csv,False,True
TCGA-33-6738-01Z-00-DX2.3a2fa17d-0297-4b0c-8a5f-aa18c5342ef4,CPathAgent,TCGA_LUNG_Classification,0.05,7,True,1.0,1.0,0.533,1.0,0.7462,0.5908,0.2798,0.2344,/work/Agent_benchmark/CPathAgent/post_eval/TCGA_LUNG_Classification/ROI/roi_overlap_results.csv,True,True
TCGA-33-6738-01Z-00-DX3.26deb8f3-f138-45e4-9765-f713030746e8,CPathAgent,TCGA_LUNG_Classification,0.05,18,True,1.0,1.0,0.4854444444444444,1.0,0.7281666666666667,0.345,0.3845,0.2223,/work/Agent_benchmark/CPathAgent/post_eval/TCGA_LUNG_Classification/ROI/roi_overlap_results.csv,False,True
TCGA-33-6738-01Z-00-DX4.8a8b2411-f425-4181-82cc-0c8535055028,CPathAgent,TCGA_LUNG_Classification,0.05,14,True,1.0,1.0,0.5010857142857142,1.0,0.8725125,0.3179,0.3617,0.2036,/work/Agent_benchmark/CPathAgent/post_eval/TCGA_LUNG_Classification/ROI/roi_overlap_results.csv,True,True
TCGA-33-6738-01Z-00-DX5.4af96952-d323-4d2e-9871-e590b7c5f59d,CPathAgent,TCGA_LUNG_Classification,0.05,2,True,1.0,1.0,0.9398,1.0,0.9398,0.8796,0.1689,0.1651,/work/Agent_benchmark/CPathAgent/post_eval/TCGA_LUNG_Classification/ROI/roi_overlap_results.csv,False,True
TCGA-33-6738-01Z-00-DX6.631ec263-2df0-4d13-982b-14db382a2532,CPathAgent,TCGA_LUNG_Classification,0.05,4,False,,0.0,0.0,,,0.0,0.0,0.0,/work/Agent_benchmark/CPathAgent/post_eval/TCGA_LUNG_Classification/ROI/roi_overlap_results.csv,False,True
TCGA-33-A4WN-01Z-00-DX1.438D0EF6-C329-41E5-A7D5-7F037DE34106,CPathAgent,TCGA_LUNG_Classification,0.05,9,True,1.0,1.0,0.6248222222222223,1.0,0.702925,0.5433,0.2296,0.1925,/work/Agent_benchmark/CPathAgent/post_eval/TCGA_LUNG_Classification/ROI/roi_overlap_results.csv,True,True
TCGA-33-A4WN-01Z-00-DX2.0AC8FFA9-BD94-4B28-8066-5430D6053432,CPathAgent,TCGA_LUNG_Classification,0.05,6,True,2.0,0.5285,0.08808333333333333,0.5285,0.5285,0.03,0.044,0.0182,/work/Agent_benchmark/CPathAgent/post_eval/TCGA_LUNG_Classification/ROI/roi_overlap_results.csv,False,True
TCGA-33-A5GW-01Z-00-DX1.6F0833B7-EDAB-4DF4-83D9-393D8ADBFCF3,CPathAgent,TCGA_LUNG_Classification,0.05,6,True,1.0,1.0,0.7071999999999999,1.0,0.7071999999999999,0.7299,0.2097,0.1946,/work/Agent_benchmark/CPathAgent/post_eval/TCGA_LUNG_Classification/ROI/roi_overlap_results.csv,False,True
TCGA-33-A5GW-01Z-00-DX2.8E12990B-CA60-4C94-9309-9A0DA6C63588,CPathAgent,TCGA_LUNG_Classification,0.05,8,True,1.0,1.0,0.8467374999999999,1.0,0.8467374999999999,0.7274,0.2407,0.2208,/work/Agent_benchmark/CPathAgent/post_eval/TCGA_LUNG_Classification/ROI/roi_overlap_results.csv,True,True
TCGA-33-A5GW-01Z-00-DX3.7A1C5169-96C6-4ECB-81E1-1050EFE84B60,CPathAgent,TCGA_LUNG_Classification,0.05,13,True,1.0,1.0,0.43279999999999996,1.0,0.5097636363636363,0.4202,0.2166,0.1668,/work/Agent_benchmark/CPathAgent/post_eval/TCGA_LUNG_Classification/ROI/roi_overlap_results.csv,True,True
TCGA-33-AAS8-01Z-00-DX1.774A64E2-17E4-468C-BFE9-85F0D4F52D0E,CPathAgent,TCGA_LUNG_Classification,0.05,5,True,1.0,0.5724,0.17558,0.5724,0.29263333333333336,0.148,0.9071,0.1458,/work/Agent_benchmark/CPathAgent/post_eval/TCGA_LUNG_Classification/ROI/roi_overlap_results.csv,False,True
TCGA-33-AASB-01Z-00-DX1.7AAF5628-3B4D-4230-8375-AB1A51054466,CPathAgent,TCGA_LUNG_Classification,0.05,3,True,1.0,1.0,0.8631666666666667,1.0,0.8631666666666667,0.8077,0.1272,0.1234,/work/Agent_benchmark/CPathAgent/post_eval/TCGA_LUNG_Classification/ROI/roi_overlap_results.csv,False,True
TCGA-33-AASD-01Z-00-DX1.DAB3D05A-A6CE-47D1-90B6-79EBABAC3454,CPathAgent,TCGA_LUNG_Classification,0.05,2,True,1.0,1.0,0.9434,1.0,0.9434,0.8868,0.1858,0.1815,/work/Agent_benchmark/CPathAgent/post_eval/TCGA_LUNG_Classification/ROI/roi_overlap_results.csv,True,True
TCGA-33-AASI-01Z-00-DX1.71BC119D-9916-4214-9294-26301F2E430F,CPathAgent,TCGA_LUNG_Classification,0.05,2,True,2.0,1.0,0.5,1.0,1.0,0.8,0.0616,0.0607,/work/Agent_benchmark/CPathAgent/post_eval/TCGA_LUNG_Classification/ROI/roi_overlap_results.csv,False,True
TCGA-33-AASJ-01Z-00-DX1.0201CE2A-4DE6-4B4E-A010-37D773207F52,CPathAgent,TCGA_LUNG_Classification,0.05,6,True,1.0,0.9134,0.45913333333333334,0.9134,0.6887,0.2447,0.1222,0.0887,/work/Agent_benchmark/CPathAgent/post_eval/TCGA_LUNG_Classification/ROI/roi_overlap_results.csv,True,True
TCGA-33-AASL-01Z-00-DX1.B6BE8062-EFB3-4615-8F9A-52E2C6D4617F,CPathAgent,TCGA_LUNG_Classification,0.05,11,True,1.0,1.0,0.7882636363636363,1.0,0.9598888888888888,0.7696,0.2457,0.2289,/work/Agent_benchmark/CPathAgent/post_eval/TCGA_LUNG_Classification/ROI/roi_overlap_results.csv,True,True
TCGA-34-2596-01Z-00-DX1.be778d17-d06c-4300-aaf1-c0acbef8fa41,CPathAgent,TCGA_LUNG_Classification,0.05,2,False,,0.0,0.0,,,0.0,0.0,0.0,/work/Agent_benchmark/CPathAgent/post_eval/TCGA_LUNG_Classification/ROI/roi_overlap_results.csv,False,True
TCGA-34-2600-01Z-00-DX1.CDCAAE91-3056-4952-B988-00F3722B520B,CPathAgent,TCGA_LUNG_Classification,0.05,3,True,2.0,1.0,0.3333333333333333,1.0,1.0,0.3857,0.0836,0.0738,/work/Agent_benchmark/CPathAgent/post_eval/TCGA_LUNG_Classification/ROI/roi_overlap_results.csv,True,True
TCGA-34-2604-01Z-00-DX1.C04E4FF6-6E62-432D-AD1E-D0AACAA66875,CPathAgent,TCGA_LUNG_Classification,0.05,6,True,1.0,0.9146,0.5153666666666666,0.9146,0.61844,0.4584,0.1336,0.1154,/work/Agent_benchmark/CPathAgent/post_eval/TCGA_LUNG_Classification/ROI/roi_overlap_results.csv,False,True
TCGA-34-2605-01Z-00-DX1.4DC249E9-26AD-4C0A-918C-3BC6C2DACDD0,CPathAgent,TCGA_LUNG_Classification,0.05,6,True,3.0,0.2372,0.056266666666666666,0.2372,0.16875,0.0473,0.0261,0.0171,/work/Agent_benchmark/CPathAgent/post_eval/TCGA_LUNG_Classification/ROI/roi_overlap_results.csv,False,True
TCGA-34-5232-01Z-00-DX1.7483c36b-8473-439b-a726-2821ec834fc2,CPathAgent,TCGA_LUNG_Classification,0.05,5,False,,0.0,0.0,,,0.0,0.0,0.0,/work/Agent_benchmark/CPathAgent/post_eval/TCGA_LUNG_Classification/ROI/roi_overlap_results.csv,False,True
TCGA-34-5240-01Z-00-DX1.03785f14-494a-4898-9ae0-59e64250c33b,CPathAgent,TCGA_LUNG_Classification,0.05,13,True,1.0,1.0,0.5220076923076923,1.0,0.67827,0.3908,0.3347,0.2199,/work/Agent_benchmark/CPathAgent/post_eval/TCGA_LUNG_Classification/ROI/roi_overlap_results.csv,True,True
TCGA-34-5241-01Z-00-DX1.7abc4737-9a9c-4270-8297-58ea167cea63,CPathAgent,TCGA_LUNG_Classification,0.05,15,True,4.0,0.8374,0.16145333333333334,0.8374,0.60525,0.1679,0.5711,0.1491,/work/Agent_benchmark/CPathAgent/post_eval/TCGA_LUNG_Classification/ROI/roi_overlap_results.csv,False,True
TCGA-34-5928-01Z-00-DX1.d336efc9-3ebb-4457-a81b-1e448781f999,CPathAgent,TCGA_LUNG_Classification,0.05,14,True,1.0,1.0,0.5293928571428571,1.0,0.6718454545454545,0.4849,0.3576,0.2592,/work/Agent_benchmark/CPathAgent/post_eval/TCGA_LUNG_Classification/ROI/roi_overlap_results.csv,True,True
TCGA-34-5929-01Z-00-DX1.a461aed7-0ba9-44dc-8f5b-941cb57aa855,CPathAgent,TCGA_LUNG_Classification,0.05,7,True,2.0,0.53,0.18371428571428572,0.53,0.4286666666666667,0.1787,0.0743,0.0554,/work/Agent_benchmark/CPathAgent/post_eval/TCGA_LUNG_Classification/ROI/roi_overlap_results.csv,False,True
TCGA-34-7107-01Z-00-DX1.c72202e6-740d-4891-945c-f360f7c56bc9,CPathAgent,TCGA_LUNG_Classification,0.05,5,True,4.0,0.449,0.0898,0.449,0.449,0.1137,0.2614,0.0861,/work/Agent_benchmark/CPathAgent/post_eval/TCGA_LUNG_Classification/ROI/roi_overlap_results.csv,False,True
TCGA-34-8454-01Z-00-DX1.A2308ED3-E430-4448-853F-B51412354279,CPathAgent,TCGA_LUNG_Classification,0.05,13,True,2.0,1.0,0.5211076923076923,1.0,0.84365,0.5436,0.2641,0.2162,/work/Agent_benchmark/CPathAgent/post_eval/TCGA_LUNG_Classification/ROI/roi_overlap_results.csv,False,True
TCGA-34-8455-01Z-00-DX1.9B7A1CBA-0B53-4F2A-9AEC-D72FDB6553F7,CPathAgent,TCGA_LUNG_Classification,0.05,3,True,3.0,0.5114,0.18583333333333332,0.5114,0.5114,0.2505,0.0508,0.0441,/work/Agent_benchmark/CPathAgent/post_eval/TCGA_LUNG_Classification/ROI/roi_overlap_results.csv,False,True
TCGA-34-A5IX-01Z-00-DX1.E10EE7FC-91EA-4A39-8B1B-1312C8D9620B,CPathAgent,TCGA_LUNG_Classification,0.05,10,True,1.0,1.0,0.62214,1.0,0.6912666666666667,0.4382,0.196,0.1566,/work/Agent_benchmark/CPathAgent/post_eval/TCGA_LUNG_Classification/ROI/roi_overlap_results.csv,True,True
TCGA-35-4122-01Z-00-DX1.2ac022e4-e796-49e5-9a24-f0ff3f76a527,CPathAgent,TCGA_LUNG_Classification,0.05,15,True,6.0,1.0,0.12978,1.0,0.484375,0.1204,0.5138,0.1081,/work/Agent_benchmark/CPathAgent/post_eval/TCGA_LUNG_Classification/ROI/roi_overlap_results.csv,False,True
TCGA-35-5375-01Z-00-DX1.10708170-750A-451B-BC10-0B4042540033,CPathAgent,TCGA_LUNG_Classification,0.05,2,True,1.0,0.3869,0.23110000000000003,0.3869,0.23110000000000003,0.0753,0.0221,0.0174,/work/Agent_benchmark/CPathAgent/post_eval/TCGA_LUNG_Classification/ROI/roi_overlap_results.csv,False,True
TCGA-37-3789-01Z-00-DX1.d7a4923e-988e-45e9-a64e-30c983740614,CPathAgent,TCGA_LUNG_Classification,0.05,19,True,4.0,0.774,0.12408947368421053,0.774,0.47154000000000007,0.0497,0.1556,0.0392,/work/Agent_benchmark/CPathAgent/post_eval/TCGA_LUNG_Classification/ROI/roi_overlap_results.csv,True,True
TCGA-37-3792-01Z-00-DX1.d95a9f5f-5bad-48fc-9f90-ed2580328b80,CPathAgent,TCGA_LUNG_Classification,0.05,13,True,1.0,1.0,0.2899769230769231,1.0,0.7463,0.1676,0.2033,0.1012,/work/Agent_benchmark/CPathAgent/post_eval/TCGA_LUNG_Classification/ROI/roi_overlap_results.csv,False,True
TCGA-37-4129-01Z-00-DX1.0b52aa1e-20d4-4084-8fa1-2f1b7f09dd5b,CPathAgent,TCGA_LUNG_Classification,0.05,7,True,1.0,0.8991,0.5064428571428571,0.8991,0.59085,0.5292,0.2413,0.1986,/work/Agent_benchmark/CPathAgent/post_eval/TCGA_LUNG_Classification/ROI/roi_overlap_results.csv,False,True
TCGA-37-4130-01Z-00-DX1.37ccfdfe-fc20-4809-8dc7-e342242d0bfa,CPathAgent,TCGA_LUNG_Classification,0.05,11,True,2.0,0.5733,0.05211818181818182,0.5733,0.5733,0.0232,0.0211,0.0112,/work/Agent_benchmark/CPathAgent/post_eval/TCGA_LUNG_Classification/ROI/roi_overlap_results.csv,False,True
TCGA-37-4132-01Z-00-DX1.5e5a564d-6561-48e7-a3a2-81a523392d8b,CPathAgent,TCGA_LUNG_Classification,0.05,8,True,4.0,0.475,0.11835000000000001,0.475,0.31560000000000005,0.1525,0.25,0.1047,/work/Agent_benchmark/CPathAgent/post_eval/TCGA_LUNG_Classification/ROI/roi_overlap_results.csv,False,True
TCGA-37-4133-01Z-00-DX1.3dfcb0df-6f4b-4df7-9d04-085b36e03024,CPathAgent,TCGA_LUNG_Classification,0.05,3,True,1.0,1.0,1.0,1.0,1.0,1.0,0.119,0.119,/work/Agent_benchmark/CPathAgent/post_eval/TCGA_LUNG_Classification/ROI/roi_overlap_results.csv,True,True
TCGA-37-4135-01Z-00-DX1.3f193ee1-530c-4f37-a669-56af75bba8db,CPathAgent,TCGA_LUNG_Classification,0.05,10,True,2.0,1.0,0.27294,1.0,0.5458799999999999,0.3463,0.3491,0.2104,/work/Agent_benchmark/CPathAgent/post_eval/TCGA_LUNG_Classification/ROI/roi_overlap_results.csv,False,True
TCGA-37-4141-01Z-00-DX1.65256656-b0e0-4705-ad00-38f6c8922cfc,CPathAgent,TCGA_LUNG_Classification,0.05,1,False,,0.0,0.0,,,0.0,0.0,0.0,/work/Agent_benchmark/CPathAgent/post_eval/TCGA_LUNG_Classification/ROI/roi_overlap_results.csv,,False
TCGA-37-5819-01Z-00-DX1.3647F836-7BB4-4D41-A85E-CFC0B5CBA216,CPathAgent,TCGA_LUNG_Classification,0.05,7,True,1.0,1.0,0.38762857142857143,1.0,0.9044666666666666,0.3973,0.2582,0.1855,/work/Agent_benchmark/CPathAgent/post_eval/TCGA_LUNG_Classification/ROI/roi_overlap_results.csv,False,True
TCGA-37-A5EL-01Z-00-DX1.DFD49A5B-27F6-407E-8ADA-54EDACAA0788,CPathAgent,TCGA_LUNG_Classification,0.05,7,True,1.0,0.9969,0.3220571428571429,0.9969,0.7514666666666666,0.3218,0.3949,0.2155,/work/Agent_benchmark/CPathAgent/post_eval/TCGA_LUNG_Classification/ROI/roi_overlap_results.csv,True,True
TCGA-37-A5EM-01Z-00-DX1.FF7B9A1C-9D2C-43E4-9AE9-711214ACF77D,CPathAgent,TCGA_LUNG_Classification,0.05,2,True,2.0,0.3224,0.1612,0.3224,0.3224,0.3223,0.0845,0.0717,/work/Agent_benchmark/CPathAgent/post_eval/TCGA_LUNG_Classification/ROI/roi_overlap_results.csv,False,True
TCGA-37-A5EN-01Z-00-DX1.C389C26A-2B88-4DCA-9B32-FEECDFFC35A6,CPathAgent,TCGA_LUNG_Classification,0.05,6,True,1.0,1.0,0.5867666666666668,1.0,0.5867666666666668,0.419,0.2044,0.1593,/work/Agent_benchmark/CPathAgent/post_eval/TCGA_LUNG_Classification/ROI/roi_overlap_results.csv,True,True
TCGA-38-4627-01Z-00-DX1.fe406eb9-b38b-410d-aa1a-84ab8ac091c7,CPathAgent,TCGA_LUNG_Classification,0.05,4,True,4.0,0.8125,0.203125,0.8125,0.8125,0.2708,0.3511,0.1805,/work/Agent_benchmark/CPathAgent/post_eval/TCGA_LUNG_Classification/ROI/roi_overlap_results.csv,True,True
TCGA-38-4628-01Z-00-DX1.eee4f100-142f-4d9c-8e38-b16aab123413,CPathAgent,TCGA_LUNG_Classification,0.05,2,False,,0.0,0.0,,,0.0,0.0,0.0,/work/Agent_benchmark/CPathAgent/post_eval/TCGA_LUNG_Classification/ROI/roi_overlap_results.csv,True,True
TCGA-38-4630-01Z-00-DX1.d08d0193-c5ed-4db8-b236-1a4c3c3177b8,CPathAgent,TCGA_LUNG_Classification,0.05,21,True,1.0,1.0,0.15671428571428572,1.0,0.46252857142857146,0.1294,0.3223,0.1017,/work/Agent_benchmark/CPathAgent/post_eval/TCGA_LUNG_Classification/ROI/roi_overlap_results.csv,True,True
TCGA-38-4631-01Z-00-DX1.5e0c873a-9c4c-4e0b-bf2e-e3cd8b760761,CPathAgent,TCGA_LUNG_Classification,0.05,12,True,1.0,0.9017,0.25093333333333334,0.9017,0.5018666666666667,0.136,0.4529,0.1168,/work/Agent_benchmark/CPathAgent/post_eval/TCGA_LUNG_Classification/ROI/roi_overlap_results.csv,False,True
TCGA-38-6178-01Z-00-DX1.5932337D-BA2B-455D-9E34-22961EFA2170,CPathAgent,TCGA_LUNG_Classification,0.05,7,True,1.0,0.7965,0.11957142857142856,0.7965,0.7965,0.0544,0.0415,0.0241,/work/Agent_benchmark/CPathAgent/post_eval/TCGA_LUNG_Classification/ROI/roi_overlap_results.csv,True,True
TCGA-38-A44F-01Z-00-DX1.B9958072-D8BB-40DD-B28E-2E83CE2B550B,CPathAgent,TCGA_LUNG_Classification,0.05,6,False,,0.0,0.0,,,0.0,0.0,0.0,/work/Agent_benchmark/CPathAgent/post_eval/TCGA_LUNG_Classification/ROI/roi_overlap_results.csv,True,True
TCGA-39-5011-01Z-00-DX1.be58f65a-0b90-4ba4-bc5f-df74d4a3df22,CPathAgent,TCGA_LUNG_Classification,0.05,2,True,1.0,0.6861,0.65195,0.6861,0.65195,0.6178,0.1488,0.1363,/work/Agent_benchmark/CPathAgent/post_eval/TCGA_LUNG_Classification/ROI/roi_overlap_results.csv,True,True
TCGA-39-5016-01Z-00-DX1.b568cdcd-f8bf-4917-ae40-dbd505c36d1e,CPathAgent,TCGA_LUNG_Classification,0.05,5,True,1.0,1.0,0.9138999999999999,1.0,0.9138999999999999,0.9527,0.2822,0.2783,/work/Agent_benchmark/CPathAgent/post_eval/TCGA_LUNG_Classification/ROI/roi_overlap_results.csv,True,True
TCGA-39-5019-01Z-00-DX1.FE0485DE-AEB3-443F-AFCA-C186C336F7EC,CPathAgent,TCGA_LUNG_Classification,0.05,4,True,1.0,1.0,0.96715,1.0,0.96715,0.9812,0.1122,0.112,/work/Agent_benchmark/CPathAgent/post_eval/TCGA_LUNG_Classification/ROI/roi_overlap_results.csv,True,True
TCGA-39-5021-01Z-00-DX1.4d22d3ca-cb06-43d0-aba7-583f1d706105,CPathAgent,TCGA_LUNG_Classification,0.05,3,True,1.0,0.752,0.40103333333333335,0.752,0.60155,0.3758,0.3205,0.2092,/work/Agent_benchmark/CPathAgent/post_eval/TCGA_LUNG_Classification/ROI/roi_overlap_results.csv,False,True
TCGA-39-5022-01Z-00-DX1.1bf6a4da-0b59-4478-bcf1-b004f0356342,CPathAgent,TCGA_LUNG_Classification,0.05,1,False,,0.0,0.0,,,0.0,0.0,0.0,/work/Agent_benchmark/CPathAgent/post_eval/TCGA_LUNG_Classification/ROI/roi_overlap_results.csv,,False
TCGA-39-5024-01Z-00-DX1.b159135e-c9d5-4768-83a6-1de9961d20ad,CPathAgent,TCGA_LUNG_Classification,0.05,5,True,1.0,1.0,0.4891400000000001,1.0,0.6114250000000001,0.4412,0.5369,0.3196,/work/Agent_benchmark/CPathAgent/post_eval/TCGA_LUNG_Classification/ROI/roi_overlap_results.csv,False,True
TCGA-39-5027-01Z-00-DX1.54a3e035-7178-4786-870b-1f6adfb82331,CPathAgent,TCGA_LUNG_Classification,0.05,1,False,,0.0,0.0,,,0.0,0.0,0.0,/work/Agent_benchmark/CPathAgent/post_eval/TCGA_LUNG_Classification/ROI/roi_overlap_results.csv,,False
TCGA-39-5028-01Z-00-DX1.7994ec22-746d-4c30-8138-e6c9bc67c71f,CPathAgent,TCGA_LUNG_Classification,0.05,7,True,1.0,0.2178,0.09208571428571428,0.2178,0.16115,0.0495,0.1589,0.0392,/work/Agent_benchmark/CPathAgent/post_eval/TCGA_LUNG_Classification/ROI/roi_overlap_results.csv,False,True
TCGA-39-5029-01Z-00-DX1.74c5cb38-650e-4fe7-bc63-f6e88761346d,CPathAgent,TCGA_LUNG_Classification,0.05,7,True,1.0,0.7381,0.2595857142857143,0.7381,0.44395,0.2086,0.2512,0.1286,/work/Agent_benchmark/CPathAgent/post_eval/TCGA_LUNG_Classification/ROI/roi_overlap_results.csv,False,True
TCGA-39-5030-01Z-00-DX1.09d96fb6-9a19-40ae-967e-49f378340f9b,CPathAgent,TCGA_LUNG_Classification,0.05,7,True,1.0,0.9122,0.3714428571428572,0.9122,0.52002,0.2889,0.6415,0.2488,/work/Agent_benchmark/CPathAgent/post_eval/TCGA_LUNG_Classification/ROI/roi_overlap_results.csv,False,True
TCGA-39-5031-01Z-00-DX1.f9264b3b-9fdf-4fb7-8752-2d3ffd3de3ea,CPathAgent,TCGA_LUNG_Classification,0.05,8,True,1.0,0.9111,0.2292125,0.9111,0.458425,0.129,0.5362,0.116,/work/Agent_benchmark/CPathAgent/post_eval/TCGA_LUNG_Classification/ROI/roi_overlap_results.csv,True,True
TCGA-39-5034-01Z-00-DX1.fb4191aa-07dc-4615-ac71-b9e4c67ed28b,CPathAgent,TCGA_LUNG_Classification,0.05,9,True,1.0,1.0,0.47277777777777774,1.0,0.7078000000000001,0.3815,0.9648,0.3763,/work/Agent_benchmark/CPathAgent/post_eval/TCGA_LUNG_Classification/ROI/roi_overlap_results.csv,True,True
TCGA-39-5035-01Z-00-DX1.ad5d9143-f194-4cef-9a13-03190cf97ccf,CPathAgent,TCGA_LUNG_Classification,0.05,3,True,1.0,0.8453,0.3759666666666667,0.8453,0.5639500000000001,0.1413,0.1119,0.0666,/work/Agent_benchmark/CPathAgent/post_eval/TCGA_LUNG_Classification/ROI/roi_overlap_results.csv,False,True
TCGA-39-5036-01Z-00-DX1.5a601fbd-a711-478e-a471-2046d2b63f7c,CPathAgent,TCGA_LUNG_Classification,0.05,1,False,,0.0,0.0,,,0.0,0.0,0.0,/work/Agent_benchmark/CPathAgent/post_eval/TCGA_LUNG_Classification/ROI/roi_overlap_results.csv,,False
TCGA-39-5037-01Z-00-DX1.02636c3e-c843-4741-8fbf-406957fe9d87,CPathAgent,TCGA_LUNG_Classification,0.05,10,True,2.0,0.994,0.4001,0.994,0.6668333333333334,0.2736,0.6018,0.2316,/work/Agent_benchmark/CPathAgent/post_eval/TCGA_LUNG_Classification/ROI/roi_overlap_results.csv,True,True
TCGA-39-5039-01Z-00-DX1.29f1281d-93d7-4499-bfce-19eeeb1870a4,CPathAgent,TCGA_LUNG_Classification,0.05,2,True,1.0,0.5665,0.28325,0.5665,0.5665,0.0819,0.0237,0.0187,/work/Agent_benchmark/CPathAgent/post_eval/TCGA_LUNG_Classification/ROI/roi_overlap_results.csv,False,True
TCGA-39-5040-01Z-00-DX1.F314DFF3-AEBE-4171-8F04-5D2A61FDE208,CPathAgent,TCGA_LUNG_Classification,0.05,6,True,1.0,1.0,0.8214833333333332,1.0,0.98292,0.6177,0.1204,0.112,/work/Agent_benchmark/CPathAgent/post_eval/TCGA_LUNG_Classification/ROI/roi_overlap_results.csv,False,True
TCGA-43-2576-01Z-00-DX1.779df209-95e1-4303-9c32-4083e8088d8e,CPathAgent,TCGA_LUNG_Classification,0.05,7,True,1.0,0.8897,0.29592857142857143,0.8897,0.517875,0.1311,0.5855,0.12,/work/Agent_benchmark/CPathAgent/post_eval/TCGA_LUNG_Classification/ROI/roi_overlap_results.csv,True,True
TCGA-43-2578-01Z-00-DX1.3314c57b-2875-4cb3-8fff-cb9cf65aa697,CPathAgent,TCGA_LUNG_Classification,0.05,4,True,2.0,0.0999,0.024975,0.0999,0.0999,0.0028,0.0118,0.0023,/work/Agent_benchmark/CPathAgent/post_eval/TCGA_LUNG_Classification/ROI/roi_overlap_results.csv,False,True
TCGA-43-2581-01Z-00-DX1.0d1203cf-9ac9-49a2-8bd0-063ceae7b1d3,CPathAgent,TCGA_LUNG_Classification,0.05,10,True,2.0,0.381,0.09167,0.381,0.28926666666666667,0.0706,0.4496,0.065,/work/Agent_benchmark/CPathAgent/post_eval/TCGA_LUNG_Classification/ROI/roi_overlap_results.csv,False,True
TCGA-43-3394-01Z-00-DX1.4c2f49b9-9dac-41d8-a62b-64c8928caa3c,CPathAgent,TCGA_LUNG_Classification,0.05,15,True,6.0,0.0903,0.008973333333333333,0.0903,0.0903,0.0038,0.0058,0.0023,/work/Agent_benchmark/CPathAgent/post_eval/TCGA_LUNG_Classification/ROI/roi_overlap_results.csv,True,True
TCGA-43-3920-01Z-00-DX1.33ab7101-e3e6-4156-9c16-efae940c8156,CPathAgent,TCGA_LUNG_Classification,0.05,11,True,1.0,1.0,0.19222727272727272,1.0,0.528625,0.1094,0.1164,0.0598,/work/Agent_benchmark/CPathAgent/post_eval/TCGA_LUNG_Classification/ROI/roi_overlap_results.csv,False,True
TCGA-43-5668-01Z-00-DX1.0d024872-fbcc-4e91-948b-acc96a00d5eb,CPathAgent,TCGA_LUNG_Classification,0.05,21,True,1.0,0.9684,0.14695238095238095,0.9684,0.5143,0.1197,0.9591,0.1191,/work/Agent_benchmark/CPathAgent/post_eval/TCGA_LUNG_Classification/ROI/roi_overlap_results.csv,False,True
TCGA-43-5670-01Z-00-DX1.1b5d262e-1f39-4f6f-883c-52101b57791f,CPathAgent,TCGA_LUNG_Classification,0.05,13,True,2.0,0.2013,0.022523076923076923,0.2013,0.1464,0.0162,0.1106,0.0143,/work/Agent_benchmark/CPathAgent/post_eval/TCGA_LUNG_Classification/ROI/roi_overlap_results.csv,True,True
TCGA-43-6143-01Z-00-DX1.52d974a8-3f07-4e7f-8d3f-5d47f321298c,CPathAgent,TCGA_LUNG_Classification,0.05,12,True,1.0,0.9311,0.1673916666666667,0.9311,0.502175,0.0538,0.3022,0.0478,/work/Agent_benchmark/CPathAgent/post_eval/TCGA_LUNG_Classification/ROI/roi_overlap_results.csv,True,True
TCGA-43-6647-01Z-00-DX1.ac38a9bb-d5af-42c1-b96c-c1d6b958dd17,CPathAgent,TCGA_LUNG_Classification,0.05,8,True,7.0,0.391,0.048875,0.391,0.391,0.1095,0.3484,0.0909,/work/Agent_benchmark/CPathAgent/post_eval/TCGA_LUNG_Classification/ROI/roi_overlap_results.csv,False,True
TCGA-43-6770-01Z-00-DX1.466dd07f-b147-48bb-9349-fe1f5f3bcae5,CPathAgent,TCGA_LUNG_Classification,0.05,13,True,1.0,1.0,0.21314615384615385,1.0,0.692725,0.0989,0.4604,0.0886,/work/Agent_benchmark/CPathAgent/post_eval/TCGA_LUNG_Classification/ROI/roi_overlap_results.csv,False,True
TCGA-43-6771-01Z-00-DX1.445d4d3f-6a28-4ea7-b7ab-612366c7bb4b,CPathAgent,TCGA_LUNG_Classification,0.05,11,True,1.0,0.9706,0.12902727272727274,0.9706,0.70965,0.0712,0.2288,0.0574,/work/Agent_benchmark/CPathAgent/post_eval/TCGA_LUNG_Classification/ROI/roi_overlap_results.csv,True,True
TCGA-43-6773-01Z-00-DX1.a05f9597-51b5-4a5a-9936-c61535b115bb,CPathAgent,TCGA_LUNG_Classification,0.05,3,True,2.0,0.9998,0.33326666666666666,0.9998,0.9998,0.4443,0.1899,0.1534,/work/Agent_benchmark/CPathAgent/post_eval/TCGA_LUNG_Classification/ROI/roi_overlap_results.csv,True,True
TCGA-43-7656-01Z-00-DX1.6076ce10-fcb2-4f29-b3f3-c3f5649dc469,CPathAgent,TCGA_LUNG_Classification,0.05,12,True,1.0,0.7892,0.06576666666666667,0.7892,0.7892,0.0283,0.2339,0.0259,/work/Agent_benchmark/CPathAgent/post_eval/TCGA_LUNG_Classification/ROI/roi_overlap_results.csv,False,True
TCGA-43-7657-01Z-00-DX1.d8a5d257-c5ca-4192-b6a7-4698b8390fca,CPathAgent,TCGA_LUNG_Classification,0.05,9,False,,0.0476,0.005288888888888889,,,0.0098,0.0361,0.0078,/work/Agent_benchmark/CPathAgent/post_eval/TCGA_LUNG_Classification/ROI/roi_overlap_results.csv,True,True
TCGA-43-7658-01Z-00-DX1.db69fbb6-59d7-49f5-adbf-f9c030b85b73,CPathAgent,TCGA_LUNG_Classification,0.05,1,False,,0.0,0.0,,,0.0,0.0,0.0,/work/Agent_benchmark/CPathAgent/post_eval/TCGA_LUNG_Classification/ROI/roi_overlap_results.csv,,False
TCGA-43-8115-01Z-00-DX1.1CFF45F8-6155-498C-AA52-269E6547FE0D,CPathAgent,TCGA_LUNG_Classification,0.05,3,True,1.0,0.2708,0.09026666666666666,0.2708,0.2708,0.0345,0.0684,0.0235,/work/Agent_benchmark/CPathAgent/post_eval/TCGA_LUNG_Classification/ROI/roi_overlap_results.csv,False,True
TCGA-43-A474-01Z-00-DX1.9BCC325D-875A-4285-85E9-2EA550A10949,CPathAgent,TCGA_LUNG_Classification,0.05,6,True,1.0,0.9961,0.3721666666666667,0.9961,0.55825,0.1471,0.3345,0.1138,/work/Agent_benchmark/CPathAgent/post_eval/TCGA_LUNG_Classification/ROI/roi_overlap_results.csv,True,True
TCGA-43-A475-01Z-00-DX1.48694B33-6070-4D6E-9CE4-BDEF072500A1,CPathAgent,TCGA_LUNG_Classification,0.05,7,True,1.0,0.6047,0.2085142857142857,0.6047,0.4865333333333333,0.1643,0.6554,0.1512,/work/Agent_benchmark/CPathAgent/post_eval/TCGA_LUNG_Classification/ROI/roi_overlap_results.csv,False,True
TCGA-43-A56U-01Z-00-DX1.B60C921A-4EE4-4CAE-9E55-311C7D2DA9E4,CPathAgent,TCGA_LUNG_Classification,0.05,5,True,4.0,0.1862,0.03724,0.1862,0.1862,0.0621,0.399,0.0568,/work/Agent_benchmark/CPathAgent/post_eval/TCGA_LUNG_Classification/ROI/roi_overlap_results.csv,False,True
TCGA-43-A56V-01Z-00-DX1.AA93FE03-FA7D-42C4-A118-B98C2400D9DA,CPathAgent,TCGA_LUNG_Classification,0.05,2,False,,0.0,0.0,,,0.0,0.0,0.0,/work/Agent_benchmark/CPathAgent/post_eval/TCGA_LUNG_Classification/ROI/roi_overlap_results.csv,True,True
TCGA-44-2655-01Z-00-DX1.ee255271-780c-461c-ab23-5cd3504b5e4a,CPathAgent,TCGA_LUNG_Classification,0.05,1,False,,0.0,0.0,,,0.0,0.0,0.0,/work/Agent_benchmark/CPathAgent/post_eval/TCGA_LUNG_Classification/ROI/roi_overlap_results.csv,,False
TCGA-44-2662-01Z-00-DX1.398f3f84-fd48-4454-b789-a3e90cd36d73,CPathAgent,TCGA_LUNG_Classification,0.05,1,False,,0.0,0.0,,,0.0,0.0,0.0,/work/Agent_benchmark/CPathAgent/post_eval/TCGA_LUNG_Classification/ROI/roi_overlap_results.csv,,False
TCGA-44-2664-01Z-00-DX1.35c75ae5-eee0-4e69-a13a-31b5fad9869a,CPathAgent,TCGA_LUNG_Classification,0.05,2,True,1.0,0.5081,0.25405,0.5081,0.5081,0.1319,0.1348,0.0714,/work/Agent_benchmark/CPathAgent/post_eval/TCGA_LUNG_Classification/ROI/roi_overlap_results.csv,True,True
TCGA-44-2665-01Z-00-DX1.d429e37e-3915-4da6-b5bc-bf2f09f4fbf7,CPathAgent,TCGA_LUNG_Classification,0.05,13,True,3.0,0.9965,0.2766692307692308,0.9965,0.59945,0.1349,0.5884,0.1233,/work/Agent_benchmark/CPathAgent/post_eval/TCGA_LUNG_Classification/ROI/roi_overlap_results.csv,True,True
TCGA-44-2666-01Z-00-DX1.f81a89cf-6033-47ea-9a43-290a5d6a28c1,CPathAgent,TCGA_LUNG_Classification,0.05,13,True,3.0,0.9649,0.10904615384615385,0.9649,0.7088,0.0549,0.2955,0.0485,/work/Agent_benchmark/CPathAgent/post_eval/TCGA_LUNG_Classification/ROI/roi_overlap_results.csv,True,True
TCGA-44-3396-01Z-00-DX1.187b0a68-ad51-4fcd-819c-b74a8599dbe9,CPathAgent,TCGA_LUNG_Classification,0.05,2,True,1.0,0.5499,0.45120000000000005,0.5499,0.45120000000000005,0.3525,0.132,0.1062,/work/Agent_benchmark/CPathAgent/post_eval/TCGA_LUNG_Classification/ROI/roi_overlap_results.csv,False,True
TCGA-44-3398-01Z-00-DX1.74757c91-a0c6-4e7f-b2db-8748c68ffa44,CPathAgent,TCGA_LUNG_Classification,0.05,1,False,,0.0,0.0,,,0.0,0.0,0.0,/work/Agent_benchmark/CPathAgent/post_eval/TCGA_LUNG_Classification/ROI/roi_overlap_results.csv,,False
TCGA-44-3917-01Z-00-DX1.cf5b5b49-de5e-4f2e-90b4-b138f55560a9,CPathAgent,TCGA_LUNG_Classification,0.05,12,True,1.0,0.966,0.2796833333333333,0.966,0.5588833333333333,0.1365,0.9535,0.1356,/work/Agent_benchmark/CPathAgent/post_eval/TCGA_LUNG_Classification/ROI/roi_overlap_results.csv,True,True
TCGA-44-3918-01Z-00-DX1.6da70a8b-6307-423a-9d2d-380c16962855,CPathAgent,TCGA_LUNG_Classification,0.05,12,True,1.0,0.9089,0.190725,0.9089,0.572175,0.2257,0.463,0.1789,/work/Agent_benchmark/CPathAgent/post_eval/TCGA_LUNG_Classification/ROI/roi_overlap_results.csv,True,True
TCGA-44-4112-01Z-00-DX1.5380b3b4-0e24-4c6c-aa8c-298c5fbe068f,CPathAgent,TCGA_LUNG_Classification,0.05,7,True,2.0,1.0,0.14815714285714285,1.0,1.0,0.0619,0.1356,0.0444,/work/Agent_benchmark/CPathAgent/post_eval/TCGA_LUNG_Classification/ROI/roi_overlap_results.csv,True,True
TCGA-44-5643-01Z-00-DX1.83fb7631-0ecb-4473-bfb2-c8daa2f87d35,CPathAgent,TCGA_LUNG_Classification,0.05,4,True,3.0,0.0694,0.02495,0.0694,0.0694,0.0469,0.0975,0.0327,/work/Agent_benchmark/CPathAgent/post_eval/TCGA_LUNG_Classification/ROI/roi_overlap_results.csv,True,True
TCGA-44-5644-01Z-00-DX1.7e4edaa7-25c6-49f4-81bc-f50d6c5fac38,CPathAgent,TCGA_LUNG_Classification,0.05,16,True,3.0,0.6663,0.0969375,0.6663,0.38775,0.0731,0.9644,0.0729,/work/Agent_benchmark/CPathAgent/post_eval/TCGA_LUNG_Classification/ROI/roi_overlap_results.csv,True,True
TCGA-44-5645-01Z-00-DX1.8b0d89d7-7849-49a6-a2f5-a8faf2c5aab4,CPathAgent,TCGA_LUNG_Classification,0.05,4,False,,0.0392,0.0098,,,0.0105,0.017,0.0065,/work/Agent_benchmark/CPathAgent/post_eval/TCGA_LUNG_Classification/ROI/roi_overlap_results.csv,True,True
TCGA-44-6774-01Z-00-DX1.f169485b-f863-4be0-9844-258d78170b64,CPathAgent,TCGA_LUNG_Classification,0.05,10,True,1.0,0.6202,0.14748999999999998,0.6202,0.35762499999999997,0.2039,0.6695,0.1853,/work/Agent_benchmark/CPathAgent/post_eval/TCGA_LUNG_Classification/ROI/roi_overlap_results.csv,True,True
TCGA-44-6775-01Z-00-DX1.38d3bc6d-8bb5-4126-8d61-d39e6a1d7bcf,CPathAgent,TCGA_LUNG_Classification,0.05,22,True,1.0,0.6241,0.09663636363636365,0.6241,0.4206,0.0617,0.4,0.0564,/work/Agent_benchmark/CPathAgent/post_eval/TCGA_LUNG_Classification/ROI/roi_overlap_results.csv,True,True
TCGA-44-6777-01Z-00-DX1.aca7b23d-a601-4476-8bfd-eb46f0b6a96e,CPathAgent,TCGA_LUNG_Classification,0.05,13,True,1.0,1.0,0.4599615384615384,1.0,0.8542142857142857,0.2615,0.32,0.1681,/work/Agent_benchmark/CPathAgent/post_eval/TCGA_LUNG_Classification/ROI/roi_overlap_results.csv,False,True
TCGA-44-7660-01Z-00-DX1.f96c114b-f0fc-498a-97cc-e262344de357,CPathAgent,TCGA_LUNG_Classification,0.05,14,True,5.0,0.8938,0.12422142857142858,0.8938,0.86955,0.0559,0.3836,0.0513,/work/Agent_benchmark/CPathAgent/post_eval/TCGA_LUNG_Classification/ROI/roi_overlap_results.csv,False,True
TCGA-44-7662-01Z-00-DX1.2f0b6cea-795a-40ad-93a9-319858e6fb3b,CPathAgent,TCGA_LUNG_Classification,0.05,2,True,1.0,0.2158,0.1079,0.2158,0.2158,0.0233,0.0336,0.014,/work/Agent_benchmark/CPathAgent/post_eval/TCGA_LUNG_Classification/ROI/roi_overlap_results.csv,True,True
TCGA-44-7671-01Z-00-DX1.00297baa-00e7-4894-a7b8-c9ac2a9d42d8,CPathAgent,TCGA_LUNG_Classification,0.05,4,True,1.0,0.6198,0.236775,0.6198,0.47355,0.1566,0.3851,0.1253,/work/Agent_benchmark/CPathAgent/post_eval/TCGA_LUNG_Classification/ROI/roi_overlap_results.csv,True,True
TCGA-44-7672-01Z-00-DX1.71f4a0c6-a9cc-481c-ace8-c8c314952aa1,CPathAgent,TCGA_LUNG_Classification,0.05,4,True,1.0,0.738,0.295325,0.738,0.59065,0.2216,0.2606,0.1361,/work/Agent_benchmark/CPathAgent/post_eval/TCGA_LUNG_Classification/ROI/roi_overlap_results.csv,False,True
TCGA-44-8119-01Z-00-DX1.1EBEBFA7-22DB-4365-9DF8-C4E679C11312,CPathAgent,TCGA_LUNG_Classification,0.05,6,True,4.0,0.1416,0.029566666666666668,0.1416,0.1416,0.0535,0.6537,0.052,/work/Agent_benchmark/CPathAgent/post_eval/TCGA_LUNG_Classification/ROI/roi_overlap_results.csv,True,True
TCGA-44-A479-01Z-00-DX1.CA5654C6-A623-452E-A8AC-DB6279CA97B1,CPathAgent,TCGA_LUNG_Classification,0.05,5,True,5.0,0.1429,0.02858,0.1429,0.1429,0.0413,0.0336,0.0189,/work/Agent_benchmark/CPathAgent/post_eval/TCGA_LUNG_Classification/ROI/roi_overlap_results.csv,True,True
TCGA-44-A47A-01Z-00-DX1.62448803-3A7B-41EC-9794-67916DA0792E,CPathAgent,TCGA_LUNG_Classification,0.05,13,True,2.0,0.9705,0.11253846153846155,0.9705,0.4847333333333333,0.1281,0.6092,0.1184,/work/Agent_benchmark/CPathAgent/post_eval/TCGA_LUNG_Classification/ROI/roi_overlap_results.csv,True,True
TCGA-44-A47B-01Z-00-DX1.177D0531-E037-435B-BFD4-382B2150B10D,CPathAgent,TCGA_LUNG_Classification,0.05,3,False,,0.0,0.0,,,0.0,0.0,0.0,/work/Agent_benchmark/CPathAgent/post_eval/TCGA_LUNG_Classification/ROI/roi_overlap_results.csv,True,True
TCGA-44-A47G-01Z-00-DX1.810F67EC-3A0C-4056-B736-3331A11412CC,CPathAgent,TCGA_LUNG_Classification,0.05,2,True,1.0,0.0711,0.03555,0.0711,0.0711,0.0137,0.0225,0.0086,/work/Agent_benchmark/CPathAgent/post_eval/TCGA_LUNG_Classification/ROI/roi_overlap_results.csv,False,True
TCGA-44-A4SS-01Z-00-DX1.F3D85B63-D963-42D2-815F-CB9D791A0F7B,CPathAgent,TCGA_LUNG_Classification,0.05,2,False,,0.0,0.0,,,0.0,0.0,0.0,/work/Agent_benchmark/CPathAgent/post_eval/TCGA_LUNG_Classification/ROI/roi_overlap_results.csv,False,True
TCGA-46-3765-01Z-00-DX1.f45e4e30-e60c-40e5-a0b7-4513c0c37fda,CPathAgent,TCGA_LUNG_Classification,0.05,6,True,1.0,0.7497,0.39368333333333333,0.7497,0.587275,0.1771,0.1745,0.0964,/work/Agent_benchmark/CPathAgent/post_eval/TCGA_LUNG_Classification/ROI/roi_overlap_results.csv,True,True
TCGA-46-3766-01Z-00-DX1.5870b2ed-78f0-4f68-b01e-2ef6d5353b57,CPathAgent,TCGA_LUNG_Classification,0.05,4,True,1.0,0.4578,0.171675,0.4578,0.34335,0.1527,0.1893,0.0923,/work/Agent_benchmark/CPathAgent/post_eval/TCGA_LUNG_Classification/ROI/roi_overlap_results.csv,False,True
TCGA-46-3767-01Z-00-DX1.1f1899f9-7d6e-438c-b7ac-701ea088734d,CPathAgent,TCGA_LUNG_Classification,0.05,12,True,1.0,0.8796,0.174575,0.8796,0.6983,0.1748,0.2812,0.1208,/work/Agent_benchmark/CPathAgent/post_eval/TCGA_LUNG_Classification/ROI/roi_overlap_results.csv,False,True
TCGA-46-3768-01Z-00-DX1.226f6cbc-f1f4-4df8-8366-c94fd78e037b,CPathAgent,TCGA_LUNG_Classification,0.05,7,False,,0.0018,0.00025714285714285715,,,0.0004,0.0028,0.0003,/work/Agent_benchmark/CPathAgent/post_eval/TCGA_LUNG_Classification/ROI/roi_overlap_results.csv,False,True
TCGA-46-3769-01Z-00-DX1.97260244-fe08-42da-b5db-80da7f7d8766,CPathAgent,TCGA_LUNG_Classification,0.05,16,True,1.0,0.8957,0.13124375,0.8957,0.6989666666666667,0.1534,0.7682,0.1467,/work/Agent_benchmark/CPathAgent/post_eval/TCGA_LUNG_Classification/ROI/roi_overlap_results.csv,False,True
TCGA-46-6025-01Z-00-DX1.05600f09-0b48-448c-b305-cb881970fc52,CPathAgent,TCGA_LUNG_Classification,0.05,12,True,1.0,0.9916,0.196875,0.9916,0.590625,0.1251,0.1698,0.0776,/work/Agent_benchmark/CPathAgent/post_eval/TCGA_LUNG_Classification/ROI/roi_overlap_results.csv,False,True
TCGA-46-6026-01Z-00-DX1.e0248ea6-ae04-4960-95a8-f39b8e168a38,CPathAgent,TCGA_LUNG_Classification,0.05,18,True,1.0,0.8525,0.2050888888888889,0.8525,0.6136666666666666,0.1685,0.965,0.1675,/work/Agent_benchmark/CPathAgent/post_eval/TCGA_LUNG_Classification/ROI/roi_overlap_results.csv,False,True
TCGA-49-4487-01Z-00-DX1.3a3a0720-463c-430e-849b-e2f8991bdfa5,CPathAgent,TCGA_LUNG_Classification,0.05,1,False,,0.0,0.0,,,0.0,0.0,0.0,/work/Agent_benchmark/CPathAgent/post_eval/TCGA_LUNG_Classification/ROI/roi_overlap_results.csv,,False
TCGA-49-4488-01Z-00-DX1.c9beef33-2d53-4fcb-8293-f083d9fedddc,CPathAgent,TCGA_LUNG_Classification,0.05,15,True,2.0,0.5022,0.10083333333333333,0.5022,0.29969999999999997,0.1039,0.4782,0.0934,/work/Agent_benchmark/CPathAgent/post_eval/TCGA_LUNG_Classification/ROI/roi_overlap_results.csv,True,True
TCGA-49-4488-01Z-00-DX10.930e7dc2-6073-4bf2-9b70-f17c0b26bdee,CPathAgent,TCGA_LUNG_Classification,0.05,12,True,1.0,0.6075,0.09686666666666667,0.6075,0.57315,0.0775,0.2532,0.0631,/work/Agent_benchmark/CPathAgent/post_eval/TCGA_LUNG_Classification/ROI/roi_overlap_results.csv,True,True
TCGA-49-4488-01Z-00-DX3.341ea7ac-ee5f-4ad2-9d01-d81a4d2e9b13,CPathAgent,TCGA_LUNG_Classification,0.05,14,True,1.0,1.0,0.16952142857142857,1.0,0.593325,0.1208,0.1761,0.0772,/work/Agent_benchmark/CPathAgent/post_eval/TCGA_LUNG_Classification/ROI/roi_overlap_results.csv,True,True
TCGA-49-4488-01Z-00-DX7.a04b36c3-9cfd-4195-92c0-70046cd49d9a,CPathAgent,TCGA_LUNG_Classification,0.05,15,True,2.0,0.9787,0.20705333333333337,0.9787,0.4412714285714286,0.0868,0.4346,0.078,/work/Agent_benchmark/CPathAgent/post_eval/TCGA_LUNG_Classification/ROI/roi_overlap_results.csv,True,True
TCGA-49-4488-01Z-00-DX8.b9fb358a-9618-4956-9544-c2ffe2678095,CPathAgent,TCGA_LUNG_Classification,0.05,11,True,1.0,1.0,0.3872090909090909,1.0,0.42593,0.3438,0.1624,0.124,/work/Agent_benchmark/CPathAgent/post_eval/TCGA_LUNG_Classification/ROI/roi_overlap_results.csv,False,True
TCGA-49-4490-01Z-00-DX1.bde106d9-1494-4775-b77d-11c86bb09b72,CPathAgent,TCGA_LUNG_Classification,0.05,13,True,1.0,0.9937,0.09905384615384616,0.9937,0.64385,0.0511,0.0989,0.0349,/work/Agent_benchmark/CPathAgent/post_eval/TCGA_LUNG_Classification/ROI/roi_overlap_results.csv,True,True
TCGA-49-4490-01Z-00-DX2.1b491bd7-60d2-40a6-96cd-01385bce2b0f,CPathAgent,TCGA_LUNG_Classification,0.05,14,True,1.0,0.9302,0.4632071428571428,0.9302,0.5895363636363636,0.4233,0.3512,0.2376,/work/Agent_benchmark/CPathAgent/post_eval/TCGA_LUNG_Classification/ROI/roi_overlap_results.csv,True,True
TCGA-49-4490-01Z-00-DX3.0949a10a-0a1f-49dc-9296-ab4d4f0bf988,CPathAgent,TCGA_LUNG_Classification,0.05,29,True,3.0,1.0,0.3262137931034483,1.0,0.6306666666666667,0.2463,0.3996,0.1798,/work/Agent_benchmark/CPathAgent/post_eval/TCGA_LUNG_Classification/ROI/roi_overlap_results.csv,True,True
TCGA-49-4490-01Z-00-DX4.4e94aeb6-f616-4bdd-82bc-2ca2f2b5a5c4,CPathAgent,TCGA_LUNG_Classification,0.05,17,True,1.0,1.0,0.39196470588235294,1.0,0.6051909090909091,0.3638,0.5398,0.2777,/work/Agent_benchmark/CPathAgent/post_eval/TCGA_LUNG_Classification/ROI/roi_overlap_results.csv,True,True
TCGA-49-4490-01Z-00-DX6.0a04ad8e-7f33-4496-bd9e-0110ec33f887,CPathAgent,TCGA_LUNG_Classification,0.05,70,True,6.0,1.0,0.0957642857142857,1.0,0.46662857142857145,0.1543,0.9922,0.1542,/work/Agent_benchmark/CPathAgent/post_eval/TCGA_LUNG_Classification/ROI/roi_overlap_results.csv,True,True
TCGA-49-4494-01Z-00-DX2.cac5ed0a-98c3-4d37-a4f4-9596a061836a,CPathAgent,TCGA_LUNG_Classification,0.05,17,True,1.0,0.4306,0.1072764705882353,0.4306,0.2258125,0.0733,0.1227,0.0481,/work/Agent_benchmark/CPathAgent/post_eval/TCGA_LUNG_Classification/ROI/roi_overlap_results.csv,False,True
TCGA-49-4494-01Z-00-DX3.e80b4534-4d6e-4d79-962e-017ffee24d67,CPathAgent,TCGA_LUNG_Classification,0.05,16,True,6.0,1.0,0.0976625,1.0,0.39065,0.116,0.2338,0.084,/work/Agent_benchmark/CPathAgent/post_eval/TCGA_LUNG_Classification/ROI/roi_overlap_results.csv,False,True
TCGA-49-4494-01Z-00-DX4.4c6a4560-adee-4fc9-8fd8-feb7f89e51e3,CPathAgent,TCGA_LUNG_Classification,0.05,13,True,1.0,0.4596,0.1403076923076923,0.4596,0.22799999999999998,0.1079,0.1052,0.0562,/work/Agent_benchmark/CPathAgent/post_eval/TCGA_LUNG_Classification/ROI/roi_overlap_results.csv,True,True
TCGA-49-4494-01Z-00-DX5.1e9e22d6-a4c9-40d1-aedb-b6cd404fe16f,CPathAgent,TCGA_LUNG_Classification,0.05,16,True,1.0,1.0,0.23651875,1.0,0.46805,0.1982,0.2265,0.1182,/work/Agent_benchmark/CPathAgent/post_eval/TCGA_LUNG_Classification/ROI/roi_overlap_results.csv,True,True
TCGA-49-4494-01Z-00-DX6.3791a027-7ddb-429c-99a5-bb84a4307550,CPathAgent,TCGA_LUNG_Classification,0.05,1,False,,0.0,0.0,,,0.0,0.0,0.0,/work/Agent_benchmark/CPathAgent/post_eval/TCGA_LUNG_Classification/ROI/roi_overlap_results.csv,,False
TCGA-49-4494-01Z-00-DX7.9f722476-622e-4374-9fda-ef35184f01e0,CPathAgent,TCGA_LUNG_Classification,0.05,10,False,,0.0357,0.0035700000000000003,,,0.0053,0.0128,0.0038,/work/Agent_benchmark/CPathAgent/post_eval/TCGA_LUNG_Classification/ROI/roi_overlap_results.csv,False,True
TCGA-49-4501-01Z-00-DX1.9c4bf212-5e32-449e-8710-cf7a3594156e,CPathAgent,TCGA_LUNG_Classification,0.05,17,True,1.0,0.8156,0.2620294117647059,0.8156,0.44076000000000004,0.2275,0.4642,0.1802,/work/Agent_benchmark/CPathAgent/post_eval/TCGA_LUNG_Classification/ROI/roi_overlap_results.csv,True,True
TCGA-49-4501-01Z-00-DX2.07b7723d-136b-490c-9dd3-7f3aef78d3d9,CPathAgent,TCGA_LUNG_Classification,0.05,6,True,1.0,1.0,0.7406,1.0,0.7406,0.8176,0.1286,0.125,/work/Agent_benchmark/CPathAgent/post_eval/TCGA_LUNG_Classification/ROI/roi_overlap_results.csv,True,True
TCGA-49-4505-01Z-00-DX1.d49d603e-1f76-43a1-a803-9f2d6a6df715,CPathAgent,TCGA_LUNG_Classification,0.05,2,True,2.0,0.1105,0.05525,0.1105,0.1105,0.1104,0.0189,0.0164,/work/Agent_benchmark/CPathAgent/post_eval/TCGA_LUNG_Classification/ROI/roi_overlap_results.csv,True,True
TCGA-49-4505-01Z-00-DX4.623c4278-fc3e-4c80-bb4d-000e24fbb1c2,CPathAgent,TCGA_LUNG_Classification,0.05,2,True,1.0,0.4487,0.3769,0.4487,0.3769,0.3051,0.0244,0.0231,/work/Agent_benchmark/CPathAgent/post_eval/TCGA_LUNG_Classification/ROI/roi_overlap_results.csv,True,True
TCGA-49-4506-01Z-00-DX1.b13b8ef2-fd06-4309-a767-696a9afeaedd,CPathAgent,TCGA_LUNG_Classification,0.05,9,True,2.0,1.0,0.6996555555555556,1.0,0.7871125,0.8234,0.3481,0.3239,/work/Agent_benchmark/CPathAgent/post_eval/TCGA_LUNG_Classification/ROI/roi_overlap_results.csv,False,True
TCGA-49-4506-01Z-00-DX2.81e180ae-bd9f-49cc-9a0f-297800cc7280,CPathAgent,TCGA_LUNG_Classification,0.05,21,True,1.0,0.9534,0.3644761904761905,0.9534,0.5848076923076924,0.3953,0.3358,0.2218,/work/Agent_benchmark/CPathAgent/post_eval/TCGA_LUNG_Classification/ROI/roi_overlap_results.csv,False,True
TCGA-49-4506-01Z-00-DX3.a05a3969-bbef-48d8-86de-f51c8870afd6,CPathAgent,TCGA_LUNG_Classification,0.05,4,True,1.0,1.0,0.925025,1.0,0.925025,0.88,0.1281,0.1259,/work/Agent_benchmark/CPathAgent/post_eval/TCGA_LUNG_Classification/ROI/roi_overlap_results.csv,True,True
TCGA-49-4506-01Z-00-DX4.9460a2c1-efe2-4095-9b0e-dfe0eda684ba,CPathAgent,TCGA_LUNG_Classification,0.05,11,True,2.0,0.489,0.06833636363636364,0.489,0.23913333333333334,0.0774,0.1201,0.0494,/work/Agent_benchmark/CPathAgent/post_eval/TCGA_LUNG_Classification/ROI/roi_overlap_results.csv,False,True
TCGA-49-4507-01Z-00-DX1.1df4e286-ea89-4c38-ad53-a26e5b7b0402,CPathAgent,TCGA_LUNG_Classification,0.05,11,True,1.0,0.9998,0.3186181818181818,0.9998,0.4335375,0.3079,0.3291,0.1892,/work/Agent_benchmark/CPathAgent/post_eval/TCGA_LUNG_Classification/ROI/roi_overlap_results.csv,True,True
TCGA-49-4507-01Z-00-DX2.a7bfbeee-00ea-4301-ace4-ce591807e2d3,CPathAgent,TCGA_LUNG_Classification,0.05,15,True,1.0,1.0,0.3009199999999999,1.0,0.41012727272727273,0.3962,0.447,0.2659,/work/Agent_benchmark/CPathAgent/post_eval/TCGA_LUNG_Classification/ROI/roi_overlap_results.csv,True,True
TCGA-49-4510-01Z-00-DX1.0b7c713f-6f72-42c3-967d-7e19a280e761,CPathAgent,TCGA_LUNG_Classification,0.05,4,True,2.0,0.5982,0.2829,0.5982,0.3772,0.3564,0.0843,0.0732,/work/Agent_benchmark/CPathAgent/post_eval/TCGA_LUNG_Classification/ROI/roi_overlap_results.csv,True,True
TCGA-49-4512-01Z-00-DX1.ced0bda8-f2d6-4bcb-b2d6-b122846a3079,CPathAgent,TCGA_LUNG_Classification,0.05,13,True,1.0,1.0,0.5596769230769231,1.0,0.6063166666666667,0.5398,0.6156,0.4037,/work/Agent_benchmark/CPathAgent/post_eval/TCGA_LUNG_Classification/ROI/roi_overlap_results.csv,True,True
TCGA-49-4512-01Z-00-DX2.341d7ff7-15e1-44f1-8818-b117fe98ca99,CPathAgent,TCGA_LUNG_Classification,0.05,10,True,2.0,0.3948,0.12388999999999997,0.3948,0.23789999999999994,0.102,0.1323,0.0611,/work/Agent_benchmark/CPathAgent/post_eval/TCGA_LUNG_Classification/ROI/roi_overlap_results.csv,True,True
TCGA-49-4512-01Z-00-DX5.7198ce36-1fae-4da1-9f26-b7f43cf01133,CPathAgent,TCGA_LUNG_Classification,0.05,4,False,,0.0,0.0,,,0.0,0.0,0.0,/work/Agent_benchmark/CPathAgent/post_eval/TCGA_LUNG_Classification/ROI/roi_overlap_results.csv,True,True
TCGA-49-4512-01Z-00-DX6.985c9088-ff83-4f13-8a95-cb55aa48682b,CPathAgent,TCGA_LUNG_Classification,0.05,8,True,6.0,0.6659,0.1046,0.6659,0.4184,0.1297,0.1442,0.0733,/work/Agent_benchmark/CPathAgent/post_eval/TCGA_LUNG_Classification/ROI/roi_overlap_results.csv,False,True
TCGA-49-4512-01Z-00-DX8.c54237a3-93f4-432f-90f1-b930b7341741,CPathAgent,TCGA_LUNG_Classification,0.05,16,True,1.0,0.9801,0.2272625,0.9801,0.44992499999999996,0.1953,0.6054,0.1732,/work/Agent_benchmark/CPathAgent/post_eval/TCGA_LUNG_Classification/ROI/roi_overlap_results.csv,True,True
TCGA-49-4514-01Z-00-DX1.9c304807-2a0c-44f7-97cc-fbd30f2c740f,CPathAgent,TCGA_LUNG_Classification,0.05,7,True,1.0,0.9829,0.25852857142857144,0.9829,0.6032333333333334,0.1419,0.2991,0.1065,/work/Agent_benchmark/CPathAgent/post_eval/TCGA_LUNG_Classification/ROI/roi_overlap_results.csv,False,True
TCGA-49-4514-01Z-00-DX4.79e9e14e-72ea-4e9f-9719-d1a791cf0b43,CPathAgent,TCGA_LUNG_Classification,0.05,15,True,1.0,1.0,0.45808,1.0,0.5726,0.3461,0.254,0.1717,/work/Agent_benchmark/CPathAgent/post_eval/TCGA_LUNG_Classification/ROI/roi_overlap_results.csv,True,True
TCGA-49-6742-01Z-00-DX1.23e8883f-0ecc-4359-a8b5-75d49f43a08b,CPathAgent,TCGA_LUNG_Classification,0.05,8,True,1.0,1.0,0.290475,1.0,0.7746,0.1492,0.0587,0.044,/work/Agent_benchmark/CPathAgent/post_eval/TCGA_LUNG_Classification/ROI/roi_overlap_results.csv,True,True
TCGA-49-6743-01Z-00-DX1.ddae5601-6ffa-4a70-8755-8645d5e45135,CPathAgent,TCGA_LUNG_Classification,0.05,8,True,1.0,1.0,0.16647499999999998,1.0,0.6658999999999999,0.0737,0.0465,0.0294,/work/Agent_benchmark/CPathAgent/post_eval/TCGA_LUNG_Classification/ROI/roi_overlap_results.csv,False,True
TCGA-49-6743-01Z-00-DX2.f6b71e89-19ff-4d9b-a3f1-3a52949f1dc7,CPathAgent,TCGA_LUNG_Classification,0.05,6,True,1.0,0.9869,0.32876666666666665,0.9869,0.6505666666666666,0.4396,0.1439,0.1216,/work/Agent_benchmark/CPathAgent/post_eval/TCGA_LUNG_Classification/ROI/roi_overlap_results.csv,True,True
TCGA-49-6743-01Z-00-DX3.d391f3ab-e954-4f4f-996d-cd0420933ccf,CPathAgent,TCGA_LUNG_Classification,0.05,7,False,,0.0,0.0,,,0.0,0.0,0.0,/work/Agent_benchmark/CPathAgent/post_eval/TCGA_LUNG_Classification/ROI/roi_overlap_results.csv,True,True
TCGA-49-6743-01Z-00-DX4.5ea81023-1372-48ed-88a8-374e2394d7f7,CPathAgent,TCGA_LUNG_Classification,0.05,8,True,2.0,0.9808,0.3592125,0.9808,0.706125,0.2897,0.2349,0.149,/work/Agent_benchmark/CPathAgent/post_eval/TCGA_LUNG_Classification/ROI/roi_overlap_results.csv,False,True
TCGA-49-6744-01Z-00-DX4.a3d7995d-399f-4c53-aab8-adc4ea4dbfa8,CPathAgent,TCGA_LUNG_Classification,0.05,43,True,3.0,1.0,0.28349069767441865,1.0,0.5532727272727271,0.2921,0.9899,0.2913,/work/Agent_benchmark/CPathAgent/post_eval/TCGA_LUNG_Classification/ROI/roi_overlap_results.csv,True,True
TCGA-49-6745-01Z-00-DX1.6bf8a38c-5e3a-4b32-8870-03bc06c0db80,CPathAgent,TCGA_LUNG_Classification,0.05,12,False,,0.0,0.0,,,0.0,0.0,0.0,/work/Agent_benchmark/CPathAgent/post_eval/TCGA_LUNG_Classification/ROI/roi_overlap_results.csv,True,True
TCGA-49-6745-01Z-00-DX2.3b8e947b-885e-486f-9edc-f2b247bdf95b,CPathAgent,TCGA_LUNG_Classification,0.05,11,True,2.0,1.0,0.34001818181818183,1.0,0.74804,0.2056,0.2026,0.1137,/work/Agent_benchmark/CPathAgent/post_eval/TCGA_LUNG_Classification/ROI/roi_overlap_results.csv,True,True
TCGA-49-6745-01Z-00-DX3.40cd3c60-889c-4eaa-be55-36ab5d8b2400,CPathAgent,TCGA_LUNG_Classification,0.05,8,True,1.0,0.9987,0.44915,0.9987,0.71864,0.4512,0.5263,0.3209,/work/Agent_benchmark/CPathAgent/post_eval/TCGA_LUNG_Classification/ROI/roi_overlap_results.csv,False,True
TCGA-49-6745-01Z-00-DX5.9521a16f-d6a7-460c-b75c-7341d72ce727,CPathAgent,TCGA_LUNG_Classification,0.05,11,False,,0.0,0.0,,,0.0,0.0,0.0,/work/Agent_benchmark/CPathAgent/post_eval/TCGA_LUNG_Classification/ROI/roi_overlap_results.csv,False,True
TCGA-49-6745-01Z-00-DX6.3174fffa-c17c-44d1-8d21-1921a9ec1bee,CPathAgent,TCGA_LUNG_Classification,0.05,9,True,3.0,1.0,0.2057111111111111,1.0,0.6171333333333333,0.1441,0.1266,0.0723,/work/Agent_benchmark/CPathAgent/post_eval/TCGA_LUNG_Classification/ROI/roi_overlap_results.csv,False,True
TCGA-49-6761-01Z-00-DX1.10c577a2-f65c-4517-8a25-83d44e380f8f,CPathAgent,TCGA_LUNG_Classification,0.05,10,True,2.0,1.0,0.2,1.0,1.0,0.0824,0.103,0.048,/work/Agent_benchmark/CPathAgent/post_eval/TCGA_LUNG_Classification/ROI/roi_overlap_results.csv,True,True
TCGA-49-AAQV-01Z-00-DX1.4CC37621-C952-4684-96E3-9B97CDAD8056,CPathAgent,TCGA_LUNG_Classification,0.05,8,True,1.0,1.0,0.7228375,1.0,0.8261000000000001,0.6662,0.3687,0.3112,/work/Agent_benchmark/CPathAgent/post_eval/TCGA_LUNG_Classification/ROI/roi_overlap_results.csv,False,True
TCGA-49-AAR2-01Z-00-DX1.1F09F896-446E-4C55-8D01-6C34A98AB1D2,CPathAgent,TCGA_LUNG_Classification,0.05,21,True,1.0,1.0,0.5379142857142858,1.0,0.5945368421052631,0.4944,0.3548,0.2603,/work/Agent_benchmark/CPathAgent/post_eval/TCGA_LUNG_Classification/ROI/roi_overlap_results.csv,True,True
TCGA-49-AAR3-01Z-00-DX1.B4D85F13-CEB4-46DA-BF39-0200B9E55835,CPathAgent,TCGA_LUNG_Classification,0.05,9,True,8.0,0.3692,0.04102222222222222,0.3692,0.3692,0.0632,0.7662,0.062,/work/Agent_benchmark/CPathAgent/post_eval/TCGA_LUNG_Classification/ROI/roi_overlap_results.csv,False,True
TCGA-49-AAR9-01Z-00-DX1.B6A9966E-89B8-404B-8ABC-1F8F8553D4DA,CPathAgent,TCGA_LUNG_Classification,0.05,3,False,,0.0,0.0,,,0.0,0.0,0.0,/work/Agent_benchmark/CPathAgent/post_eval/TCGA_LUNG_Classification/ROI/roi_overlap_results.csv,False,True
TCGA-49-AARN-01Z-00-DX1.E13AA041-978E-427D-AFA5-D3180224A03A,CPathAgent,TCGA_LUNG_Classification,0.05,10,True,2.0,0.4219,0.04768,0.4219,0.2384,0.0231,0.0697,0.0176,/work/Agent_benchmark/CPathAgent/post_eval/TCGA_LUNG_Classification/ROI/roi_overlap_results.csv,False,True
TCGA-49-AARO-01Z-00-DX1.FB8C82DC-F823-43CF-A8EA-1208C767AF54,CPathAgent,TCGA_LUNG_Classification,0.05,11,True,2.0,0.6372,0.1651818181818182,0.6372,0.45425,0.1885,0.3558,0.1405,/work/Agent_benchmark/CPathAgent/post_eval/TCGA_LUNG_Classification/ROI/roi_overlap_results.csv,True,True
TCGA-49-AARQ-01Z-00-DX1.3FA36419-1658-4602-9170-84A622787C3E,CPathAgent,TCGA_LUNG_Classification,0.05,12,True,1.0,0.9536,0.45905,0.9536,0.45905,0.3941,0.2973,0.2041,/work/Agent_benchmark/CPathAgent/post_eval/TCGA_LUNG_Classification/ROI/roi_overlap_results.csv,True,True
TCGA-4B-A93V-01Z-00-DX1.C263DC1C-298D-47ED-AAF8-128043828530,CPathAgent,TCGA_LUNG_Classification,0.05,3,True,1.0,0.9745,0.6344,0.9745,0.6344,0.4644,0.0805,0.0736,/work/Agent_benchmark/CPathAgent/post_eval/TCGA_LUNG_Classification/ROI/roi_overlap_results.csv,True,True
TCGA-50-5044-01Z-00-DX1.7E0E651F-411B-4784-B0FA-6EB612527430,CPathAgent,TCGA_LUNG_Classification,0.05,30,True,3.0,0.9993,0.25336,0.9993,0.6286083333333332,0.2307,0.6293,0.2031,/work/Agent_benchmark/CPathAgent/post_eval/TCGA_LUNG_Classification/ROI/roi_overlap_results.csv,True,True
TCGA-50-5045-01Z-00-DX2.0FCA12EA-572E-4A7D-900D-6E200892170E,CPathAgent,TCGA_LUNG_Classification,0.05,10,True,5.0,0.835,0.14095,0.835,0.46826666666666666,0.2263,0.2511,0.1351,/work/Agent_benchmark/CPathAgent/post_eval/TCGA_LUNG_Classification/ROI/roi_overlap_results.csv,True,True
TCGA-50-5055-01Z-00-DX1.0c9d846b-89b4-4b18-a2eb-0f8d8e0a33c7,CPathAgent,TCGA_LUNG_Classification,0.05,5,True,1.0,1.0,0.37508,1.0,0.6125333333333333,0.3457,0.0486,0.0445,/work/Agent_benchmark/CPathAgent/post_eval/TCGA_LUNG_Classification/ROI/roi_overlap_results.csv,True,True
TCGA-50-5055-01Z-00-DX2.446EC3BB-2ED7-4253-8A39-AC68331F08E7,CPathAgent,TCGA_LUNG_Classification,0.05,24,True,1.0,1.0,0.59445,1.0,0.7508842105263158,0.4924,0.4401,0.3027,/work/Agent_benchmark/CPathAgent/post_eval/TCGA_LUNG_Classification/ROI/roi_overlap_results.csv,False,True
TCGA-50-5066-01Z-00-DX1.e161df31-84a4-40a4-a6a2-748b60820f77,CPathAgent,TCGA_LUNG_Classification,0.05,25,True,2.0,1.0,0.52974,1.0,0.7336388888888888,0.5258,0.4494,0.3198,/work/Agent_benchmark/CPathAgent/post_eval/TCGA_LUNG_Classification/ROI/roi_overlap_results.csv,True,True
TCGA-50-5066-02Z-00-DX1.A2CA045A-7956-4E04-9EC9-5856FC789110,CPathAgent,TCGA_LUNG_Classification,0.05,49,True,1.0,1.0,0.3469387755102041,1.0,0.6522230769230769,0.4138,0.7062,0.353,/work/Agent_benchmark/CPathAgent/post_eval/TCGA_LUNG_Classification/ROI/roi_overlap_results.csv,False,True
TCGA-50-5068-01Z-00-DX2.0492A5C6-09CB-424B-BE20-10A1CBEA2E57,CPathAgent,TCGA_LUNG_Classification,0.05,9,True,2.0,0.7624,0.20013333333333336,0.7624,0.45030000000000003,0.1239,0.0657,0.0449,/work/Agent_benchmark/CPathAgent/post_eval/TCGA_LUNG_Classification/ROI/roi_overlap_results.csv,True,True
TCGA-50-5931-01Z-00-DX1.34261ED6-7815-487C-A50C-2DAD587187B9,CPathAgent,TCGA_LUNG_Classification,0.05,12,True,1.0,0.7245,0.08635833333333333,0.7245,0.3454333333333333,0.1716,0.0805,0.058,/work/Agent_benchmark/CPathAgent/post_eval/TCGA_LUNG_Classification/ROI/roi_overlap_results.csv,False,True
TCGA-50-5939-01Z-00-DX1.745D7503-0744-46B1-BC89-EBB8FCE2D55C,CPathAgent,TCGA_LUNG_Classification,0.05,3,True,2.0,1.0,0.4600666666666666,1.0,0.67195,0.6169,0.1206,0.1122,/work/Agent_benchmark/CPathAgent/post_eval/TCGA_LUNG_Classification/ROI/roi_overlap_results.csv,True,True
TCGA-50-5942-01Z-00-DX1.da1b1274-8740-4c79-adf9-25800913eafa,CPathAgent,TCGA_LUNG_Classification,0.05,18,True,1.0,1.0,0.6581166666666667,1.0,0.6581166666666667,0.6048,0.4372,0.34,/work/Agent_benchmark/CPathAgent/post_eval/TCGA_LUNG_Classification/ROI/roi_overlap_results.csv,True,True
TCGA-50-5946-01Z-00-DX1.5076CACA-E3C0-4114-BA69-5B4896FF0C4B,CPathAgent,TCGA_LUNG_Classification,0.05,25,True,5.0,1.0,0.187728,1.0,0.4689,0.1544,0.3244,0.1169,/work/Agent_benchmark/CPathAgent/post_eval/TCGA_LUNG_Classification/ROI/roi_overlap_results.csv,True,True
TCGA-50-6591-01Z-00-DX1.12e1050b-75e9-4059-b945-291995b3e93c,CPathAgent,TCGA_LUNG_Classification,0.05,7,True,1.0,1.0,0.8119999999999999,1.0,0.8119999999999999,0.8472,0.1661,0.1613,/work/Agent_benchmark/CPathAgent/post_eval/TCGA_LUNG_Classification/ROI/roi_overlap_results.csv,False,True
TCGA-50-6593-01Z-00-DX1.a63e298c-cbe7-44e8-8d8e-34ebb93530ca,CPathAgent,TCGA_LUNG_Classification,0.05,17,True,1.0,1.0,0.42357058823529414,1.0,0.7161299999999999,0.2564,0.3443,0.1723,/work/Agent_benchmark/CPathAgent/post_eval/TCGA_LUNG_Classification/ROI/roi_overlap_results.csv,True,True
TCGA-50-6594-01Z-00-DX1.43b2005a-4245-4025-ad85-4a957f308a5c,CPathAgent,TCGA_LUNG_Classification,0.05,10,True,1.0,1.0,0.41639,1.0,0.5204875,0.3487,0.3328,0.2052,/work/Agent_benchmark/CPathAgent/post_eval/TCGA_LUNG_Classification/ROI/roi_overlap_results.csv,True,True
TCGA-50-6673-01Z-00-DX1.e24fb432-3fff-4f00-a316-16d05275c1e7,CPathAgent,TCGA_LUNG_Classification,0.05,11,True,1.0,0.9998,0.25662727272727276,0.9998,0.7057249999999999,0.3083,0.3873,0.2072,/work/Agent_benchmark/CPathAgent/post_eval/TCGA_LUNG_Classification/ROI/roi_overlap_results.csv,True,True
TCGA-50-7109-01Z-00-DX1.08f6420c-baa2-4e79-908e-ebbdeec503a6,CPathAgent,TCGA_LUNG_Classification,0.05,15,True,2.0,1.0,0.32399999999999995,1.0,0.48594,0.3361,0.5028,0.2522,/work/Agent_benchmark/CPathAgent/post_eval/TCGA_LUNG_Classification/ROI/roi_overlap_results.csv,True,True
TCGA-50-8459-01Z-00-DX1.24D876E7-5265-4C5D-A215-0BAE5450EEF3,CPathAgent,TCGA_LUNG_Classification,0.05,5,True,1.0,0.6435,0.32842,0.6435,0.5473666666666667,0.3679,0.0543,0.0497,/work/Agent_benchmark/CPathAgent/post_eval/TCGA_LUNG_Classification/ROI/roi_overlap_results.csv,True,True
TCGA-51-4079-01Z-00-DX1.111f7796-3797-4334-b543-918e374dbc22,CPathAgent,TCGA_LUNG_Classification,0.05,8,True,1.0,1.0,0.37734999999999996,1.0,0.7546999999999999,0.3875,0.5881,0.3048,/work/Agent_benchmark/CPathAgent/post_eval/TCGA_LUNG_Classification/ROI/roi_overlap_results.csv,True,True
TCGA-51-4080-01Z-00-DX1.fd660ce3-3e30-4907-b54a-81002ec071f2,CPathAgent,TCGA_LUNG_Classification,0.05,13,True,1.0,1.0,0.7720230769230769,1.0,0.8363583333333334,0.6651,0.241,0.2149,/work/Agent_benchmark/CPathAgent/post_eval/TCGA_LUNG_Classification/ROI/roi_overlap_results.csv,True,True
TCGA-51-4081-01Z-00-DX1.5971d87d-5181-4c7a-91ea-2dfad1bc5fca,CPathAgent,TCGA_LUNG_Classification,0.05,5,True,2.0,0.189,0.07110000000000001,0.189,0.1708,0.0595,0.0478,0.0272,/work/Agent_benchmark/CPathAgent/post_eval/TCGA_LUNG_Classification/ROI/roi_overlap_results.csv,False,True
TCGA-51-6867-01Z-00-DX1.5f3a0562-efbe-413f-8e13-9826aaefa298,CPathAgent,TCGA_LUNG_Classification,0.05,6,True,2.0,0.7425,0.3031166666666667,0.7425,0.45430000000000004,0.2668,0.2929,0.1623,/work/Agent_benchmark/CPathAgent/post_eval/TCGA_LUNG_Classification/ROI/roi_overlap_results.csv,False,True
TCGA-52-7622-01Z-00-DX1.cb3bb056-27dd-4c15-9004-b06cc8923663,CPathAgent,TCGA_LUNG_Classification,0.05,4,True,1.0,1.0,0.38015,1.0,0.5068666666666667,0.3794,0.0544,0.0499,/work/Agent_benchmark/CPathAgent/post_eval/TCGA_LUNG_Classification/ROI/roi_overlap_results.csv,False,True
TCGA-52-7809-01Z-00-DX1.91f184ce-e4e1-42da-bdbc-36d6781bbf31,CPathAgent,TCGA_LUNG_Classification,0.05,7,True,1.0,1.0,0.23465714285714284,1.0,0.39874999999999994,0.1469,0.0577,0.0432,/work/Agent_benchmark/CPathAgent/post_eval/TCGA_LUNG_Classification/ROI/roi_overlap_results.csv,False,True
TCGA-52-7810-01Z-00-DX1.54fcdfff-c1ac-4427-bb33-54959695134f,CPathAgent,TCGA_LUNG_Classification,0.05,2,False,,0.0,0.0,,,0.0,0.0,0.0,/work/Agent_benchmark/CPathAgent/post_eval/TCGA_LUNG_Classification/ROI/roi_overlap_results.csv,True,True
TCGA-52-7811-01Z-00-DX1.7093a626-0e8f-4e4c-80c6-6cf32a2f725e,CPathAgent,TCGA_LUNG_Classification,0.05,9,True,1.0,1.0,0.46125555555555553,1.0,0.46125555555555553,0.4082,0.1437,0.1189,/work/Agent_benchmark/CPathAgent/post_eval/TCGA_LUNG_Classification/ROI/roi_overlap_results.csv,True,True
TCGA-52-7812-01Z-00-DX1.dd6fa49a-f9fe-40a1-80b2-0824b128f3b2,CPathAgent,TCGA_LUNG_Classification,0.05,2,False,,0.0027,0.00135,,,0.0027,0.0001,0.0001,/work/Agent_benchmark/CPathAgent/post_eval/TCGA_LUNG_Classification/ROI/roi_overlap_results.csv,False,True
TCGA-53-7624-01Z-00-DX1.51b4de19-3531-4bcb-b822-fa966480f2ad,CPathAgent,TCGA_LUNG_Classification,0.05,3,True,1.0,0.7046,0.3756,0.7046,0.5634,0.4109,0.0488,0.0456,/work/Agent_benchmark/CPathAgent/post_eval/TCGA_LUNG_Classification/ROI/roi_overlap_results.csv,True,True
TCGA-53-7626-01Z-00-DX1.FD4CAF75-07B5-4117-83DD-99233DAA3EBC,CPathAgent,TCGA_LUNG_Classification,0.05,8,True,1.0,1.0,0.48001249999999995,1.0,0.6400166666666667,0.5215,0.3312,0.254,/work/Agent_benchmark/CPathAgent/post_eval/TCGA_LUNG_Classification/ROI/roi_overlap_results.csv,True,True
TCGA-53-7813-01Z-00-DX1.97c5eff3-ceeb-499b-b2e1-bcd3cd60c5e7,CPathAgent,TCGA_LUNG_Classification,0.05,7,True,1.0,1.0,0.18925714285714285,1.0,0.4416,0.1431,0.0707,0.0497,/work/Agent_benchmark/CPathAgent/post_eval/TCGA_LUNG_Classification/ROI/roi_overlap_results.csv,True,True
TCGA-53-A4EZ-01Z-00-DX1.5D155F0B-A677-4589-AF00-A4C451F5B6B6,CPathAgent,TCGA_LUNG_Classification,0.05,5,True,3.0,1.0,0.27728,1.0,0.6932,0.2177,0.063,0.0514,/work/Agent_benchmark/CPathAgent/post_eval/TCGA_LUNG_Classification/ROI/roi_overlap_results.csv,True,True
TCGA-55-1592-01Z-00-DX1.ee15e261-2f9c-4a93-a19f-27cb1c3bae15,CPathAgent,TCGA_LUNG_Classification,0.05,17,True,1.0,0.8881,0.28712941176470586,0.8881,0.48812,0.2253,0.4571,0.1777,/work/Agent_benchmark/CPathAgent/post_eval/TCGA_LUNG_Classification/ROI/roi_overlap_results.csv,True,True
TCGA-55-1594-01Z-00-DX1.bd90c500-7c0b-4c45-a3f7-2d9177384b1d,CPathAgent,TCGA_LUNG_Classification,0.05,7,True,1.0,1.0,0.6726,1.0,0.6726,0.6285,0.3304,0.2764,/work/Agent_benchmark/CPathAgent/post_eval/TCGA_LUNG_Classification/ROI/roi_overlap_results.csv,False,True
TCGA-55-1595-01Z-00-DX1.6270c9cf-cd18-4fa5-b313-33350ad55f89,CPathAgent,TCGA_LUNG_Classification,0.05,12,True,3.0,0.9967,0.12867499999999998,0.9967,0.5146999999999999,0.1831,0.3446,0.1358,/work/Agent_benchmark/CPathAgent/post_eval/TCGA_LUNG_Classification/ROI/roi_overlap_results.csv,True,True
TCGA-55-5899-01Z-00-DX1.faa65b08-150c-4c74-95aa-1e8743f0152c,CPathAgent,TCGA_LUNG_Classification,0.05,6,True,1.0,0.9678,0.4716166666666666,0.9678,0.7074249999999999,0.3,0.6592,0.2597,/work/Agent_benchmark/CPathAgent/post_eval/TCGA_LUNG_Classification/ROI/roi_overlap_results.csv,True,True
TCGA-55-6543-01Z-00-DX1.08806fe0-84d3-4fd6-8746-6cf557241958,CPathAgent,TCGA_LUNG_Classification,0.05,8,True,1.0,0.7882,0.22552499999999998,0.7882,0.45104999999999995,0.1666,0.281,0.1168,/work/Agent_benchmark/CPathAgent/post_eval/TCGA_LUNG_Classification/ROI/roi_overlap_results.csv,True,True
TCGA-55-6642-01Z-00-DX1.0487cfc6-8216-4da3-aae1-a35452e9e4f6,CPathAgent,TCGA_LUNG_Classification,0.05,1,False,,0.0,0.0,,,0.0,0.0,0.0,/work/Agent_benchmark/CPathAgent/post_eval/TCGA_LUNG_Classification/ROI/roi_overlap_results.csv,,False
TCGA-55-6712-01Z-00-DX1.8cd4b879-294e-4da0-8636-704f61b510dc,CPathAgent,TCGA_LUNG_Classification,0.05,1,False,,0.0,0.0,,,0.0,0.0,0.0,/work/Agent_benchmark/CPathAgent/post_eval/TCGA_LUNG_Classification/ROI/roi_overlap_results.csv,,False
TCGA-55-6968-01Z-00-DX1.810e0fee-99ab-465b-8ae9-fb416e4dca3c,CPathAgent,TCGA_LUNG_Classification,0.05,5,True,1.0,0.9997,0.52092,0.9997,0.65115,0.4254,0.3344,0.2303,/work/Agent_benchmark/CPathAgent/post_eval/TCGA_LUNG_Classification/ROI/roi_overlap_results.csv,False,True
TCGA-55-6969-01Z-00-DX1.713df9f6-1a91-4e0e-ad43-42e66dcca191,CPathAgent,TCGA_LUNG_Classification,0.05,5,True,1.0,0.92,0.365,0.92,0.45625,0.4979,0.2774,0.2168,/work/Agent_benchmark/CPathAgent/post_eval/TCGA_LUNG_Classification/ROI/roi_overlap_results.csv,True,True
TCGA-55-6970-01Z-00-DX1.be042a9b-3eab-4b6c-9cd7-7486ffab037f,CPathAgent,TCGA_LUNG_Classification,0.05,22,True,1.0,1.0,0.5997727272727272,1.0,0.7321444444444445,0.4449,0.5937,0.3411,/work/Agent_benchmark/CPathAgent/post_eval/TCGA_LUNG_Classification/ROI/roi_overlap_results.csv,True,True
TCGA-55-6972-01Z-00-DX1.0b441ad0-c30f-4f63-849a-36c98d6e2d3b,CPathAgent,TCGA_LUNG_Classification,0.05,5,True,2.0,0.7647,0.16862000000000002,0.7647,0.42155000000000004,0.0649,0.3921,0.059,/work/Agent_benchmark/CPathAgent/post_eval/TCGA_LUNG_Classification/ROI/roi_overlap_results.csv,True,True
TCGA-55-6978-01Z-00-DX1.2ef6d6aa-2a19-4bce-b845-cc83ac81a1c3,CPathAgent,TCGA_LUNG_Classification,0.05,8,True,1.0,1.0,0.5042,1.0,0.5762285714285714,0.4633,0.6228,0.3618,/work/Agent_benchmark/CPathAgent/post_eval/TCGA_LUNG_Classification/ROI/roi_overlap_results.csv,True,True
TCGA-55-6980-01Z-00-DX1.2f1d1858-42b9-4e3b-966d-2f3f429570a6,CPathAgent,TCGA_LUNG_Classification,0.05,7,True,1.0,0.7973,0.43427142857142853,0.7973,0.5066499999999999,0.4743,0.1803,0.1502,/work/Agent_benchmark/CPathAgent/post_eval/TCGA_LUNG_Classification/ROI/roi_overlap_results.csv,True,True
TCGA-55-6981-01Z-00-DX1.5fecd134-42a0-40a2-be75-1e8bd14c5b30,CPathAgent,TCGA_LUNG_Classification,0.05,2,True,1.0,0.9342,0.6137,0.9342,0.6137,0.2933,0.1016,0.0816,/work/Agent_benchmark/CPathAgent/post_eval/TCGA_LUNG_Classification/ROI/roi_overlap_results.csv,False,True
TCGA-55-6982-01Z-00-DX1.055aeec1-2fc1-4796-b5df-c159335e0300,CPathAgent,TCGA_LUNG_Classification,0.05,2,True,1.0,0.9722,0.48655,0.9722,0.9722,0.1951,0.1054,0.0735,/work/Agent_benchmark/CPathAgent/post_eval/TCGA_LUNG_Classification/ROI/roi_overlap_results.csv,True,True
TCGA-55-6983-01Z-00-DX1.8f940a64-1f1b-4e6e-99ea-418175be2b3f,CPathAgent,TCGA_LUNG_Classification,0.05,3,False,,0.0,0.0,,,0.0,0.0,0.0,/work/Agent_benchmark/CPathAgent/post_eval/TCGA_LUNG_Classification/ROI/roi_overlap_results.csv,False,True
TCGA-55-6984-01Z-00-DX1.d53e387a-9618-4486-98f3-a75604f25a7d,CPathAgent,TCGA_LUNG_Classification,0.05,10,True,2.0,0.8853,0.10333999999999999,0.8853,0.4949,0.0492,0.0694,0.0296,/work/Agent_benchmark/CPathAgent/post_eval/TCGA_LUNG_Classification/ROI/roi_overlap_results.csv,True,True
TCGA-55-6985-01Z-00-DX1.428ad69e-c0ea-445e-8d38-fa2dab6eb81f,CPathAgent,TCGA_LUNG_Classification,0.05,3,True,1.0,1.0,0.4749666666666667,1.0,0.71245,0.2125,0.4009,0.1613,/work/Agent_benchmark/CPathAgent/post_eval/TCGA_LUNG_Classification/ROI/roi_overlap_results.csv,True,True
TCGA-55-6986-01Z-00-DX1.ae52d41e-3cd6-4d36-b04b-2ea7d29bd8da,CPathAgent,TCGA_LUNG_Classification,0.05,2,True,1.0,0.5398,0.2699,0.5398,0.5398,0.1399,0.0396,0.0319,/work/Agent_benchmark/CPathAgent/post_eval/TCGA_LUNG_Classification/ROI/roi_overlap_results.csv,True,True
TCGA-55-7227-01Z-00-DX1.e1a9e09c-4a50-4ee5-b1e4-2c7ae34dc913,CPathAgent,TCGA_LUNG_Classification,0.05,4,True,1.0,0.365,0.22142499999999998,0.365,0.2952333333333333,0.1049,0.0491,0.0346,/work/Agent_benchmark/CPathAgent/post_eval/TCGA_LUNG_Classification/ROI/roi_overlap_results.csv,True,True
TCGA-55-7281-01Z-00-DX1.a92dafa4-3a65-4f5c-97f0-83aff231274a,CPathAgent,TCGA_LUNG_Classification,0.05,2,True,1.0,0.5667,0.46625,0.5667,0.46625,0.5667,0.4716,0.3466,/work/Agent_benchmark/CPathAgent/post_eval/TCGA_LUNG_Classification/ROI/roi_overlap_results.csv,True,True
TCGA-55-7283-01Z-00-DX1.0f716216-0a46-404e-a4d4-5bb6d7e3f0d1,CPathAgent,TCGA_LUNG_Classification,0.05,1,False,,0.0,0.0,,,0.0,0.0,0.0,/work/Agent_benchmark/CPathAgent/post_eval/TCGA_LUNG_Classification/ROI/roi_overlap_results.csv,,False
TCGA-55-7284-01Z-00-DX1.68b95b9b-1aab-4f03-aad3-1132467b7499,CPathAgent,TCGA_LUNG_Classification,0.05,3,True,1.0,0.4933,0.4633333333333334,0.4933,0.4633333333333334,0.4625,0.2209,0.1758,/work/Agent_benchmark/CPathAgent/post_eval/TCGA_LUNG_Classification/ROI/roi_overlap_results.csv,True,True
TCGA-55-7570-01Z-00-DX1.9020ae67-cf60-4bac-8c60-403c8891c4a3,CPathAgent,TCGA_LUNG_Classification,0.05,4,True,1.0,0.753,0.2787,0.753,0.5574,0.126,0.5842,0.1156,/work/Agent_benchmark/CPathAgent/post_eval/TCGA_LUNG_Classification/ROI/roi_overlap_results.csv,False,True
TCGA-55-7573-01Z-00-DX1.43a4bbd2-6a3b-4910-9356-2d750a736817,CPathAgent,TCGA_LUNG_Classification,0.05,3,True,1.0,0.72,0.3953333333333333,0.72,0.3953333333333333,0.427,0.4659,0.2867,/work/Agent_benchmark/CPathAgent/post_eval/TCGA_LUNG_Classification/ROI/roi_overlap_results.csv,True,True
TCGA-55-7574-01Z-00-DX1.09639e6a-d85f-4d84-abbc-0f5a6d679683,CPathAgent,TCGA_LUNG_Classification,0.05,12,True,1.0,1.0,0.23470833333333332,1.0,0.704125,0.1428,0.4578,0.1221,/work/Agent_benchmark/CPathAgent/post_eval/TCGA_LUNG_Classification/ROI/roi_overlap_results.csv,True,True
TCGA-55-7576-01Z-00-DX1.3a6142e9-c90a-4938-a1d1-061c2ac261f0,CPathAgent,TCGA_LUNG_Classification,0.05,1,False,,0.0,0.0,,,0.0,0.0,0.0,/work/Agent_benchmark/CPathAgent/post_eval/TCGA_LUNG_Classification/ROI/roi_overlap_results.csv,,False
TCGA-55-7724-01Z-00-DX1.31a194ac-62e3-4225-8e32-8c2a83dcdd10,CPathAgent,TCGA_LUNG_Classification,0.05,1,False,,0.0,0.0,,,0.0,0.0,0.0,/work/Agent_benchmark/CPathAgent/post_eval/TCGA_LUNG_Classification/ROI/roi_overlap_results.csv,,False
TCGA-55-7727-01Z-00-DX1.0c7a4953-16dc-41e0-845b-b89167ec17d7,CPathAgent,TCGA_LUNG_Classification,0.05,18,True,5.0,0.8465,0.2008888888888889,0.8465,0.451575,0.1986,0.3427,0.1438,/work/Agent_benchmark/CPathAgent/post_eval/TCGA_LUNG_Classification/ROI/roi_overlap_results.csv,True,True
TCGA-55-7728-01Z-00-DX1.1d47a5fe-cab5-4d5a-a62b-16f345334d25,CPathAgent,TCGA_LUNG_Classification,0.05,1,False,,0.0,0.0,,,0.0,0.0,0.0,/work/Agent_benchmark/CPathAgent/post_eval/TCGA_LUNG_Classification/ROI/roi_overlap_results.csv,,False
TCGA-55-7815-01Z-00-DX1.288408e6-f6b3-4de4-a1ce-cb2498d9d46d,CPathAgent,TCGA_LUNG_Classification,0.05,2,True,1.0,1.0,0.55085,1.0,0.55085,0.2808,0.0766,0.064,/work/Agent_benchmark/CPathAgent/post_eval/TCGA_LUNG_Classification/ROI/roi_overlap_results.csv,True,True
TCGA-55-7816-01Z-00-DX1.A58C6196-E1A0-48B3-9B77-2EDCD7A43CBA,CPathAgent,TCGA_LUNG_Classification,0.05,3,False,,0.0,0.0,,,0.0,0.0,0.0,/work/Agent_benchmark/CPathAgent/post_eval/TCGA_LUNG_Classification/ROI/roi_overlap_results.csv,True,True
TCGA-55-7903-01Z-00-DX1.40fc5dcb-b5bb-46b4-90bd-2eeb3ea880f5,CPathAgent,TCGA_LUNG_Classification,0.05,1,False,,0.0,0.0,,,0.0,0.0,0.0,/work/Agent_benchmark/CPathAgent/post_eval/TCGA_LUNG_Classification/ROI/roi_overlap_results.csv,,False
TCGA-55-7907-01Z-00-DX1.f5a264f5-3926-4d09-82f3-cd38d554f3db,CPathAgent,TCGA_LUNG_Classification,0.05,6,True,1.0,0.8443,0.40576666666666666,0.8443,0.48692,0.2693,0.3669,0.1839,/work/Agent_benchmark/CPathAgent/post_eval/TCGA_LUNG_Classification/ROI/roi_overlap_results.csv,True,True
TCGA-55-7910-01Z-00-DX1.041e15d5-4852-49f6-85d9-74b510497651,CPathAgent,TCGA_LUNG_Classification,0.05,7,True,2.0,0.7715,0.4083428571428572,0.7715,0.4764,0.4479,0.1002,0.0892,/work/Agent_benchmark/CPathAgent/post_eval/TCGA_LUNG_Classification/ROI/roi_overlap_results.csv,True,True
TCGA-55-7911-01Z-00-DX1.081bc002-06ee-4218-a25f-26c0e6c4b333,CPathAgent,TCGA_LUNG_Classification,0.05,6,True,1.0,0.7044,0.19891666666666666,0.7044,0.3978333333333333,0.0875,0.1076,0.0507,/work/Agent_benchmark/CPathAgent/post_eval/TCGA_LUNG_Classification/ROI/roi_overlap_results.csv,True,True
TCGA-55-7913-01Z-00-DX1.2295fcc5-70b0-412e-a1fd-b5366fce0739,CPathAgent,TCGA_LUNG_Classification,0.05,3,True,1.0,0.9653,0.4546333333333334,0.9653,0.6819500000000001,0.2272,0.5907,0.1963,/work/Agent_benchmark/CPathAgent/post_eval/TCGA_LUNG_Classification/ROI/roi_overlap_results.csv,False,True
TCGA-55-7994-01Z-00-DX1.a0858080-c471-4337-bc57-7af57e9d92d8,CPathAgent,TCGA_LUNG_Classification,0.05,8,True,1.0,1.0,0.633725,1.0,0.7242571428571428,0.5431,0.7176,0.4475,/work/Agent_benchmark/CPathAgent/post_eval/TCGA_LUNG_Classification/ROI/roi_overlap_results.csv,True,True
TCGA-55-7995-01Z-00-DX1.fef24d04-35a0-4f57-8f51-7ad602a78871,CPathAgent,TCGA_LUNG_Classification,0.05,5,True,1.0,0.7622,0.5745799999999999,0.7622,0.5745799999999999,0.5559,0.8307,0.4993,/work/Agent_benchmark/CPathAgent/post_eval/TCGA_LUNG_Classification/ROI/roi_overlap_results.csv,False,True
TCGA-55-8085-01Z-00-DX1.ff220eba-3515-4d2e-b317-76337dd3d206,CPathAgent,TCGA_LUNG_Classification,0.05,1,False,,0.0,0.0,,,0.0,0.0,0.0,/work/Agent_benchmark/CPathAgent/post_eval/TCGA_LUNG_Classification/ROI/roi_overlap_results.csv,,False
TCGA-55-8087-01Z-00-DX1.548f2800-8caf-4c0e-a7b5-6d3d28315d9c,CPathAgent,TCGA_LUNG_Classification,0.05,6,True,1.0,0.7862,0.5147833333333333,0.7862,0.61774,0.342,0.3026,0.1913,/work/Agent_benchmark/CPathAgent/post_eval/TCGA_LUNG_Classification/ROI/roi_overlap_results.csv,True,True
TCGA-55-8089-01Z-00-DX1.da4d99ff-4a7c-45a3-b79c-039c0c9e9712,CPathAgent,TCGA_LUNG_Classification,0.05,6,True,1.0,0.8305,0.42766666666666664,0.8305,0.5132,0.2624,0.9211,0.2566,/work/Agent_benchmark/CPathAgent/post_eval/TCGA_LUNG_Classification/ROI/roi_overlap_results.csv,True,True
TCGA-55-8090-01Z-00-DX1.83f86d5f-7cb9-443a-a812-b19ba4aea836,CPathAgent,TCGA_LUNG_Classification,0.05,1,False,,0.0,0.0,,,0.0,0.0,0.0,/work/Agent_benchmark/CPathAgent/post_eval/TCGA_LUNG_Classification/ROI/roi_overlap_results.csv,,False
TCGA-55-8091-01Z-00-DX1.0996c58a-6e93-4092-8cb8-014d548fe60c,CPathAgent,TCGA_LUNG_Classification,0.05,2,True,1.0,0.8435,0.42175,0.8435,0.8435,0.2186,0.1058,0.0768,/work/Agent_benchmark/CPathAgent/post_eval/TCGA_LUNG_Classification/ROI/roi_overlap_results.csv,True,True
TCGA-55-8092-01Z-00-DX1.04e44341-c4bb-4b0b-965c-7ec83f3877a6,CPathAgent,TCGA_LUNG_Classification,0.05,2,True,1.0,0.6201,0.31005,0.6201,0.6201,0.059,0.0627,0.0313,/work/Agent_benchmark/CPathAgent/post_eval/TCGA_LUNG_Classification/ROI/roi_overlap_results.csv,True,True
TCGA-55-8094-01Z-00-DX1.8dc29615-e124-4f17-81a1-c0b20c38d12c,CPathAgent,TCGA_LUNG_Classification,0.05,1,False,,0.0,0.0,,,0.0,0.0,0.0,/work/Agent_benchmark/CPathAgent/post_eval/TCGA_LUNG_Classification/ROI/roi_overlap_results.csv,,False
TCGA-55-8097-01Z-00-DX1.2f847b65-a5dc-41be-9dd0-a1e11df3cd10,CPathAgent,TCGA_LUNG_Classification,0.05,3,True,1.0,0.6105,0.38536666666666664,0.6105,0.57805,0.2796,0.495,0.2176,/work/Agent_benchmark/CPathAgent/post_eval/TCGA_LUNG_Classification/ROI/roi_overlap_results.csv,True,True
TCGA-55-8203-01Z-00-DX1.f530d261-be19-4ff0-98d0-27b789dffb23,CPathAgent,TCGA_LUNG_Classification,0.05,1,False,,0.0,0.0,,,0.0,0.0,0.0,/work/Agent_benchmark/CPathAgent/post_eval/TCGA_LUNG_Classification/ROI/roi_overlap_results.csv,,False
TCGA-55-8204-01Z-00-DX1.30ba69f3-53f1-41cc-826c-20dce3cfe86b,CPathAgent,TCGA_LUNG_Classification,0.05,7,True,1.0,0.4635,0.19390000000000002,0.4635,0.27146000000000003,0.1631,0.6831,0.1516,/work/Agent_benchmark/CPathAgent/post_eval/TCGA_LUNG_Classification/ROI/roi_overlap_results.csv,False,True
TCGA-55-8207-01Z-00-DX1.2dafc442-f927-4b0d-b197-cc8c5f86d0fc,CPathAgent,TCGA_LUNG_Classification,0.05,2,True,1.0,0.2165,0.1571,0.2165,0.1571,0.0977,1.0,0.0977,/work/Agent_benchmark/CPathAgent/post_eval/TCGA_LUNG_Classification/ROI/roi_overlap_results.csv,False,True
TCGA-55-8299-01Z-00-DX1.6F652EC5-EBB8-499C-A66D-E0951FBFCAA2,CPathAgent,TCGA_LUNG_Classification,0.05,4,True,1.0,0.514,0.271125,0.514,0.3615,0.1804,0.4518,0.148,/work/Agent_benchmark/CPathAgent/post_eval/TCGA_LUNG_Classification/ROI/roi_overlap_results.csv,True,True
TCGA-55-8301-01Z-00-DX1.2A66E0FC-84F2-4DF8-B06E-D7CDD7AA82C7,CPathAgent,TCGA_LUNG_Classification,0.05,2,True,1.0,0.4384,0.4141,0.4384,0.4141,0.3896,1.0,0.3896,/work/Agent_benchmark/CPathAgent/post_eval/TCGA_LUNG_Classification/ROI/roi_overlap_results.csv,True,True
TCGA-55-8302-01Z-00-DX1.E0C2B152-BBA9-4AA7-9E6B-BD57B68163CB,CPathAgent,TCGA_LUNG_Classification,0.05,3,True,1.0,0.4961,0.23806666666666665,0.4961,0.3571,0.1272,0.2523,0.0924,/work/Agent_benchmark/CPathAgent/post_eval/TCGA_LUNG_Classification/ROI/roi_overlap_results.csv,True,True
TCGA-55-8506-01Z-00-DX1.A908E3D2-91F7-4DE2-98C9-95D1038B9F49,CPathAgent,TCGA_LUNG_Classification,0.05,5,True,1.0,1.0,0.6096,1.0,0.6096,0.5051,0.434,0.3045,/work/Agent_benchmark/CPathAgent/post_eval/TCGA_LUNG_Classification/ROI/roi_overlap_results.csv,True,True
TCGA-55-8507-01Z-00-DX1.3C6198CF-3E13-4C4C-B851-5BDFF8552621,CPathAgent,TCGA_LUNG_Classification,0.05,3,True,1.0,0.8938,0.39333333333333337,0.8938,0.5900000000000001,0.29,0.0839,0.0696,/work/Agent_benchmark/CPathAgent/post_eval/TCGA_LUNG_Classification/ROI/roi_overlap_results.csv,True,True
TCGA-55-8508-01Z-00-DX1.96B173E2-A298-4017-9AEC-113E547A3272,CPathAgent,TCGA_LUNG_Classification,0.05,1,False,,0.0,0.0,,,0.0,0.0,0.0,/work/Agent_benchmark/CPathAgent/post_eval/TCGA_LUNG_Classification/ROI/roi_overlap_results.csv,,False
TCGA-55-8511-01Z-00-DX1.8EDFB05B-5B59-46EA-973C-1048B1E284D2,CPathAgent,TCGA_LUNG_Classification,0.05,6,True,1.0,0.9284,0.5444166666666668,0.9284,0.6533000000000001,0.3809,0.537,0.2867,/work/Agent_benchmark/CPathAgent/post_eval/TCGA_LUNG_Classification/ROI/roi_overlap_results.csv,True,True
TCGA-55-8513-01Z-00-DX1.E21776FE-DF49-48D1-90D6-6F71D0764492,CPathAgent,TCGA_LUNG_Classification,0.05,7,True,1.0,1.0,0.5297,1.0,0.6167333333333334,0.5556,0.43,0.32,/work/Agent_benchmark/CPathAgent/post_eval/TCGA_LUNG_Classification/ROI/roi_overlap_results.csv,True,True
TCGA-55-8614-01Z-00-DX1.043DE2B5-A453-4570-8830-99170450658C,CPathAgent,TCGA_LUNG_Classification,0.05,2,False,,0.0,0.0,,,0.0,0.0,0.0,/work/Agent_benchmark/CPathAgent/post_eval/TCGA_LUNG_Classification/ROI/roi_overlap_results.csv,True,True
TCGA-55-8615-01Z-00-DX1.928CFCA6-059D-4901-8D6A-BC7D9486C29F,CPathAgent,TCGA_LUNG_Classification,0.05,2,True,1.0,1.0,0.7903,1.0,0.7903,0.9467,0.2273,0.2245,/work/Agent_benchmark/CPathAgent/post_eval/TCGA_LUNG_Classification/ROI/roi_overlap_results.csv,False,True
TCGA-55-8616-01Z-00-DX1.4F53B2AB-8221-4E67-80D2-7A8E3815B730,CPathAgent,TCGA_LUNG_Classification,0.05,1,False,,0.0,0.0,,,0.0,0.0,0.0,/work/Agent_benchmark/CPathAgent/post_eval/TCGA_LUNG_Classification/ROI/roi_overlap_results.csv,,False
TCGA-55-8620-01Z-00-DX1.6591EEC4-D696-4826-80BD-99BE1D99EBB8,CPathAgent,TCGA_LUNG_Classification,0.05,2,True,1.0,0.9642,0.9105,0.9642,0.9105,0.8674,0.481,0.4481,/work/Agent_benchmark/CPathAgent/post_eval/TCGA_LUNG_Classification/ROI/roi_overlap_results.csv,True,True
TCGA-55-8621-01Z-00-DX1.7C519007-D59D-432A-BF4D-23D14A1C8BB6,CPathAgent,TCGA_LUNG_Classification,0.05,7,True,7.0,0.4427,0.06324285714285714,0.4427,0.4427,0.2004,0.265,0.1288,/work/Agent_benchmark/CPathAgent/post_eval/TCGA_LUNG_Classification/ROI/roi_overlap_results.csv,False,True
TCGA-55-A48X-01Z-00-DX1.A46C6373-8458-4D55-88C3-4C70A05F9F47,CPathAgent,TCGA_LUNG_Classification,0.05,1,False,,0.0,0.0,,,0.0,0.0,0.0,/work/Agent_benchmark/CPathAgent/post_eval/TCGA_LUNG_Classification/ROI/roi_overlap_results.csv,,False
TCGA-55-A490-01Z-00-DX1.07D77502-7216-4C23-9BB8-8DE99AECC920,CPathAgent,TCGA_LUNG_Classification,0.05,3,True,1.0,1.0,0.7906333333333334,1.0,0.7906333333333334,0.5831,0.1235,0.1135,/work/Agent_benchmark/CPathAgent/post_eval/TCGA_LUNG_Classification/ROI/roi_overlap_results.csv,True,True
TCGA-55-A493-01Z-00-DX1.1CF94B85-7A64-4213-9B04-16504512DE2E,CPathAgent,TCGA_LUNG_Classification,0.05,1,False,,0.0,0.0,,,0.0,0.0,0.0,/work/Agent_benchmark/CPathAgent/post_eval/TCGA_LUNG_Classification/ROI/roi_overlap_results.csv,,False
TCGA-55-A4DF-01Z-00-DX1.C945E1AD-BEF4-403F-BB11-BAC831D24CDA,CPathAgent,TCGA_LUNG_Classification,0.05,1,False,,0.0,0.0,,,0.0,0.0,0.0,/work/Agent_benchmark/CPathAgent/post_eval/TCGA_LUNG_Classification/ROI/roi_overlap_results.csv,,False
TCGA-55-A4DG-01Z-00-DX1.9CE9B7BE-48EF-44F1-9C25-F15700A3E5DE,CPathAgent,TCGA_LUNG_Classification,0.05,1,False,,0.0,0.0,,,0.0,0.0,0.0,/work/Agent_benchmark/CPathAgent/post_eval/TCGA_LUNG_Classification/ROI/roi_overlap_results.csv,,False
TCGA-55-A57B-01Z-00-DX1.8D3C7063-3AF6-4839-A656-F844EC0AF9DB,CPathAgent,TCGA_LUNG_Classification,0.05,5,True,5.0,0.32,0.064,0.32,0.32,0.1606,0.5377,0.1411,/work/Agent_benchmark/CPathAgent/post_eval/TCGA_LUNG_Classification/ROI/roi_overlap_results.csv,True,True
TCGA-56-1622-01Z-00-DX1.d4178664-1e21-452f-9dbf-1b23467ddabc,CPathAgent,TCGA_LUNG_Classification,0.05,4,False,,0.0,0.0,,,0.0,0.0,0.0,/work/Agent_benchmark/CPathAgent/post_eval/TCGA_LUNG_Classification/ROI/roi_overlap_results.csv,False,True
TCGA-56-5897-01Z-00-DX1.776271b1-77a9-4653-8ed3-13294c9fc056,CPathAgent,TCGA_LUNG_Classification,0.05,7,True,1.0,0.781,0.27227142857142855,0.781,0.37152,0.1636,0.2607,0.1118,/work/Agent_benchmark/CPathAgent/post_eval/TCGA_LUNG_Classification/ROI/roi_overlap_results.csv,False,True
TCGA-56-5898-01Z-00-DX1.d539fc8b-ae31-4820-8c2e-5cf587958eb3,CPathAgent,TCGA_LUNG_Classification,0.05,1,False,,0.0,0.0,,,0.0,0.0,0.0,/work/Agent_benchmark/CPathAgent/post_eval/TCGA_LUNG_Classification/ROI/roi_overlap_results.csv,,False
TCGA-56-6545-01Z-00-DX1.24a6678b-2dbf-4539-844e-1e3786c3fac3,CPathAgent,TCGA_LUNG_Classification,0.05,3,True,1.0,0.835,0.2783333333333333,0.835,0.835,0.0928,0.1034,0.0514,/work/Agent_benchmark/CPathAgent/post_eval/TCGA_LUNG_Classification/ROI/roi_overlap_results.csv,False,True
TCGA-56-6546-01Z-00-DX1.4fecf41b-6757-4c0d-98c4-24b9a65144f1,CPathAgent,TCGA_LUNG_Classification,0.05,4,False,,0.0413,0.0174,,,0.007,0.0062,0.0033,/work/Agent_benchmark/CPathAgent/post_eval/TCGA_LUNG_Classification/ROI/roi_overlap_results.csv,True,True
TCGA-56-7221-01Z-00-DX1.f897f1ee-2796-4183-9312-f47871383327,CPathAgent,TCGA_LUNG_Classification,0.05,2,False,,0.0,0.0,,,0.0,0.0,0.0,/work/Agent_benchmark/CPathAgent/post_eval/TCGA_LUNG_Classification/ROI/roi_overlap_results.csv,False,True
TCGA-56-7222-01Z-00-DX1.f932abe9-4f5c-46d8-908b-29669681d2db,CPathAgent,TCGA_LUNG_Classification,0.05,7,True,1.0,0.3732,0.15588571428571427,0.3732,0.2726,0.1551,0.4196,0.1277,/work/Agent_benchmark/CPathAgent/post_eval/TCGA_LUNG_Classification/ROI/roi_overlap_results.csv,False,True
TCGA-56-7223-01Z-00-DX1.dd01c478-6dfa-4757-85fd-d956d70ec372,CPathAgent,TCGA_LUNG_Classification,0.05,3,True,3.0,0.5285,0.17616666666666667,0.5285,0.5285,0.2643,0.071,0.0593,/work/Agent_benchmark/CPathAgent/post_eval/TCGA_LUNG_Classification/ROI/roi_overlap_results.csv,True,True
TCGA-56-7579-01Z-00-DX1.627f65b9-ac66-4f71-a6f4-394338b647f0,CPathAgent,TCGA_LUNG_Classification,0.05,6,True,1.0,0.7951,0.2677333333333333,0.7951,0.40159999999999996,0.2222,0.4736,0.1782,/work/Agent_benchmark/CPathAgent/post_eval/TCGA_LUNG_Classification/ROI/roi_overlap_results.csv,True,True
TCGA-56-7582-01Z-00-DX1.81e6c419-f6a1-49cf-9a83-7c1a679fbfc6,CPathAgent,TCGA_LUNG_Classification,0.05,3,True,1.0,1.0,0.8786666666666667,1.0,0.8786666666666667,0.6366,0.1582,0.1451,/work/Agent_benchmark/CPathAgent/post_eval/TCGA_LUNG_Classification/ROI/roi_overlap_results.csv,True,True
TCGA-56-7730-01Z-00-DX1.6f127663-c517-4b5d-99a6-a3cd314304b1,CPathAgent,TCGA_LUNG_Classification,0.05,7,True,1.0,0.6834,0.3209428571428572,0.6834,0.5616500000000001,0.1513,0.5622,0.1354,/work/Agent_benchmark/CPathAgent/post_eval/TCGA_LUNG_Classification/ROI/roi_overlap_results.csv,True,True
TCGA-56-7731-01Z-00-DX1.e205943f-cb2e-4006-b3be-b07d95fea663,CPathAgent,TCGA_LUNG_Classification,0.05,2,True,1.0,0.6492,0.3246,0.6492,0.6492,0.1299,0.1164,0.0654,/work/Agent_benchmark/CPathAgent/post_eval/TCGA_LUNG_Classification/ROI/roi_overlap_results.csv,False,True
TCGA-56-7822-01Z-00-DX1.c387e241-ff4c-44ef-af45-12a85066f0ce,CPathAgent,TCGA_LUNG_Classification,0.05,5,True,1.0,0.8329,0.3922,0.8329,0.6536666666666666,0.2719,0.2383,0.1455,/work/Agent_benchmark/CPathAgent/post_eval/TCGA_LUNG_Classification/ROI/roi_overlap_results.csv,True,True
TCGA-56-7823-01Z-00-DX1.354861d2-79f1-4b70-a74e-20cb0f78468e,CPathAgent,TCGA_LUNG_Classification,0.05,2,True,1.0,0.8918,0.59665,0.8918,0.59665,0.3018,0.29,0.1736,/work/Agent_benchmark/CPathAgent/post_eval/TCGA_LUNG_Classification/ROI/roi_overlap_results.csv,False,True
TCGA-56-8082-01Z-00-DX1.f0056ce7-58cf-4fc7-b249-ddeadeafafb3,CPathAgent,TCGA_LUNG_Classification,0.05,4,True,1.0,0.4771,0.22635,0.4771,0.22635,0.1543,1.0,0.1543,/work/Agent_benchmark/CPathAgent/post_eval/TCGA_LUNG_Classification/ROI/roi_overlap_results.csv,False,True
TCGA-56-8083-01Z-00-DX1.140c8d5b-f660-4fef-b8da-6bb2c119c021,CPathAgent,TCGA_LUNG_Classification,0.05,1,False,,0.0,0.0,,,0.0,0.0,0.0,/work/Agent_benchmark/CPathAgent/post_eval/TCGA_LUNG_Classification/ROI/roi_overlap_results.csv,,False
TCGA-56-8201-01Z-00-DX1.883903fb-d70d-4c72-be76-6788b1bc3b35,CPathAgent,TCGA_LUNG_Classification,0.05,4,True,1.0,0.7831,0.625275,0.7831,0.625275,0.5048,0.9703,0.4971,/work/Agent_benchmark/CPathAgent/post_eval/TCGA_LUNG_Classification/ROI/roi_overlap_results.csv,False,True
TCGA-56-8304-01Z-00-DX1.F7A7975D-C8AB-49C0-B9CD-18CFD01A0655,CPathAgent,TCGA_LUNG_Classification,0.05,1,False,,0.0,0.0,,,0.0,0.0,0.0,/work/Agent_benchmark/CPathAgent/post_eval/TCGA_LUNG_Classification/ROI/roi_overlap_results.csv,,False
TCGA-56-8305-01Z-00-DX1.2C1D792D-79E0-48D7-9938-DFD44428874E,CPathAgent,TCGA_LUNG_Classification,0.05,2,False,,0.0,0.0,,,0.0,0.0,0.0,/work/Agent_benchmark/CPathAgent/post_eval/TCGA_LUNG_Classification/ROI/roi_overlap_results.csv,False,True
TCGA-56-8307-01Z-00-DX1.20EE4B4C-403F-44AA-8B0E-711003E60B8F,CPathAgent,TCGA_LUNG_Classification,0.05,1,False,,0.0,0.0,,,0.0,0.0,0.0,/work/Agent_benchmark/CPathAgent/post_eval/TCGA_LUNG_Classification/ROI/roi_overlap_results.csv,,False
TCGA-56-8308-01Z-00-DX1.48CAE02B-05B1-4681-B68C-DD32C414FD2D,CPathAgent,TCGA_LUNG_Classification,0.05,4,True,3.0,0.9962,0.420425,0.9962,0.84085,0.5474,0.2203,0.1863,/work/Agent_benchmark/CPathAgent/post_eval/TCGA_LUNG_Classification/ROI/roi_overlap_results.csv,True,True
TCGA-56-8309-01Z-00-DX1.5FC5FA81-405A-48AB-AA7D-2D38003A8942,CPathAgent,TCGA_LUNG_Classification,0.05,3,True,2.0,0.365,0.12166666666666666,0.365,0.365,0.1622,0.3409,0.1235,/work/Agent_benchmark/CPathAgent/post_eval/TCGA_LUNG_Classification/ROI/roi_overlap_results.csv,False,True
TCGA-56-8503-01Z-00-DX1.87FEB654-FC88-4CDA-8F52-ACF0D9A19191,CPathAgent,TCGA_LUNG_Classification,0.05,1,False,,0.0,0.0,,,0.0,0.0,0.0,/work/Agent_benchmark/CPathAgent/post_eval/TCGA_LUNG_Classification/ROI/roi_overlap_results.csv,,False
TCGA-56-8504-01Z-00-DX1.032AF45F-89C3-4265-8287-A455780DA887,CPathAgent,TCGA_LUNG_Classification,0.05,7,True,1.0,0.4359,0.1709142857142857,0.4359,0.23247999999999996,0.138,0.4092,0.1151,/work/Agent_benchmark/CPathAgent/post_eval/TCGA_LUNG_Classification/ROI/roi_overlap_results.csv,True,True
TCGA-56-8622-01Z-00-DX1.62B552C4-5CBE-4469-8DBB-E27497FF95F4,CPathAgent,TCGA_LUNG_Classification,0.05,4,True,1.0,1.0,0.5,1.0,1.0,0.226,0.1121,0.081,/work/Agent_benchmark/CPathAgent/post_eval/TCGA_LUNG_Classification/ROI/roi_overlap_results.csv,True,True
TCGA-56-8623-01Z-00-DX1.119C11E2-16E4-48A9-B8BD-6F1E8CBFEBA1,CPathAgent,TCGA_LUNG_Classification,0.05,3,True,1.0,1.0,0.7380999999999999,1.0,0.7380999999999999,0.4978,0.1374,0.1207,/work/Agent_benchmark/CPathAgent/post_eval/TCGA_LUNG_Classification/ROI/roi_overlap_results.csv,True,True
TCGA-56-8624-01Z-00-DX1.18DFDAB8-1701-4E15-9321-7D99CD15E4B0,CPathAgent,TCGA_LUNG_Classification,0.05,1,False,,0.0,0.0,,,0.0,0.0,0.0,/work/Agent_benchmark/CPathAgent/post_eval/TCGA_LUNG_Classification/ROI/roi_overlap_results.csv,,False
TCGA-56-8625-01Z-00-DX1.11AADFB3-33FF-4EAA-B423-CD0F07163747,CPathAgent,TCGA_LUNG_Classification,0.05,3,True,1.0,0.6941,0.4283666666666666,0.6941,0.4283666666666666,0.4232,0.135,0.114,/work/Agent_benchmark/CPathAgent/post_eval/TCGA_LUNG_Classification/ROI/roi_overlap_results.csv,False,True
TCGA-56-8626-01Z-00-DX1.C9836EAF-F005-40E9-B781-1D5586141F0D,CPathAgent,TCGA_LUNG_Classification,0.05,2,True,1.0,0.8498,0.4249,0.8498,0.8498,0.2203,0.0653,0.053,/work/Agent_benchmark/CPathAgent/post_eval/TCGA_LUNG_Classification/ROI/roi_overlap_results.csv,True,True
TCGA-56-8628-01Z-00-DX1.AAC57164-E0F9-4DF0-87EA-5C50FB201895,CPathAgent,TCGA_LUNG_Classification,0.05,1,False,,0.0,0.0,,,0.0,0.0,0.0,/work/Agent_benchmark/CPathAgent/post_eval/TCGA_LUNG_Classification/ROI/roi_overlap_results.csv,,False
TCGA-56-8629-01Z-00-DX1.6F79BFD6-36B0-46F4-918B-2F4FF083E3E3,CPathAgent,TCGA_LUNG_Classification,0.05,1,False,,0.0,0.0,,,0.0,0.0,0.0,/work/Agent_benchmark/CPathAgent/post_eval/TCGA_LUNG_Classification/ROI/roi_overlap_results.csv,,False
TCGA-56-A49D-01Z-00-DX1.1ECF40A0-1490-42B3-8924-A80E4ED35F93,CPathAgent,TCGA_LUNG_Classification,0.05,4,True,3.0,0.0588,0.0147,0.0588,0.0588,0.0268,0.0105,0.0076,/work/Agent_benchmark/CPathAgent/post_eval/TCGA_LUNG_Classification/ROI/roi_overlap_results.csv,True,True
TCGA-56-A4BW-01Z-00-DX1.8ED20788-092B-4C21-9D83-5423D853422F,CPathAgent,TCGA_LUNG_Classification,0.05,13,True,2.0,0.8889,0.20592307692307696,0.8889,0.43838333333333335,0.1783,0.4348,0.1448,/work/Agent_benchmark/CPathAgent/post_eval/TCGA_LUNG_Classification/ROI/roi_overlap_results.csv,False,True
TCGA-56-A4BX-01Z-00-DX1.60E64193-473C-4220-9E38-0F5D952BD157,CPathAgent,TCGA_LUNG_Classification,0.05,4,True,1.0,1.0,0.6648000000000001,1.0,0.8864000000000001,0.3798,0.2756,0.19,/work/Agent_benchmark/CPathAgent/post_eval/TCGA_LUNG_Classification/ROI/roi_overlap_results.csv,True,True
TCGA-56-A4BY-01Z-00-DX1.DCA0D153-7DB7-44FB-A87A-20931D36856A,CPathAgent,TCGA_LUNG_Classification,0.05,2,True,2.0,0.2326,0.1199,0.2326,0.2326,0.2057,0.0615,0.0497,/work/Agent_benchmark/CPathAgent/post_eval/TCGA_LUNG_Classification/ROI/roi_overlap_results.csv,True,True
TCGA-56-A4ZJ-01Z-00-DX1.6BB25D9D-75E7-4B44-8560-8A3C3EC9F118,CPathAgent,TCGA_LUNG_Classification,0.05,2,True,1.0,0.4209,0.41925,0.4209,0.41925,0.4209,0.6479,0.3425,/work/Agent_benchmark/CPathAgent/post_eval/TCGA_LUNG_Classification/ROI/roi_overlap_results.csv,False,True
TCGA-56-A4ZK-01Z-00-DX1.D6B1AC68-BF70-4C49-A5A1-233D6DA4AE27,CPathAgent,TCGA_LUNG_Classification,0.05,3,True,1.0,0.3884,0.16623333333333334,0.3884,0.24935000000000002,0.0643,0.0469,0.0279,/work/Agent_benchmark/CPathAgent/post_eval/TCGA_LUNG_Classification/ROI/roi_overlap_results.csv,True,True
TCGA-56-A5DR-01Z-00-DX1.F8F196F2-9380-490E-9D77-ABAC1E58BC5C,CPathAgent,TCGA_LUNG_Classification,0.05,3,True,1.0,0.9988,0.4887333333333333,0.9988,0.7331,0.2338,0.4045,0.1739,/work/Agent_benchmark/CPathAgent/post_eval/TCGA_LUNG_Classification/ROI/roi_overlap_results.csv,True,True
TCGA-56-A5DS-01Z-00-DX1.952C8777-4B8F-415A-9D27-C155D1623A86,CPathAgent,TCGA_LUNG_Classification,0.05,1,False,,0.0,0.0,,,0.0,0.0,0.0,/work/Agent_benchmark/CPathAgent/post_eval/TCGA_LUNG_Classification/ROI/roi_overlap_results.csv,,False
TCGA-56-A62T-01Z-00-DX1.05B9E747-DF22-4FFB-A79A-C023AB667CA0,CPathAgent,TCGA_LUNG_Classification,0.05,6,True,1.0,0.9934,0.44415000000000004,0.9934,0.6662250000000001,0.2347,0.2468,0.1367,/work/Agent_benchmark/CPathAgent/post_eval/TCGA_LUNG_Classification/ROI/roi_overlap_results.csv,True,True
TCGA-58-A46J-01Z-00-DX1.4BF4AAC3-2020-41EA-A181-5E90A23DA024,CPathAgent,TCGA_LUNG_Classification,0.05,7,True,4.0,0.4158,0.15655714285714284,0.4158,0.272875,0.2536,0.0611,0.0518,/work/Agent_benchmark/CPathAgent/post_eval/TCGA_LUNG_Classification/ROI/roi_overlap_results.csv,False,True
TCGA-58-A46K-01Z-00-DX1.A293339A-A592-4CA2-AE49-CDDD0810C624,CPathAgent,TCGA_LUNG_Classification,0.05,1,False,,0.0,0.0,,,0.0,0.0,0.0,/work/Agent_benchmark/CPathAgent/post_eval/TCGA_LUNG_Classification/ROI/roi_overlap_results.csv,,False
TCGA-58-A46L-01Z-00-DX1.DA77E0D9-23A2-4D54-81E9-36849E04FBC8,CPathAgent,TCGA_LUNG_Classification,0.05,8,True,1.0,1.0,0.8260625,1.0,0.9440714285714286,0.7243,0.2384,0.2185,/work/Agent_benchmark/CPathAgent/post_eval/TCGA_LUNG_Classification/ROI/roi_overlap_results.csv,False,True
TCGA-58-A46M-01Z-00-DX1.DCC711DA-EB83-498E-9AFA-33E874EA537C,CPathAgent,TCGA_LUNG_Classification,0.05,7,True,2.0,1.0,0.658,1.0,0.7676666666666666,0.7084,0.2969,0.2646,/work/Agent_benchmark/CPathAgent/post_eval/TCGA_LUNG_Classification/ROI/roi_overlap_results.csv,False,True
TCGA-58-A46N-01Z-00-DX1.5D51252C-5294-4E40-ABB2-31C3BE1039F8,CPathAgent,TCGA_LUNG_Classification,0.05,20,True,1.0,1.0,0.35018999999999995,1.0,0.6321272727272728,0.2767,0.3522,0.1833,/work/Agent_benchmark/CPathAgent/post_eval/TCGA_LUNG_Classification/ROI/roi_overlap_results.csv,True,True
TCGA-60-2695-01Z-00-DX1.4cc6c566-d60d-4ff9-9ea8-18a9da46ae6b,CPathAgent,TCGA_LUNG_Classification,0.05,18,True,1.0,1.0,0.6676666666666667,1.0,0.750725,0.5685,0.3409,0.2708,/work/Agent_benchmark/CPathAgent/post_eval/TCGA_LUNG_Classification/ROI/roi_overlap_results.csv,True,True
TCGA-60-2696-01Z-00-DX1.17748315-09b2-4abd-97f1-93c9951b0a70,CPathAgent,TCGA_LUNG_Classification,0.05,2,True,1.0,0.7561,0.54285,0.7561,0.54285,0.6992,0.2431,0.22,/work/Agent_benchmark/CPathAgent/post_eval/TCGA_LUNG_Classification/ROI/roi_overlap_results.csv,True,True
TCGA-60-2697-01Z-00-DX1.e11a5b5b-c4be-4fe1-b7db-08879e55d552,CPathAgent,TCGA_LUNG_Classification,0.05,8,True,1.0,1.0,0.625975,1.0,0.625975,0.495,0.193,0.1613,/work/Agent_benchmark/CPathAgent/post_eval/TCGA_LUNG_Classification/ROI/roi_overlap_results.csv,True,True
TCGA-60-2698-01Z-00-DX1.738ae69e-5170-46d6-b691-9f761f9a794b,CPathAgent,TCGA_LUNG_Classification,0.05,1,False,,0.0,0.0,,,0.0,0.0,0.0,/work/Agent_benchmark/CPathAgent/post_eval/TCGA_LUNG_Classification/ROI/roi_overlap_results.csv,,False
TCGA-60-2703-01Z-00-DX1.13cdede5-0135-4e05-9478-3b728cad247e,CPathAgent,TCGA_LUNG_Classification,0.05,3,True,2.0,0.8951,0.3495,0.8951,0.52115,0.6224,0.0901,0.0854,/work/Agent_benchmark/CPathAgent/post_eval/TCGA_LUNG_Classification/ROI/roi_overlap_results.csv,False,True
TCGA-60-2704-01Z-00-DX1.e904afb3-7935-4df5-90dc-f7151e15b31b,CPathAgent,TCGA_LUNG_Classification,0.05,5,True,1.0,1.0,0.8,1.0,1.0,0.6198,0.0886,0.0841,/work/Agent_benchmark/CPathAgent/post_eval/TCGA_LUNG_Classification/ROI/roi_overlap_results.csv,True,True
TCGA-60-2706-01Z-00-DX1.db003232-66ab-437e-81c7-f490310ca03a,CPathAgent,TCGA_LUNG_Classification,0.05,5,True,1.0,0.872,0.18714,0.872,0.46785,0.0372,0.0202,0.0133,/work/Agent_benchmark/CPathAgent/post_eval/TCGA_LUNG_Classification/ROI/roi_overlap_results.csv,False,True
TCGA-60-2707-01Z-00-DX1.4aafd76b-eb0e-4ab9-a740-682c169a3c3d,CPathAgent,TCGA_LUNG_Classification,0.05,7,True,1.0,0.9999,0.3966571428571429,0.9999,0.4627666666666667,0.2779,0.7607,0.2555,/work/Agent_benchmark/CPathAgent/post_eval/TCGA_LUNG_Classification/ROI/roi_overlap_results.csv,True,True
TCGA-60-2708-01Z-00-DX1.3b59f6dc-02f8-4118-9037-f18ebb9bd539,CPathAgent,TCGA_LUNG_Classification,0.05,6,True,1.0,1.0,0.64355,1.0,0.77226,0.5112,0.3575,0.2664,/work/Agent_benchmark/CPathAgent/post_eval/TCGA_LUNG_Classification/ROI/roi_overlap_results.csv,False,True
TCGA-60-2709-01Z-00-DX1.ded10e7c-c1ca-4402-be0e-f3978994d4af,CPathAgent,TCGA_LUNG_Classification,0.05,3,True,1.0,0.9623,0.6818,0.9623,0.6818,0.6148,0.0884,0.0837,/work/Agent_benchmark/CPathAgent/post_eval/TCGA_LUNG_Classification/ROI/roi_overlap_results.csv,False,True
TCGA-60-2710-01Z-00-DX1.45f8ef49-d5bb-404c-9ac5-c7882bc59b45,CPathAgent,TCGA_LUNG_Classification,0.05,4,True,2.0,0.1463,0.06405,0.1463,0.1281,0.0855,0.1824,0.0618,/work/Agent_benchmark/CPathAgent/post_eval/TCGA_LUNG_Classification/ROI/roi_overlap_results.csv,True,True
TCGA-60-2711-01Z-00-DX1.186b9a92-fcae-45b6-a52c-e8da0c1a419c,CPathAgent,TCGA_LUNG_Classification,0.05,1,False,,0.0,0.0,,,0.0,0.0,0.0,/work/Agent_benchmark/CPathAgent/post_eval/TCGA_LUNG_Classification/ROI/roi_overlap_results.csv,,False
TCGA-60-2712-01Z-00-DX1.97003dfc-4b37-4491-86e8-0801e6825aae,CPathAgent,TCGA_LUNG_Classification,0.05,1,False,,0.0,0.0,,,0.0,0.0,0.0,/work/Agent_benchmark/CPathAgent/post_eval/TCGA_LUNG_Classification/ROI/roi_overlap_results.csv,,False
TCGA-60-2713-01Z-00-DX1.8cc5fb8d-be9c-4f25-b088-85e1feff834a,CPathAgent,TCGA_LUNG_Classification,0.05,1,False,,0.0,0.0,,,0.0,0.0,0.0,/work/Agent_benchmark/CPathAgent/post_eval/TCGA_LUNG_Classification/ROI/roi_overlap_results.csv,,False
TCGA-60-2714-01Z-00-DX1.13f280a8-c8d3-48bb-8a38-49ce9ad9e1a2,CPathAgent,TCGA_LUNG_Classification,0.05,1,False,,0.0,0.0,,,0.0,0.0,0.0,/work/Agent_benchmark/CPathAgent/post_eval/TCGA_LUNG_Classification/ROI/roi_overlap_results.csv,,False
TCGA-60-2715-01Z-00-DX1.22710dc4-eaf5-44c2-8438-c6dcfae1d452,CPathAgent,TCGA_LUNG_Classification,0.05,1,False,,0.0,0.0,,,0.0,0.0,0.0,/work/Agent_benchmark/CPathAgent/post_eval/TCGA_LUNG_Classification/ROI/roi_overlap_results.csv,,False
TCGA-60-2716-01Z-00-DX1.28642302-a114-4e80-b9db-c04eee7d92d8,CPathAgent,TCGA_LUNG_Classification,0.05,1,False,,0.0,0.0,,,0.0,0.0,0.0,/work/Agent_benchmark/CPathAgent/post_eval/TCGA_LUNG_Classification/ROI/roi_overlap_results.csv,,False
TCGA-60-2719-01Z-00-DX1.e834671a-7468-4517-bf95-4e100f87e9a3,CPathAgent,TCGA_LUNG_Classification,0.05,3,True,1.0,1.0,0.8369333333333334,1.0,0.8369333333333334,0.7548,0.236,0.2192,/work/Agent_benchmark/CPathAgent/post_eval/TCGA_LUNG_Classification/ROI/roi_overlap_results.csv,True,True
TCGA-60-2720-01Z-00-DX1.5ff16714-210d-44c3-856a-5877fd06e986,CPathAgent,TCGA_LUNG_Classification,0.05,8,True,1.0,0.8985,0.34626250000000003,0.8985,0.4616833333333333,0.2737,0.3644,0.1853,/work/Agent_benchmark/CPathAgent/post_eval/TCGA_LUNG_Classification/ROI/roi_overlap_results.csv,True,True
TCGA-60-2721-01Z-00-DX1.8ea139d5-018b-4a66-915e-4784c808742e,CPathAgent,TCGA_LUNG_Classification,0.05,12,True,2.0,0.95,0.30624999999999997,0.95,0.73044,0.2041,0.5133,0.171,/work/Agent_benchmark/CPathAgent/post_eval/TCGA_LUNG_Classification/ROI/roi_overlap_results.csv,False,True
TCGA-60-2722-01Z-00-DX1.f3781266-e8dc-4386-9702-5b29e6f2cfa3,CPathAgent,TCGA_LUNG_Classification,0.05,2,True,1.0,0.9571,0.47855,0.9571,0.9571,0.1915,0.1688,0.0986,/work/Agent_benchmark/CPathAgent/post_eval/TCGA_LUNG_Classification/ROI/roi_overlap_results.csv,False,True
TCGA-60-2723-01Z-00-DX1.1c12de5a-5d31-468e-9169-feb23d24e7d6,CPathAgent,TCGA_LUNG_Classification,0.05,1,False,,0.0,0.0,,,0.0,0.0,0.0,/work/Agent_benchmark/CPathAgent/post_eval/TCGA_LUNG_Classification/ROI/roi_overlap_results.csv,,False
TCGA-60-2724-01Z-00-DX1.98f9e48f-9c09-4969-aa34-05666616ee9a,CPathAgent,TCGA_LUNG_Classification,0.05,16,True,2.0,0.9886,0.17141875,0.9886,0.5384800000000001,0.2082,0.6202,0.1847,/work/Agent_benchmark/CPathAgent/post_eval/TCGA_LUNG_Classification/ROI/roi_overlap_results.csv,False,True
TCGA-60-2725-01Z-00-DX1.b9d038d6-c2fb-4e46-a4ef-80fdbfb56d0a,CPathAgent,TCGA_LUNG_Classification,0.05,18,True,1.0,1.0,0.6307722222222223,1.0,0.7092875,0.6324,0.4882,0.3803,/work/Agent_benchmark/CPathAgent/post_eval/TCGA_LUNG_Classification/ROI/roi_overlap_results.csv,True,True
TCGA-60-2726-01Z-00-DX1.3c30934b-c93a-4dad-9c44-b417eae17137,CPathAgent,TCGA_LUNG_Classification,0.05,1,False,,0.0,0.0,,,0.0,0.0,0.0,/work/Agent_benchmark/CPathAgent/post_eval/TCGA_LUNG_Classification/ROI/roi_overlap_results.csv,,False
TCGA-62-A46O-01Z-00-DX1.39B361AD-ED1D-4C0C-8611-0E8CCBDBD252,CPathAgent,TCGA_LUNG_Classification,0.05,14,True,1.0,1.0,0.4059214285714286,1.0,0.6314333333333333,0.4092,0.3709,0.2416,/work/Agent_benchmark/CPathAgent/post_eval/TCGA_LUNG_Classification/ROI/roi_overlap_results.csv,True,True
TCGA-62-A46P-01Z-00-DX1.9136CC96-51B9-4FEB-8BCF-2C3676C708B1,CPathAgent,TCGA_LUNG_Classification,0.05,4,True,1.0,0.9609,0.7091000000000001,0.9609,0.7091000000000001,0.6408,0.0655,0.0631,/work/Agent_benchmark/CPathAgent/post_eval/TCGA_LUNG_Classification/ROI/roi_overlap_results.csv,True,True
TCGA-62-A46U-01Z-00-DX1.5129535F-8B6A-4647-8A88-3EE125642874,CPathAgent,TCGA_LUNG_Classification,0.05,16,True,1.0,1.0,0.3929375,1.0,0.6963111111111111,0.347,0.3572,0.2136,/work/Agent_benchmark/CPathAgent/post_eval/TCGA_LUNG_Classification/ROI/roi_overlap_results.csv,True,True
TCGA-62-A46V-01Z-00-DX1.631E54D0-9E57-4932-B4EF-81820E56A95B,CPathAgent,TCGA_LUNG_Classification,0.05,10,True,1.0,1.0,0.51798,1.0,0.7399714285714286,0.5222,0.1829,0.1567,/work/Agent_benchmark/CPathAgent/post_eval/TCGA_LUNG_Classification/ROI/roi_overlap_results.csv,True,True
TCGA-62-A470-01Z-00-DX1.3983A979-E756-413C-941A-C8B83AD3BBA7,CPathAgent,TCGA_LUNG_Classification,0.05,2,True,1.0,0.5343,0.36135,0.5343,0.36135,0.1884,0.0205,0.0189,/work/Agent_benchmark/CPathAgent/post_eval/TCGA_LUNG_Classification/ROI/roi_overlap_results.csv,False,True
TCGA-62-A471-01Z-00-DX1.51A235BB-7F67-4C0D-8B15-2E26116D8822,CPathAgent,TCGA_LUNG_Classification,0.05,6,True,2.0,0.6759,0.19326666666666667,0.6759,0.5798,0.2998,0.0744,0.0634,/work/Agent_benchmark/CPathAgent/post_eval/TCGA_LUNG_Classification/ROI/roi_overlap_results.csv,False,True
TCGA-63-5128-01Z-00-DX1.7D6C6ABF-D035-4F48-811B-629A0B4AD597,CPathAgent,TCGA_LUNG_Classification,0.05,1,False,,0.0,0.0,,,0.0,0.0,0.0,/work/Agent_benchmark/CPathAgent/post_eval/TCGA_LUNG_Classification/ROI/roi_overlap_results.csv,,False
TCGA-63-5131-01Z-00-DX1.C1C3724A-D9FC-46D6-9D7B-9357A58ACAEF,CPathAgent,TCGA_LUNG_Classification,0.05,4,True,1.0,0.801,0.488425,0.801,0.6512333333333333,0.2651,0.7765,0.2463,/work/Agent_benchmark/CPathAgent/post_eval/TCGA_LUNG_Classification/ROI/roi_overlap_results.csv,True,True
TCGA-63-6202-01Z-00-DX1.A0A13923-E41B-4A6D-BC55-532D8E90DE0F,CPathAgent,TCGA_LUNG_Classification,0.05,1,False,,0.0,0.0,,,0.0,0.0,0.0,/work/Agent_benchmark/CPathAgent/post_eval/TCGA_LUNG_Classification/ROI/roi_overlap_results.csv,,False
TCGA-63-7020-01Z-00-DX1.33435AC2-9EBC-422C-89DB-962153E8F3F6,CPathAgent,TCGA_LUNG_Classification,0.05,1,False,,0.0,0.0,,,0.0,0.0,0.0,/work/Agent_benchmark/CPathAgent/post_eval/TCGA_LUNG_Classification/ROI/roi_overlap_results.csv,,False
TCGA-63-7021-01Z-00-DX1.568DD2DB-2196-4817-AA00-8843F9A24A62,CPathAgent,TCGA_LUNG_Classification,0.05,1,False,,0.0,0.0,,,0.0,0.0,0.0,/work/Agent_benchmark/CPathAgent/post_eval/TCGA_LUNG_Classification/ROI/roi_overlap_results.csv,,False
TCGA-63-7022-01Z-00-DX1.93EE6221-32E1-4E97-ABDB-E1814B655852,CPathAgent,TCGA_LUNG_Classification,0.05,1,False,,0.0,0.0,,,0.0,0.0,0.0,/work/Agent_benchmark/CPathAgent/post_eval/TCGA_LUNG_Classification/ROI/roi_overlap_results.csv,,False
TCGA-63-7023-01Z-00-DX1.B2435594-037A-40F2-B90F-60B76D2C859D,CPathAgent,TCGA_LUNG_Classification,0.05,9,True,1.0,0.8009,0.23095555555555558,0.8009,0.5196500000000001,0.1261,0.4775,0.1108,/work/Agent_benchmark/CPathAgent/post_eval/TCGA_LUNG_Classification/ROI/roi_overlap_results.csv,False,True
TCGA-63-A5M9-01Z-00-DX1.4E04AC12-6DAC-4DA2-A991-AFCD42FA1CF2,CPathAgent,TCGA_LUNG_Classification,0.05,1,False,,0.0,0.0,,,0.0,0.0,0.0,/work/Agent_benchmark/CPathAgent/post_eval/TCGA_LUNG_Classification/ROI/roi_overlap_results.csv,,False
TCGA-63-A5MB-01Z-00-DX1.BA2648E1-4683-4992-A00C-96179C51A002,CPathAgent,TCGA_LUNG_Classification,0.05,9,True,2.0,1.0,0.5451555555555555,1.0,0.8111,0.3992,0.5159,0.2904,/work/Agent_benchmark/CPathAgent/post_eval/TCGA_LUNG_Classification/ROI/roi_overlap_results.csv,True,True
TCGA-63-A5MG-01Z-00-DX1.EC6B6782-C52F-42B5-AD91-AB718B7EE1A6,CPathAgent,TCGA_LUNG_Classification,0.05,1,False,,0.0,0.0,,,0.0,0.0,0.0,/work/Agent_benchmark/CPathAgent/post_eval/TCGA_LUNG_Classification/ROI/roi_overlap_results.csv,,False
TCGA-63-A5MH-01Z-00-DX1.596077FF-9CE1-4EA7-9BB6-222C69872CA4,CPathAgent,TCGA_LUNG_Classification,0.05,3,True,1.0,0.6275,0.43483333333333324,0.6275,0.43483333333333324,0.1335,1.0,0.1335,/work/Agent_benchmark/CPathAgent/post_eval/TCGA_LUNG_Classification/ROI/roi_overlap_results.csv,False,True
TCGA-63-A5MI-01Z-00-DX1.D9A91E42-FF46-4A88-90A0-2A0214634EB4,CPathAgent,TCGA_LUNG_Classification,0.05,8,True,1.0,0.5615,0.3037,0.5615,0.40493333333333337,0.1809,1.0,0.1809,/work/Agent_benchmark/CPathAgent/post_eval/TCGA_LUNG_Classification/ROI/roi_overlap_results.csv,False,True
TCGA-63-A5MJ-01Z-00-DX1.4F060025-3A21-4FEB-8A63-F55A95BFBA30,CPathAgent,TCGA_LUNG_Classification,0.05,1,False,,0.0,0.0,,,0.0,0.0,0.0,/work/Agent_benchmark/CPathAgent/post_eval/TCGA_LUNG_Classification/ROI/roi_overlap_results.csv,,False
TCGA-63-A5ML-01Z-00-DX1.14703756-F6F7-4EEF-A462-7D40910AE04D,CPathAgent,TCGA_LUNG_Classification,0.05,4,True,1.0,0.8971,0.4812,0.8971,0.6416000000000001,0.2119,0.4015,0.161,/work/Agent_benchmark/CPathAgent/post_eval/TCGA_LUNG_Classification/ROI/roi_overlap_results.csv,True,True
TCGA-63-A5MM-01Z-00-DX1.F385687A-3741-4E73-87F1-D9B00B1B6186,CPathAgent,TCGA_LUNG_Classification,0.05,3,False,,0.0,0.0,,,0.0,0.0,0.0,/work/Agent_benchmark/CPathAgent/post_eval/TCGA_LUNG_Classification/ROI/roi_overlap_results.csv,False,True
TCGA-63-A5MN-01Z-00-DX1.34F9BFA5-847A-456B-8159-7993A0F78543,CPathAgent,TCGA_LUNG_Classification,0.05,1,False,,0.0,0.0,,,0.0,0.0,0.0,/work/Agent_benchmark/CPathAgent/post_eval/TCGA_LUNG_Classification/ROI/roi_overlap_results.csv,,False
TCGA-63-A5MP-01Z-00-DX1.BBA62567-2E99-4AE4-83DB-DCF044F21C5E,CPathAgent,TCGA_LUNG_Classification,0.05,1,False,,0.0,0.0,,,0.0,0.0,0.0,/work/Agent_benchmark/CPathAgent/post_eval/TCGA_LUNG_Classification/ROI/roi_overlap_results.csv,,False
TCGA-63-A5MR-01Z-00-DX1.CCF83112-AEEA-4F76-A43F-2AADE321CE68,CPathAgent,TCGA_LUNG_Classification,0.05,2,True,1.0,0.9315,0.61995,0.9315,0.61995,0.3089,0.4178,0.216,/work/Agent_benchmark/CPathAgent/post_eval/TCGA_LUNG_Classification/ROI/roi_overlap_results.csv,False,True
TCGA-63-A5MS-01Z-00-DX1.F58D7779-B8E0-4086-AF14-256B812F83CE,CPathAgent,TCGA_LUNG_Classification,0.05,3,True,1.0,0.2255,0.1344,0.2255,0.2016,0.1129,0.2192,0.0805,/work/Agent_benchmark/CPathAgent/post_eval/TCGA_LUNG_Classification/ROI/roi_overlap_results.csv,False,True
TCGA-63-A5MT-01Z-00-DX1.9F168173-804C-49CA-B157-7970CB55ED93,CPathAgent,TCGA_LUNG_Classification,0.05,2,False,,0.0003,0.00015,,,0.0003,0.0003,0.0002,/work/Agent_benchmark/CPathAgent/post_eval/TCGA_LUNG_Classification/ROI/roi_overlap_results.csv,False,True
TCGA-63-A5MU-01Z-00-DX1.C80B700E-D924-4A6F-AC8E-D9C91D452A57,CPathAgent,TCGA_LUNG_Classification,0.05,4,True,4.0,0.1387,0.034675,0.1387,0.1387,0.0749,0.1382,0.051,/work/Agent_benchmark/CPathAgent/post_eval/TCGA_LUNG_Classification/ROI/roi_overlap_results.csv,False,True
TCGA-63-A5MV-01Z-00-DX1.72B97C7E-0AE9-468B-9E85-C98BA40CBBCB,CPathAgent,TCGA_LUNG_Classification,0.05,1,False,,0.0,0.0,,,0.0,0.0,0.0,/work/Agent_benchmark/CPathAgent/post_eval/TCGA_LUNG_Classification/ROI/roi_overlap_results.csv,,False
TCGA-63-A5MW-01Z-00-DX1.DEDF1D36-BBFA-4B25-BE54-262025F9F571,CPathAgent,TCGA_LUNG_Classification,0.05,2,True,1.0,0.3838,0.1919,0.3838,0.3838,0.0305,0.0442,0.0184,/work/Agent_benchmark/CPathAgent/post_eval/TCGA_LUNG_Classification/ROI/roi_overlap_results.csv,True,True
TCGA-63-A5MY-01Z-00-DX1.D3753889-13DC-40D4-8845-22A168F35256,CPathAgent,TCGA_LUNG_Classification,0.05,4,True,1.0,0.3701,0.173475,0.3701,0.34695,0.1254,1.0,0.1254,/work/Agent_benchmark/CPathAgent/post_eval/TCGA_LUNG_Classification/ROI/roi_overlap_results.csv,False,True
TCGA-64-1676-01Z-00-DX1.3B8F1FAC-0FB2-45DE-AFA1-6ED451A4A61B,CPathAgent,TCGA_LUNG_Classification,0.05,3,True,1.0,0.9998,0.3571,0.9998,0.53565,0.1239,0.086,0.0535,/work/Agent_benchmark/CPathAgent/post_eval/TCGA_LUNG_Classification/ROI/roi_overlap_results.csv,True,True
TCGA-64-1679-01Z-00-DX1.f9fd24ef-d51c-4530-9fb5-e8a8f09dba73,CPathAgent,TCGA_LUNG_Classification,0.05,4,True,1.0,0.4382,0.1964,0.4382,0.26186666666666664,0.2117,0.2553,0.1309,/work/Agent_benchmark/CPathAgent/post_eval/TCGA_LUNG_Classification/ROI/roi_overlap_results.csv,True,True
TCGA-64-1681-01Z-00-DX1.fb0244f6-51a8-4da2-b45c-38d8e02edab7,CPathAgent,TCGA_LUNG_Classification,0.05,3,True,1.0,0.7206,0.46146666666666664,0.7206,0.46146666666666664,0.3319,0.2367,0.1603,/work/Agent_benchmark/CPathAgent/post_eval/TCGA_LUNG_Classification/ROI/roi_overlap_results.csv,False,True
TCGA-64-5774-01Z-00-DX1.5E3B95EB-BF45-4687-BCF7-AA2A41AA806C,CPathAgent,TCGA_LUNG_Classification,0.05,16,True,1.0,1.0,0.53328125,1.0,0.6563461538461538,0.3465,0.7279,0.3067,/work/Agent_benchmark/CPathAgent/post_eval/TCGA_LUNG_Classification/ROI/roi_overlap_results.csv,True,True
TCGA-64-5775-01Z-00-DX1.9A338C1A-CDB6-41AF-B6D5-EDE608B5E3E1,CPathAgent,TCGA_LUNG_Classification,0.05,12,True,4.0,0.9945,0.18166666666666667,0.9945,0.5377500000000001,0.2484,0.4432,0.1893,/work/Agent_benchmark/CPathAgent/post_eval/TCGA_LUNG_Classification/ROI/roi_overlap_results.csv,True,True
TCGA-64-5778-01Z-00-DX1.96C39819-8A65-4651-BE83-39959F6FAD05,CPathAgent,TCGA_LUNG_Classification,0.05,1,False,,0.0,0.0,,,0.0,0.0,0.0,/work/Agent_benchmark/CPathAgent/post_eval/TCGA_LUNG_Classification/ROI/roi_overlap_results.csv,,False
TCGA-64-5779-01Z-00-DX1.B3268447-DCE0-4927-B5A9-EC4D61E9B17D,CPathAgent,TCGA_LUNG_Classification,0.05,10,True,1.0,1.0,0.32136,1.0,0.4560142857142857,0.3095,0.1806,0.1287,/work/Agent_benchmark/CPathAgent/post_eval/TCGA_LUNG_Classification/ROI/roi_overlap_results.csv,True,True
TCGA-64-5781-01Z-00-DX1.81474D4D-6B48-473F-BAA9-ABD75C9223C3,CPathAgent,TCGA_LUNG_Classification,0.05,4,True,1.0,1.0,0.55365,1.0,0.7382,0.3779,0.1531,0.1223,/work/Agent_benchmark/CPathAgent/post_eval/TCGA_LUNG_Classification/ROI/roi_overlap_results.csv,False,True
TCGA-66-2727-01Z-00-DX1.cab55166-3a9a-4f2e-9f7a-33859ab32d12,CPathAgent,TCGA_LUNG_Classification,0.05,3,True,2.0,0.0741,0.0247,0.0741,0.0741,0.038,0.028,0.0164,/work/Agent_benchmark/CPathAgent/post_eval/TCGA_LUNG_Classification/ROI/roi_overlap_results.csv,False,True
TCGA-66-2734-01Z-00-DX1.2c23bc49-e2be-480a-b6a8-d3259a584930,CPathAgent,TCGA_LUNG_Classification,0.05,11,True,1.0,1.0,0.8138363636363638,1.0,0.8952200000000001,0.6375,0.5554,0.4221,/work/Agent_benchmark/CPathAgent/post_eval/TCGA_LUNG_Classification/ROI/roi_overlap_results.csv,True,True
TCGA-66-2737-01Z-00-DX1.3c508c22-fadc-4b05-ada4-b447b21e098c,CPathAgent,TCGA_LUNG_Classification,0.05,5,True,1.0,0.9962,0.5201,0.9962,0.6501250000000001,0.4516,0.1588,0.1331,/work/Agent_benchmark/CPathAgent/post_eval/TCGA_LUNG_Classification/ROI/roi_overlap_results.csv,False,True
TCGA-66-2742-01Z-00-DX1.8fdd6990-a08c-457b-80e4-586c619a784e,CPathAgent,TCGA_LUNG_Classification,0.05,3,True,1.0,0.8404,0.4704333333333333,0.8404,0.70565,0.3471,0.1635,0.125,/work/Agent_benchmark/CPathAgent/post_eval/TCGA_LUNG_Classification/ROI/roi_overlap_results.csv,True,True
TCGA-66-2744-01Z-00-DX1.e67796a0-fc9e-4137-8cbf-fae91ea90a7c,CPathAgent,TCGA_LUNG_Classification,0.05,2,True,1.0,0.7016,0.3508,0.7016,0.7016,0.1397,0.081,0.0541,/work/Agent_benchmark/CPathAgent/post_eval/TCGA_LUNG_Classification/ROI/roi_overlap_results.csv,False,True
TCGA-66-2753-01Z-00-DX1.ae9d8372-adb8-46f9-a140-2f0a1ddff579,CPathAgent,TCGA_LUNG_Classification,0.05,1,False,,0.0,0.0,,,0.0,0.0,0.0,/work/Agent_benchmark/CPathAgent/post_eval/TCGA_LUNG_Classification/ROI/roi_overlap_results.csv,,False
TCGA-66-2754-01Z-00-DX1.3cd19122-06f3-420e-9c3f-362225ff49eb,CPathAgent,TCGA_LUNG_Classification,0.05,1,False,,0.0,0.0,,,0.0,0.0,0.0,/work/Agent_benchmark/CPathAgent/post_eval/TCGA_LUNG_Classification/ROI/roi_overlap_results.csv,,False
TCGA-66-2755-01Z-00-DX1.ccc904f0-4cd3-44a5-8b68-7272f2a7558f,CPathAgent,TCGA_LUNG_Classification,0.05,8,True,1.0,1.0,0.5603750000000001,1.0,0.6404285714285713,0.3376,0.216,0.1517,/work/Agent_benchmark/CPathAgent/post_eval/TCGA_LUNG_Classification/ROI/roi_overlap_results.csv,True,True
TCGA-66-2756-01Z-00-DX1.e6bda67d-2647-4751-9c16-b711933a1d6c,CPathAgent,TCGA_LUNG_Classification,0.05,9,True,1.0,1.0,0.48147777777777784,1.0,0.7222166666666667,0.3452,0.3421,0.2075,/work/Agent_benchmark/CPathAgent/post_eval/TCGA_LUNG_Classification/ROI/roi_overlap_results.csv,True,True
TCGA-66-2757-01Z-00-DX1.fa182184-fbf1-46ab-bdae-6f383441fd85,CPathAgent,TCGA_LUNG_Classification,0.05,8,True,1.0,0.8704,0.3155125,0.8704,0.631025,0.2048,0.6011,0.1803,/work/Agent_benchmark/CPathAgent/post_eval/TCGA_LUNG_Classification/ROI/roi_overlap_results.csv,False,True
TCGA-66-2758-01Z-00-DX1.23611c66-bd21-47d1-abb0-2f3da38c377f,CPathAgent,TCGA_LUNG_Classification,0.05,15,True,1.0,0.988,0.5409733333333333,0.988,0.6762083333333333,0.5143,0.7963,0.4545,/work/Agent_benchmark/CPathAgent/post_eval/TCGA_LUNG_Classification/ROI/roi_overlap_results.csv,False,True
TCGA-66-2759-01Z-00-DX1.10135ce3-22d5-4802-907d-057fe54f5554,CPathAgent,TCGA_LUNG_Classification,0.05,14,True,1.0,1.0,0.5813071428571428,1.0,0.7398454545454545,0.3388,0.5548,0.2664,/work/Agent_benchmark/CPathAgent/post_eval/TCGA_LUNG_Classification/ROI/roi_overlap_results.csv,True,True
TCGA-66-2763-01Z-00-DX1.99bc6dec-4e57-45bb-8d94-4dc38657d852,CPathAgent,TCGA_LUNG_Classification,0.05,4,True,1.0,1.0,0.459975,1.0,0.6133000000000001,0.2703,0.2105,0.1342,/work/Agent_benchmark/CPathAgent/post_eval/TCGA_LUNG_Classification/ROI/roi_overlap_results.csv,True,True
TCGA-66-2765-01Z-00-DX1.c9d8b0f7-b2c8-45ea-8bd1-81e231fd6e91,CPathAgent,TCGA_LUNG_Classification,0.05,4,True,1.0,0.2072,0.088675,0.2072,0.17735,0.0777,0.1095,0.0476,/work/Agent_benchmark/CPathAgent/post_eval/TCGA_LUNG_Classification/ROI/roi_overlap_results.csv,False,True
TCGA-66-2766-01Z-00-DX1.05729d5f-7c12-44e1-9a61-90296f555e89,CPathAgent,TCGA_LUNG_Classification,0.05,5,True,1.0,1.0,0.6606,1.0,0.82575,0.3535,0.1199,0.0983,/work/Agent_benchmark/CPathAgent/post_eval/TCGA_LUNG_Classification/ROI/roi_overlap_results.csv,False,True
TCGA-66-2767-01Z-00-DX1.7bcc7633-3e70-46e3-8689-542c23577ed1,CPathAgent,TCGA_LUNG_Classification,0.05,3,True,1.0,1.0,0.6254000000000001,1.0,0.6254000000000001,0.3982,0.1161,0.0988,/work/Agent_benchmark/CPathAgent/post_eval/TCGA_LUNG_Classification/ROI/roi_overlap_results.csv,True,True
TCGA-66-2768-01Z-00-DX1.02fadcc4-9d05-4b37-9114-d8e80c09ef1a,CPathAgent,TCGA_LUNG_Classification,0.05,10,True,1.0,0.9435,0.21466000000000002,0.9435,0.526175,0.0794,0.2999,0.067,/work/Agent_benchmark/CPathAgent/post_eval/TCGA_LUNG_Classification/ROI/roi_overlap_results.csv,True,True
TCGA-66-2769-01Z-00-DX1.101b6493-a7b3-42cf-ae2f-a90948f3fb8f,CPathAgent,TCGA_LUNG_Classification,0.05,7,True,1.0,1.0,0.5136857142857142,1.0,0.7191599999999999,0.3167,0.3945,0.2131,/work/Agent_benchmark/CPathAgent/post_eval/TCGA_LUNG_Classification/ROI/roi_overlap_results.csv,True,True
TCGA-66-2770-01Z-00-DX1.c11eb894-06a2-4bd0-92da-70fe024b07f1,CPathAgent,TCGA_LUNG_Classification,0.05,4,True,1.0,0.9208,0.402425,0.9208,0.5365666666666666,0.1664,0.1136,0.0724,/work/Agent_benchmark/CPathAgent/post_eval/TCGA_LUNG_Classification/ROI/roi_overlap_results.csv,True,True
TCGA-66-2770-01Z-00-DX2.58f25170-ac3a-471a-80a0-0586f2ae1669,CPathAgent,TCGA_LUNG_Classification,0.05,5,True,1.0,1.0,0.59292,1.0,0.74115,0.5351,0.4082,0.3013,/work/Agent_benchmark/CPathAgent/post_eval/TCGA_LUNG_Classification/ROI/roi_overlap_results.csv,True,True
TCGA-66-2771-01Z-00-DX1.b84a28ec-2726-4386-9445-0f5ca351d985,CPathAgent,TCGA_LUNG_Classification,0.05,3,True,1.0,1.0,0.7422,1.0,0.7422,0.6075,0.3182,0.2639,/work/Agent_benchmark/CPathAgent/post_eval/TCGA_LUNG_Classification/ROI/roi_overlap_results.csv,True,True
TCGA-66-2773-01Z-00-DX1.70fe76fc-749d-4720-a97e-40cd097f2340,CPathAgent,TCGA_LUNG_Classification,0.05,10,True,1.0,0.8957,0.28992,0.8957,0.7248,0.1926,0.1809,0.1029,/work/Agent_benchmark/CPathAgent/post_eval/TCGA_LUNG_Classification/ROI/roi_overlap_results.csv,True,True
TCGA-66-2777-01Z-00-DX1.78b3c4b0-e7e5-427b-b4d7-3ca9c5b7bbd6,CPathAgent,TCGA_LUNG_Classification,0.05,9,True,1.0,1.0,0.4291111111111111,1.0,0.7724,0.1901,0.4349,0.1525,/work/Agent_benchmark/CPathAgent/post_eval/TCGA_LUNG_Classification/ROI/roi_overlap_results.csv,True,True
TCGA-66-2778-01Z-00-DX1.5806ab4d-fdde-45b6-a131-fd5f71bcde0b,CPathAgent,TCGA_LUNG_Classification,0.05,6,True,1.0,0.9053,0.6033666666666667,0.9053,0.72404,0.3482,0.244,0.1675,/work/Agent_benchmark/CPathAgent/post_eval/TCGA_LUNG_Classification/ROI/roi_overlap_results.csv,True,True
TCGA-66-2780-01Z-00-DX1.895b75f9-6127-49f9-8106-0161b5de18ec,CPathAgent,TCGA_LUNG_Classification,0.05,5,True,1.0,0.9358,0.44955999999999996,0.9358,0.56195,0.3476,0.4244,0.2362,/work/Agent_benchmark/CPathAgent/post_eval/TCGA_LUNG_Classification/ROI/roi_overlap_results.csv,True,True
TCGA-66-2781-01Z-00-DX1.ed9ff5b7-7c66-4bf7-bfb5-ca48b9e1a54e,CPathAgent,TCGA_LUNG_Classification,0.05,11,True,1.0,1.0,0.3181181818181818,1.0,0.5758666666666667,0.2134,0.6145,0.1882,/work/Agent_benchmark/CPathAgent/post_eval/TCGA_LUNG_Classification/ROI/roi_overlap_results.csv,True,True
TCGA-66-2783-01Z-00-DX1.34df2ea9-f8d8-448e-bd54-02364f434355,CPathAgent,TCGA_LUNG_Classification,0.05,11,True,1.0,0.5695,0.1308090909090909,0.5695,0.35972499999999996,0.0875,0.2956,0.0724,/work/Agent_benchmark/CPathAgent/post_eval/TCGA_LUNG_Classification/ROI/roi_overlap_results.csv,True,True
TCGA-66-2785-01Z-00-DX1.b9439ee1-d22b-4ccd-b53b-ce7717a37a17,CPathAgent,TCGA_LUNG_Classification,0.05,13,True,3.0,0.1401,0.015130769230769229,0.1401,0.09555,0.0078,0.0429,0.0066,/work/Agent_benchmark/CPathAgent/post_eval/TCGA_LUNG_Classification/ROI/roi_overlap_results.csv,True,True
TCGA-66-2786-01Z-00-DX1.5fd5c25f-cb17-4650-b59e-122c6ddafe86,CPathAgent,TCGA_LUNG_Classification,0.05,7,True,1.0,0.9452,0.39475714285714286,0.9452,0.46055,0.2216,0.5641,0.1892,/work/Agent_benchmark/CPathAgent/post_eval/TCGA_LUNG_Classification/ROI/roi_overlap_results.csv,True,True
TCGA-67-3770-01Z-00-DX1.4C14BE72-905C-4AAE-B07A-6437D98A23FA,CPathAgent,TCGA_LUNG_Classification,0.05,21,True,1.0,0.965,0.13695238095238094,0.965,0.31949999999999995,0.0927,0.2498,0.0725,/work/Agent_benchmark/CPathAgent/post_eval/TCGA_LUNG_Classification/ROI/roi_overlap_results.csv,True,True
TCGA-67-3772-01Z-00-DX1.CB05C5CC-2801-4BB9-94A0-83E9005BCA2E,CPathAgent,TCGA_LUNG_Classification,0.05,5,True,3.0,0.2134,0.04536,0.2134,0.2134,0.0657,0.0973,0.0408,/work/Agent_benchmark/CPathAgent/post_eval/TCGA_LUNG_Classification/ROI/roi_overlap_results.csv,True,True
TCGA-67-3773-01Z-00-DX1.3E9DFC22-E962-4C18-BF5B-27EBEA089F5D,CPathAgent,TCGA_LUNG_Classification,0.05,11,True,1.0,0.5132,0.13879090909090908,0.5132,0.381675,0.1286,0.647,0.1202,/work/Agent_benchmark/CPathAgent/post_eval/TCGA_LUNG_Classification/ROI/roi_overlap_results.csv,True,True
TCGA-67-3774-01Z-00-DX1.FE85FDCB-91D2-47C5-8D13-D622A51A7BE0,CPathAgent,TCGA_LUNG_Classification,0.05,9,True,1.0,0.6083,0.16597777777777775,0.6083,0.2952,0.1368,0.4185,0.1149,/work/Agent_benchmark/CPathAgent/post_eval/TCGA_LUNG_Classification/ROI/roi_overlap_results.csv,True,True
TCGA-67-4679-01Z-00-DX1.a3d84341-fed7-4235-a053-638ed5294954,CPathAgent,TCGA_LUNG_Classification,0.05,4,False,,0.0,0.0,,,0.0,0.0,0.0,/work/Agent_benchmark/CPathAgent/post_eval/TCGA_LUNG_Classification/ROI/roi_overlap_results.csv,True,True
TCGA-67-6216-01Z-00-DX1.04da6a64-bd3a-48ed-bc99-d651e00a1aa4,CPathAgent,TCGA_LUNG_Classification,0.05,7,False,,0.0,0.0,,,0.0,0.0,0.0,/work/Agent_benchmark/CPathAgent/post_eval/TCGA_LUNG_Classification/ROI/roi_overlap_results.csv,True,True
TCGA-67-6217-01Z-00-DX1.3fa5c69b-60d1-41fb-a86f-48f77d81285f,CPathAgent,TCGA_LUNG_Classification,0.05,12,True,2.0,1.0,0.305425,1.0,0.73302,0.2829,0.5531,0.2303,/work/Agent_benchmark/CPathAgent/post_eval/TCGA_LUNG_Classification/ROI/roi_overlap_results.csv,True,True
TCGA-69-7761-01Z-00-DX1.aa7ef5ef-8162-4961-a923-3a29646efba3,CPathAgent,TCGA_LUNG_Classification,0.05,13,True,5.0,1.0,0.28034615384615386,1.0,0.7289,0.3501,0.2816,0.1849,/work/Agent_benchmark/CPathAgent/post_eval/TCGA_LUNG_Classification/ROI/roi_overlap_results.csv,True,True
TCGA-69-7763-01Z-00-DX1.33203e8a-43e9-4e3e-98ba-1ac08b80a44f,CPathAgent,TCGA_LUNG_Classification,0.05,11,True,1.0,1.0,0.2006181818181818,1.0,0.5517,0.2606,0.6119,0.2236,/work/Agent_benchmark/CPathAgent/post_eval/TCGA_LUNG_Classification/ROI/roi_overlap_results.csv,False,True
TCGA-69-7765-01Z-00-DX1.ac389366-febb-488c-9190-fe00bc07cd20,CPathAgent,TCGA_LUNG_Classification,0.05,14,True,2.0,0.6831,0.16712857142857146,0.6831,0.33151428571428576,0.1542,0.5001,0.1336,/work/Agent_benchmark/CPathAgent/post_eval/TCGA_LUNG_Classification/ROI/roi_overlap_results.csv,True,True
TCGA-69-7973-01Z-00-DX1.aefb015a-cb51-425f-a80f-cd51091a0ee3,CPathAgent,TCGA_LUNG_Classification,0.05,6,True,2.0,0.8682,0.4500666666666666,0.8682,0.6750999999999999,0.5291,0.397,0.2934,/work/Agent_benchmark/CPathAgent/post_eval/TCGA_LUNG_Classification/ROI/roi_overlap_results.csv,True,True
TCGA-69-7979-01Z-00-DX1.c9bc265d-4889-4333-9852-b8b535887f1e,CPathAgent,TCGA_LUNG_Classification,0.05,10,True,2.0,1.0,0.43235999999999997,1.0,0.4804,0.4661,0.3025,0.2247,/work/Agent_benchmark/CPathAgent/post_eval/TCGA_LUNG_Classification/ROI/roi_overlap_results.csv,True,True
TCGA-69-7980-01Z-00-DX1.8bbf8cc0-eca7-49e5-a022-c22e3e6ed6dc,CPathAgent,TCGA_LUNG_Classification,0.05,15,True,4.0,1.0,0.34995333333333334,1.0,0.7414571428571428,0.387,0.3858,0.2394,/work/Agent_benchmark/CPathAgent/post_eval/TCGA_LUNG_Classification/ROI/roi_overlap_results.csv,True,True
TCGA-69-8253-01Z-00-DX1.631c741f-46bd-4d4b-8f6c-64787fb4c402,CPathAgent,TCGA_LUNG_Classification,0.05,10,True,1.0,1.0,0.6674300000000001,1.0,0.8342875000000001,0.4809,0.4726,0.313,/work/Agent_benchmark/CPathAgent/post_eval/TCGA_LUNG_Classification/ROI/roi_overlap_results.csv,True,True
TCGA-69-8254-01Z-00-DX1.83a81d08-8c70-4f07-b4da-cbd17c4fe4d4,CPathAgent,TCGA_LUNG_Classification,0.05,11,True,1.0,0.9979,0.26661818181818187,0.9979,0.365375,0.2663,0.2328,0.1418,/work/Agent_benchmark/CPathAgent/post_eval/TCGA_LUNG_Classification/ROI/roi_overlap_results.csv,False,True
TCGA-69-8453-01Z-00-DX1.C472096B-95BA-42CD-ADEB-326C38F9DC95,CPathAgent,TCGA_LUNG_Classification,0.05,9,True,1.0,0.7965,0.16118888888888888,0.7965,0.48356666666666664,0.1583,0.1004,0.0655,/work/Agent_benchmark/CPathAgent/post_eval/TCGA_LUNG_Classification/ROI/roi_overlap_results.csv,False,True
TCGA-69-A59K-01Z-00-DX1.01EAF520-9AC1-4ECC-8EF3-B9122924A1E3,CPathAgent,TCGA_LUNG_Classification,0.05,5,True,2.0,0.9706,0.29779999999999995,0.9706,0.7444999999999999,0.1388,0.0381,0.0308,/work/Agent_benchmark/CPathAgent/post_eval/TCGA_LUNG_Classification/ROI/roi_overlap_results.csv,True,True
TCGA-71-6725-01Z-00-DX1.b9e1d4aa-439d-481f-b24b-134c4e470f28,CPathAgent,TCGA_LUNG_Classification,0.05,24,True,1.0,1.0,0.5835041666666667,1.0,0.700205,0.5195,0.5293,0.3553,/work/Agent_benchmark/CPathAgent/post_eval/TCGA_LUNG_Classification/ROI/roi_overlap_results.csv,True,True
TCGA-71-8520-01Z-00-DX1.EAE99132-A397-4B4D-8B09-CBB774A7B62F,CPathAgent,TCGA_LUNG_Classification,0.05,19,True,1.0,1.0,0.4577894736842105,1.0,0.7248333333333332,0.4071,0.426,0.2629,/work/Agent_benchmark/CPathAgent/post_eval/TCGA_LUNG_Classification/ROI/roi_overlap_results.csv,False,True
TCGA-73-4666-01Z-00-DX1.dd9c8922-ddd1-4674-8124-9e334532e47e,CPathAgent,TCGA_LUNG_Classification,0.05,7,True,1.0,0.9934,0.3628142857142857,0.9934,0.4232833333333333,0.369,0.3413,0.2155,/work/Agent_benchmark/CPathAgent/post_eval/TCGA_LUNG_Classification/ROI/roi_overlap_results.csv,True,True
TCGA-73-4668-01Z-00-DX1.3470b27e-210f-4ff3-9dde-69aa85faa9ee,CPathAgent,TCGA_LUNG_Classification,0.05,9,True,2.0,1.0,0.3314888888888889,1.0,0.4877333333333333,0.3233,0.3927,0.2155,/work/Agent_benchmark/CPathAgent/post_eval/TCGA_LUNG_Classification/ROI/roi_overlap_results.csv,True,True
TCGA-73-4675-01Z-00-DX1.1027587f-8ec4-4b8c-8768-ff7b669683e0,CPathAgent,TCGA_LUNG_Classification,0.05,5,True,2.0,1.0,0.57436,1.0,0.9572666666666666,0.6583,0.1361,0.1271,/work/Agent_benchmark/CPathAgent/post_eval/TCGA_LUNG_Classification/ROI/roi_overlap_results.csv,True,True
TCGA-73-4676-01Z-00-DX1.4d781bbc-a45e-4f9d-b6b6-2265282dff99,CPathAgent,TCGA_LUNG_Classification,0.05,73,True,57.0,0.4353,0.011621917808219178,0.4353,0.2828,0.0202,0.0685,0.0159,/work/Agent_benchmark/CPathAgent/post_eval/TCGA_LUNG_Classification/ROI/roi_overlap_results.csv,True,True
TCGA-73-4677-01Z-00-DX1.b557785c-9ccc-42a7-bb54-7bb47638ddfc,CPathAgent,TCGA_LUNG_Classification,0.05,8,True,4.0,1.0,0.3187125,1.0,0.8499,0.2606,0.1837,0.1207,/work/Agent_benchmark/CPathAgent/post_eval/TCGA_LUNG_Classification/ROI/roi_overlap_results.csv,True,True
TCGA-73-7499-01Z-00-DX1.81f5c1c1-3d40-4773-a1fb-e1f8eb9f6730,CPathAgent,TCGA_LUNG_Classification,0.05,9,True,4.0,0.8884,0.19249999999999998,0.8884,0.42569999999999997,0.2496,0.6213,0.2167,/work/Agent_benchmark/CPathAgent/post_eval/TCGA_LUNG_Classification/ROI/roi_overlap_results.csv,True,True
TCGA-73-A9RS-01Z-00-DX1.EDCEFE41-61E2-48C9-B8D5-28B55372E0CA,CPathAgent,TCGA_LUNG_Classification,0.05,9,True,1.0,1.0,0.9072777777777777,1.0,0.9072777777777777,0.8352,0.2261,0.2164,/work/Agent_benchmark/CPathAgent/post_eval/TCGA_LUNG_Classification/ROI/roi_overlap_results.csv,True,True
TCGA-75-5125-01Z-00-DX1.2E419CAF-E248-4959-951E-498D8054433E,CPathAgent,TCGA_LUNG_Classification,0.05,3,True,1.0,1.0,0.40686666666666665,1.0,0.6103,0.113,0.1435,0.0675,/work/Agent_benchmark/CPathAgent/post_eval/TCGA_LUNG_Classification/ROI/roi_overlap_results.csv,False,True
TCGA-75-5126-01Z-00-DX1.164887F4-9986-415F-A94A-E40E92D80DA3,CPathAgent,TCGA_LUNG_Classification,0.05,5,True,1.0,0.2896,0.1424,0.2896,0.2373333333333333,0.1295,0.5938,0.119,/work/Agent_benchmark/CPathAgent/post_eval/TCGA_LUNG_Classification/ROI/roi_overlap_results.csv,False,True
TCGA-75-5146-01Z-00-DX1.4958A631-7E6F-4FBB-A1C3-B8F8368D46C5,CPathAgent,TCGA_LUNG_Classification,0.05,1,False,,0.0,0.0,,,0.0,0.0,0.0,/work/Agent_benchmark/CPathAgent/post_eval/TCGA_LUNG_Classification/ROI/roi_overlap_results.csv,,False
TCGA-75-6203-01Z-00-DX1.9796ACAB-9E1A-4BC5-B80C-4EC856FA14B7,CPathAgent,TCGA_LUNG_Classification,0.05,1,False,,0.0,0.0,,,0.0,0.0,0.0,/work/Agent_benchmark/CPathAgent/post_eval/TCGA_LUNG_Classification/ROI/roi_overlap_results.csv,,False
TCGA-75-6205-01Z-00-DX1.B75BC6BA-5196-4F62-BDA2-3F1D320ABD7C,CPathAgent,TCGA_LUNG_Classification,0.05,3,False,,0.0,0.0,,,0.0,0.0,0.0,/work/Agent_benchmark/CPathAgent/post_eval/TCGA_LUNG_Classification/ROI/roi_overlap_results.csv,False,True
TCGA-75-6206-01Z-00-DX1.63230D94-7015-4247-936D-E7ACD6692AB3,CPathAgent,TCGA_LUNG_Classification,0.05,1,False,,0.0,0.0,,,0.0,0.0,0.0,/work/Agent_benchmark/CPathAgent/post_eval/TCGA_LUNG_Classification/ROI/roi_overlap_results.csv,,False
TCGA-75-6207-01Z-00-DX1.837B7B0F-424C-423B-9045-A905E7C1C54C,CPathAgent,TCGA_LUNG_Classification,0.05,3,True,1.0,0.4236,0.20446666666666666,0.4236,0.3067,0.0949,0.2489,0.0738,/work/Agent_benchmark/CPathAgent/post_eval/TCGA_LUNG_Classification/ROI/roi_overlap_results.csv,False,True
TCGA-75-6211-01Z-00-DX1.3E7B5948-521E-48EE-9204-80F5713ECD25,CPathAgent,TCGA_LUNG_Classification,0.05,11,True,1.0,0.3616,0.048999999999999995,0.3616,0.26949999999999996,0.026,0.4565,0.0252,/work/Agent_benchmark/CPathAgent/post_eval/TCGA_LUNG_Classification/ROI/roi_overlap_results.csv,True,True
TCGA-75-6212-01Z-00-DX1.FCB36956-DF6C-485D-8E7A-922A2BDAE669,CPathAgent,TCGA_LUNG_Classification,0.05,1,False,,0.0,0.0,,,0.0,0.0,0.0,/work/Agent_benchmark/CPathAgent/post_eval/TCGA_LUNG_Classification/ROI/roi_overlap_results.csv,,False
TCGA-75-7025-01Z-00-DX1.284477D7-4F47-4084-A15C-0A7E9571E3DF,CPathAgent,TCGA_LUNG_Classification,0.05,2,True,2.0,0.1701,0.09475,0.1701,0.1701,0.1701,0.9496,0.1686,/work/Agent_benchmark/CPathAgent/post_eval/TCGA_LUNG_Classification/ROI/roi_overlap_results.csv,True,True
TCGA-75-7027-01Z-00-DX1.AC91B34F-DF67-4F95-B145-079A71A54E83,CPathAgent,TCGA_LUNG_Classification,0.05,1,False,,0.0,0.0,,,0.0,0.0,0.0,/work/Agent_benchmark/CPathAgent/post_eval/TCGA_LUNG_Classification/ROI/roi_overlap_results.csv,,False
TCGA-75-7030-01Z-00-DX1.5DDF24B5-00D1-4418-A067-A9B609E15314,CPathAgent,TCGA_LUNG_Classification,0.05,6,True,1.0,0.512,0.245,0.512,0.3675,0.2608,0.4889,0.2049,/work/Agent_benchmark/CPathAgent/post_eval/TCGA_LUNG_Classification/ROI/roi_overlap_results.csv,True,True
TCGA-78-7145-01Z-00-DX1.ecde66bf-2de8-4e31-b3ab-4fed4f055dda,CPathAgent,TCGA_LUNG_Classification,0.05,5,True,1.0,1.0,0.64494,1.0,0.64494,0.4988,0.1677,0.1435,/work/Agent_benchmark/CPathAgent/post_eval/TCGA_LUNG_Classification/ROI/roi_overlap_results.csv,True,True
TCGA-78-7146-01Z-00-DX1.830209b2-94c5-4277-a7b6-b2f2634de0dc,CPathAgent,TCGA_LUNG_Classification,0.05,6,True,1.0,1.0,0.9159333333333334,1.0,0.9159333333333334,0.8087,0.2105,0.2005,/work/Agent_benchmark/CPathAgent/post_eval/TCGA_LUNG_Classification/ROI/roi_overlap_results.csv,False,True
TCGA-78-7148-01Z-00-DX1.aac94f79-77f2-45e6-b0c3-0b103fecbb22,CPathAgent,TCGA_LUNG_Classification,0.05,8,True,3.0,0.6437,0.1651375,0.6437,0.44036666666666663,0.1927,0.3533,0.1425,/work/Agent_benchmark/CPathAgent/post_eval/TCGA_LUNG_Classification/ROI/roi_overlap_results.csv,True,True
TCGA-78-7149-01Z-00-DX1.1b83dbcb-0c9f-4e50-bb98-bf9a157052cf,CPathAgent,TCGA_LUNG_Classification,0.05,4,True,1.0,0.9551,0.737225,0.9551,0.737225,0.6559,0.0572,0.0556,/work/Agent_benchmark/CPathAgent/post_eval/TCGA_LUNG_Classification/ROI/roi_overlap_results.csv,True,True
TCGA-78-7152-01Z-00-DX1.a04f9d84-3304-402c-9c0c-f64545c14781,CPathAgent,TCGA_LUNG_Classification,0.05,9,True,1.0,0.9437,0.28522222222222227,0.9437,0.5134000000000001,0.1897,0.1025,0.0713,/work/Agent_benchmark/CPathAgent/post_eval/TCGA_LUNG_Classification/ROI/roi_overlap_results.csv,True,True
TCGA-78-7153-01Z-00-DX1.5190321a-f1aa-4c6e-b4b9-6767b779682b,CPathAgent,TCGA_LUNG_Classification,0.05,6,True,2.0,1.0,0.42558333333333326,1.0,0.51054,0.4272,0.0598,0.0554,/work/Agent_benchmark/CPathAgent/post_eval/TCGA_LUNG_Classification/ROI/roi_overlap_results.csv,True,True
TCGA-78-7154-01Z-00-DX1.596c20c2-e811-4b5e-961c-98343afcccde,CPathAgent,TCGA_LUNG_Classification,0.05,14,True,1.0,1.0,0.5622928571428571,1.0,0.78015,0.6084,0.2914,0.2454,/work/Agent_benchmark/CPathAgent/post_eval/TCGA_LUNG_Classification/ROI/roi_overlap_results.csv,True,True
TCGA-78-7155-01Z-00-DX1.32258467-7550-4a1b-8df9-a869fb83e559,CPathAgent,TCGA_LUNG_Classification,0.05,5,True,2.0,1.0,0.33432,1.0,0.5572,0.2093,0.049,0.0413,/work/Agent_benchmark/CPathAgent/post_eval/TCGA_LUNG_Classification/ROI/roi_overlap_results.csv,True,True
TCGA-78-7156-01Z-00-DX1.9f7c8eb9-73de-49be-a487-e1fd4411b7b5,CPathAgent,TCGA_LUNG_Classification,0.05,7,True,1.0,1.0,0.666,1.0,0.777,0.5857,0.1999,0.1752,/work/Agent_benchmark/CPathAgent/post_eval/TCGA_LUNG_Classification/ROI/roi_overlap_results.csv,True,True
TCGA-78-7158-01Z-00-DX1.74db3dcd-2715-4ce7-8e48-30c8b7946ba0,CPathAgent,TCGA_LUNG_Classification,0.05,30,True,1.0,1.0,0.7613133333333333,1.0,0.844085185185185,0.6931,0.716,0.5436,/work/Agent_benchmark/CPathAgent/post_eval/TCGA_LUNG_Classification/ROI/roi_overlap_results.csv,True,True
TCGA-78-7160-01Z-00-DX1.f40f6c04-74b1-4cef-aabc-cbafadbdf39f,CPathAgent,TCGA_LUNG_Classification,0.05,9,True,1.0,1.0,0.7110666666666666,1.0,0.7110666666666666,0.6493,0.3009,0.2588,/work/Agent_benchmark/CPathAgent/post_eval/TCGA_LUNG_Classification/ROI/roi_overlap_results.csv,True,True
TCGA-78-7161-01Z-00-DX1.646cf15a-5961-4728-b9fe-fe3fff11831f,CPathAgent,TCGA_LUNG_Classification,0.05,2,True,1.0,1.0,0.9526,1.0,0.9526,0.9241,0.0961,0.0953,/work/Agent_benchmark/CPathAgent/post_eval/TCGA_LUNG_Classification/ROI/roi_overlap_results.csv,True,True
TCGA-78-7163-01Z-00-DX1.42880bdf-271d-41dd-aada-e7ec1156ff31,CPathAgent,TCGA_LUNG_Classification,0.05,6,True,1.0,1.0,0.6271333333333332,1.0,0.7525599999999999,0.5926,0.2067,0.181,/work/Agent_benchmark/CPathAgent/post_eval/TCGA_LUNG_Classification/ROI/roi_overlap_results.csv,True,True
TCGA-78-7220-01Z-00-DX1.3df84ce0-4395-4c9e-ba62-76b55676a440,CPathAgent,TCGA_LUNG_Classification,0.05,3,True,1.0,0.7898,0.6129666666666665,0.7898,0.6129666666666665,0.7539,0.1227,0.118,/work/Agent_benchmark/CPathAgent/post_eval/TCGA_LUNG_Classification/ROI/roi_overlap_results.csv,False,True
TCGA-78-7536-01Z-00-DX1.6b066140-8b82-40a5-bd48-430eeb4463fe,CPathAgent,TCGA_LUNG_Classification,0.05,15,True,2.0,1.0,0.5720133333333333,1.0,0.7150166666666666,0.6089,0.2801,0.2374,/work/Agent_benchmark/CPathAgent/post_eval/TCGA_LUNG_Classification/ROI/roi_overlap_results.csv,True,True
TCGA-78-7539-01Z-00-DX1.b838d859-2fb7-48d1-a442-d366ac404099,CPathAgent,TCGA_LUNG_Classification,0.05,18,True,7.0,1.0,0.18107222222222222,1.0,0.5432166666666666,0.26,0.3882,0.1844,/work/Agent_benchmark/CPathAgent/post_eval/TCGA_LUNG_Classification/ROI/roi_overlap_results.csv,True,True
TCGA-78-7540-01Z-00-DX1.25c29857-0d5f-4e52-be0c-32c6686b653f,CPathAgent,TCGA_LUNG_Classification,0.05,13,True,1.0,0.5956,0.18317692307692307,0.5956,0.39621666666666666,0.2355,0.322,0.1574,/work/Agent_benchmark/CPathAgent/post_eval/TCGA_LUNG_Classification/ROI/roi_overlap_results.csv,True,True
TCGA-78-7542-01Z-00-DX1.2ee042a6-11ee-4668-b254-44144fca4234,CPathAgent,TCGA_LUNG_Classification,0.05,11,True,1.0,0.9267,0.26858181818181814,0.9267,0.48994999999999994,0.3626,0.3462,0.2152,/work/Agent_benchmark/CPathAgent/post_eval/TCGA_LUNG_Classification/ROI/roi_overlap_results.csv,False,True
TCGA-78-7633-01Z-00-DX1.f0cd4825-eb92-4098-954a-fbb1e4851660,CPathAgent,TCGA_LUNG_Classification,0.05,18,True,1.0,1.0,0.41034444444444446,1.0,0.49241333333333337,0.361,0.3232,0.2056,/work/Agent_benchmark/CPathAgent/post_eval/TCGA_LUNG_Classification/ROI/roi_overlap_results.csv,True,True
TCGA-78-8640-01Z-00-DX1.6F929E56-34D5-45A6-8A9E-ACB4B88A68B1,CPathAgent,TCGA_LUNG_Classification,0.05,9,True,4.0,1.0,0.33642222222222223,1.0,0.75695,0.4385,0.1194,0.1036,/work/Agent_benchmark/CPathAgent/post_eval/TCGA_LUNG_Classification/ROI/roi_overlap_results.csv,True,True
TCGA-78-8655-01Z-00-DX1.DC81D146-A4A6-411E-A5DC-C0689A8D445F,CPathAgent,TCGA_LUNG_Classification,0.05,49,True,3.0,1.0,0.4323224489795919,1.0,0.7521214285714285,0.4879,0.8985,0.4624,/work/Agent_benchmark/CPathAgent/post_eval/TCGA_LUNG_Classification/ROI/roi_overlap_results.csv,False,True
TCGA-78-8662-01Z-00-DX1.754A4C57-B5FA-4077-99E4-F6EFA6459410,CPathAgent,TCGA_LUNG_Classification,0.05,16,True,2.0,1.0,0.30141249999999997,1.0,0.6889428571428571,0.3282,0.5015,0.2475,/work/Agent_benchmark/CPathAgent/post_eval/TCGA_LUNG_Classification/ROI/roi_overlap_results.csv,True,True
TCGA-80-5607-01Z-00-DX1.94C9CF78-2F79-4A0B-8939-1CD9B915222D,CPathAgent,TCGA_LUNG_Classification,0.05,1,False,,0.0,0.0,,,0.0,0.0,0.0,/work/Agent_benchmark/CPathAgent/post_eval/TCGA_LUNG_Classification/ROI/roi_overlap_results.csv,,False
TCGA-80-5611-01Z-00-DX1.31920706-8AF4-46D2-B1D4-7DD5AF4AAC77,CPathAgent,TCGA_LUNG_Classification,0.05,5,True,5.0,0.5926,0.11852,0.5926,0.5926,0.194,0.3197,0.1373,/work/Agent_benchmark/CPathAgent/post_eval/TCGA_LUNG_Classification/ROI/roi_overlap_results.csv,True,True
TCGA-83-5908-01Z-00-DX1.381c8f82-61a0-4e9d-982d-1ad0af7bead9,CPathAgent,TCGA_LUNG_Classification,0.05,7,True,2.0,1.0,0.4082,1.0,0.47336666666666666,0.3644,0.2847,0.1902,/work/Agent_benchmark/CPathAgent/post_eval/TCGA_LUNG_Classification/ROI/roi_overlap_results.csv,False,True
TCGA-86-6562-01Z-00-DX1.5dea3015-e606-4837-9f99-ac14f0aa091b,CPathAgent,TCGA_LUNG_Classification,0.05,11,True,1.0,1.0,0.406909090909091,1.0,0.5595,0.3798,0.5567,0.2916,/work/Agent_benchmark/CPathAgent/post_eval/TCGA_LUNG_Classification/ROI/roi_overlap_results.csv,True,True
TCGA-86-6851-01Z-00-DX1.0b13e600-fd7b-44a2-9ec2-26e9938fb7bc,CPathAgent,TCGA_LUNG_Classification,0.05,7,True,1.0,0.9887,0.31061428571428573,0.9887,0.543575,0.196,0.4098,0.1529,/work/Agent_benchmark/CPathAgent/post_eval/TCGA_LUNG_Classification/ROI/roi_overlap_results.csv,True,True
TCGA-86-7701-01Z-00-DX1.a8a6e71e-9fa9-42c6-a186-0ac7526e9960,CPathAgent,TCGA_LUNG_Classification,0.05,9,True,1.0,1.0,0.43272222222222223,1.0,0.7727999999999999,0.3027,0.2831,0.1714,/work/Agent_benchmark/CPathAgent/post_eval/TCGA_LUNG_Classification/ROI/roi_overlap_results.csv,True,True
TCGA-86-7953-01Z-00-DX1.847865ce-df59-4677-bac2-ee88a258fe4e,CPathAgent,TCGA_LUNG_Classification,0.05,9,True,1.0,1.0,0.8771333333333333,1.0,0.8771333333333333,0.8453,0.3233,0.3053,/work/Agent_benchmark/CPathAgent/post_eval/TCGA_LUNG_Classification/ROI/roi_overlap_results.csv,False,True
TCGA-86-7954-01Z-00-DX1.0a063ee6-18b7-4b66-9726-04fb452156cb,CPathAgent,TCGA_LUNG_Classification,0.05,2,True,1.0,0.6583,0.48675,0.6583,0.48675,0.5897,0.1456,0.1322,/work/Agent_benchmark/CPathAgent/post_eval/TCGA_LUNG_Classification/ROI/roi_overlap_results.csv,True,True
TCGA-86-8054-01Z-00-DX1.2c4c08f6-be1c-46d1-a719-5983cade0c54,CPathAgent,TCGA_LUNG_Classification,0.05,3,True,1.0,0.7763,0.45816666666666667,0.7763,0.45816666666666667,0.5759,0.214,0.1849,/work/Agent_benchmark/CPathAgent/post_eval/TCGA_LUNG_Classification/ROI/roi_overlap_results.csv,True,True
TCGA-86-8055-01Z-00-DX1.546dc42e-3742-4da5-8f9b-80732180ce76,CPathAgent,TCGA_LUNG_Classification,0.05,2,True,1.0,0.6763,0.6718999999999999,0.6763,0.6718999999999999,0.6745,0.0597,0.058,/work/Agent_benchmark/CPathAgent/post_eval/TCGA_LUNG_Classification/ROI/roi_overlap_results.csv,True,True
TCGA-86-8056-01Z-00-DX1.eee7e03a-842c-4a44-bff8-f7b906725605,CPathAgent,TCGA_LUNG_Classification,0.05,3,True,3.0,0.1168,0.038933333333333334,0.1168,0.1168,0.0584,0.0444,0.0259,/work/Agent_benchmark/CPathAgent/post_eval/TCGA_LUNG_Classification/ROI/roi_overlap_results.csv,True,True
TCGA-86-8073-01Z-00-DX1.33c016fc-5c9e-4ad6-8de2-a7f8521d205c,CPathAgent,TCGA_LUNG_Classification,0.05,4,True,1.0,0.9894,0.492575,0.9894,0.98515,0.454,0.3284,0.2354,/work/Agent_benchmark/CPathAgent/post_eval/TCGA_LUNG_Classification/ROI/roi_overlap_results.csv,True,True
TCGA-86-8074-01Z-00-DX1.0c34b434-8701-4060-a4ea-08a72371ee1e,CPathAgent,TCGA_LUNG_Classification,0.05,4,True,1.0,1.0,0.937125,1.0,0.937125,0.9497,0.0841,0.0837,/work/Agent_benchmark/CPathAgent/post_eval/TCGA_LUNG_Classification/ROI/roi_overlap_results.csv,True,True
TCGA-86-8280-01Z-00-DX1.52627b97-1cfa-4382-819b-949b58c0f995,CPathAgent,TCGA_LUNG_Classification,0.05,9,True,1.0,1.0,0.32995555555555556,1.0,0.9865333333333334,0.2994,0.1344,0.1023,/work/Agent_benchmark/CPathAgent/post_eval/TCGA_LUNG_Classification/ROI/roi_overlap_results.csv,True,True
TCGA-86-8281-01Z-00-DX1.02237263-003b-4de1-8a2f-0f3ad14768c7,CPathAgent,TCGA_LUNG_Classification,0.05,5,True,1.0,0.914,0.45178,0.914,0.7529666666666667,0.3717,0.3375,0.2149,/work/Agent_benchmark/CPathAgent/post_eval/TCGA_LUNG_Classification/ROI/roi_overlap_results.csv,True,True
TCGA-86-8359-01Z-00-DX1.11B8FDC3-4B84-4A22-B89D-46EA76345F13,CPathAgent,TCGA_LUNG_Classification,0.05,15,True,1.0,1.0,0.6045466666666667,1.0,0.8243818181818182,0.6276,0.2372,0.2079,/work/Agent_benchmark/CPathAgent/post_eval/TCGA_LUNG_Classification/ROI/roi_overlap_results.csv,True,True
TCGA-86-8668-01Z-00-DX1.d720d486-02c7-4f98-8feb-e0e50a12c158,CPathAgent,TCGA_LUNG_Classification,0.05,5,True,1.0,1.0,0.51012,1.0,0.8502000000000001,0.2601,0.0677,0.0567,/work/Agent_benchmark/CPathAgent/post_eval/TCGA_LUNG_Classification/ROI/roi_overlap_results.csv,True,True
TCGA-86-8671-01Z-00-DX1.1fd0019c-df9d-48cc-9055-8de57759f273,CPathAgent,TCGA_LUNG_Classification,0.05,3,True,1.0,0.2254,0.10356666666666665,0.2254,0.15535,0.049,0.0368,0.0215,/work/Agent_benchmark/CPathAgent/post_eval/TCGA_LUNG_Classification/ROI/roi_overlap_results.csv,True,True
TCGA-86-8672-01Z-00-DX1.94ca1954-921d-4ef6-a078-4e0fcb09157f,CPathAgent,TCGA_LUNG_Classification,0.05,11,True,1.0,1.0,0.8060272727272728,1.0,0.8060272727272728,0.8167,0.4302,0.3923,/work/Agent_benchmark/CPathAgent/post_eval/TCGA_LUNG_Classification/ROI/roi_overlap_results.csv,True,True
TCGA-86-8673-01Z-00-DX1.21191041-c10e-4166-ad00-1243656feaa7,CPathAgent,TCGA_LUNG_Classification,0.05,12,True,2.0,1.0,0.6533833333333333,1.0,0.7120272727272726,0.6917,0.6471,0.5022,/work/Agent_benchmark/CPathAgent/post_eval/TCGA_LUNG_Classification/ROI/roi_overlap_results.csv,True,True
TCGA-86-8674-01Z-00-DX1.9fcaae4e-4062-45ab-a49d-7dba43040919,CPathAgent,TCGA_LUNG_Classification,0.05,11,True,1.0,1.0,0.2700909090909091,1.0,0.49033333333333334,0.2586,0.3005,0.1614,/work/Agent_benchmark/CPathAgent/post_eval/TCGA_LUNG_Classification/ROI/roi_overlap_results.csv,True,True
TCGA-86-A456-01Z-00-DX1.5C7CBF9B-0AE3-4776-9434-296AA0C605CC,CPathAgent,TCGA_LUNG_Classification,0.05,2,True,2.0,0.3644,0.1828,0.3644,0.3644,0.3642,0.0709,0.0631,/work/Agent_benchmark/CPathAgent/post_eval/TCGA_LUNG_Classification/ROI/roi_overlap_results.csv,False,True
TCGA-86-A4D0-01Z-00-DX1.165461AD-A8DA-4B7B-87CE-F5DBDBD2C0A7,CPathAgent,TCGA_LUNG_Classification,0.05,3,True,1.0,0.9924,0.8375,0.9924,0.8375,0.8715,0.063,0.0624,/work/Agent_benchmark/CPathAgent/post_eval/TCGA_LUNG_Classification/ROI/roi_overlap_results.csv,True,True
TCGA-86-A4P7-01Z-00-DX1.37026DCF-5A81-4098-B444-C8A40CA168D0,CPathAgent,TCGA_LUNG_Classification,0.05,10,True,8.0,0.1776,0.02044,0.1776,0.1776,0.0236,0.0284,0.013,/work/Agent_benchmark/CPathAgent/post_eval/TCGA_LUNG_Classification/ROI/roi_overlap_results.csv,True,True
TCGA-86-A4P8-01Z-00-DX1.D65E8855-F7A1-4584-A501-BBFBC61C2DEB,CPathAgent,TCGA_LUNG_Classification,0.05,8,True,1.0,1.0,0.61825,1.0,0.61825,0.4405,0.496,0.3043,/work/Agent_benchmark/CPathAgent/post_eval/TCGA_LUNG_Classification/ROI/roi_overlap_results.csv,True,True
TCGA-91-A4BD-01Z-00-DX1.2E575CAC-6AEB-4049-972A-EA43457A9C9D,CPathAgent,TCGA_LUNG_Classification,0.05,12,True,2.0,0.6424,0.186875,0.6424,0.37375,0.1243,0.2359,0.0886,/work/Agent_benchmark/CPathAgent/post_eval/TCGA_LUNG_Classification/ROI/roi_overlap_results.csv,True,True
TCGA-93-7347-01Z-00-DX1.a22b7163-07bd-4f6a-97c7-f1561c4d73cb,CPathAgent,TCGA_LUNG_Classification,0.05,7,True,5.0,0.689,0.09842857142857142,0.689,0.689,0.1303,0.092,0.057,/work/Agent_benchmark/CPathAgent/post_eval/TCGA_LUNG_Classification/ROI/roi_overlap_results.csv,True,True
TCGA-93-A4JO-01Z-00-DX1.314C53B6-603C-402B-8CF7-E3CE851A0A0F,CPathAgent,TCGA_LUNG_Classification,0.05,1,False,,0.0,0.0,,,0.0,0.0,0.0,/work/Agent_benchmark/CPathAgent/post_eval/TCGA_LUNG_Classification/ROI/roi_overlap_results.csv,,False
TCGA-93-A4JP-01Z-00-DX1.994E229B-5251-4F61-8C41-863047F3A136,CPathAgent,TCGA_LUNG_Classification,0.05,4,True,1.0,1.0,0.90825,1.0,0.90825,0.8119,0.21,0.2003,/work/Agent_benchmark/CPathAgent/post_eval/TCGA_LUNG_Classification/ROI/roi_overlap_results.csv,True,True
TCGA-95-7039-01Z-00-DX1.C191A46D-A667-4BF6-8E6B-3E5CBF9DF43F,CPathAgent,TCGA_LUNG_Classification,0.05,25,True,1.0,1.0,0.691356,1.0,0.7201624999999999,0.699,0.8136,0.6025,/work/Agent_benchmark/CPathAgent/post_eval/TCGA_LUNG_Classification/ROI/roi_overlap_results.csv,False,True
TCGA-95-7043-01Z-00-DX1.AE0FD8AA-9B88-45FE-B247-402BED1285EF,CPathAgent,TCGA_LUNG_Classification,0.05,16,True,2.0,0.8712,0.0972375,0.8712,0.38895,0.0922,0.1647,0.0628,/work/Agent_benchmark/CPathAgent/post_eval/TCGA_LUNG_Classification/ROI/roi_overlap_results.csv,False,True
TCGA-95-7562-01Z-00-DX1.C722891A-C5C6-4F0D-A73F-259FA8DB2394,CPathAgent,TCGA_LUNG_Classification,0.05,3,True,1.0,0.9846,0.9163666666666668,0.9846,0.9163666666666668,0.8821,0.1763,0.1722,/work/Agent_benchmark/CPathAgent/post_eval/TCGA_LUNG_Classification/ROI/roi_overlap_results.csv,True,True
TCGA-95-7567-01Z-00-DX1.982FF122-A440-4949-926C-B58AF8381090,CPathAgent,TCGA_LUNG_Classification,0.05,20,True,2.0,1.0,0.45649999999999996,1.0,0.6065666666666666,0.5293,0.5389,0.3643,/work/Agent_benchmark/CPathAgent/post_eval/TCGA_LUNG_Classification/ROI/roi_overlap_results.csv,True,True
TCGA-95-7947-01Z-00-DX1.44291078-2D8E-4E79-8FAB-439E52BAAD60,CPathAgent,TCGA_LUNG_Classification,0.05,5,True,4.0,0.1405,0.028100000000000003,0.1405,0.1405,0.0435,0.0635,0.0265,/work/Agent_benchmark/CPathAgent/post_eval/TCGA_LUNG_Classification/ROI/roi_overlap_results.csv,True,True
TCGA-95-7948-01Z-00-DX1.FF1AEF38-19E5-4475-87C8-B318204FEF1D,CPathAgent,TCGA_LUNG_Classification,0.05,2,False,,0.0,0.0,,,0.0,0.0,0.0,/work/Agent_benchmark/CPathAgent/post_eval/TCGA_LUNG_Classification/ROI/roi_overlap_results.csv,True,True
TCGA-95-8039-01Z-00-DX1.38b07435-987d-495d-9940-ba5f20e6ef97,CPathAgent,TCGA_LUNG_Classification,0.05,2,True,1.0,0.0515,0.02575,0.0515,0.0515,0.0054,0.0047,0.0025,/work/Agent_benchmark/CPathAgent/post_eval/TCGA_LUNG_Classification/ROI/roi_overlap_results.csv,True,True
TCGA-95-8494-01Z-00-DX1.716299EF-71BB-4095-8F4D-F0C2252CE594,CPathAgent,TCGA_LUNG_Classification,0.05,11,True,2.0,1.0,0.33856363636363634,1.0,0.46552499999999997,0.2494,0.1541,0.1053,/work/Agent_benchmark/CPathAgent/post_eval/TCGA_LUNG_Classification/ROI/roi_overlap_results.csv,False,True
TCGA-95-A4VK-01Z-00-DX1.D09778E0-285E-4593-84C8-B6009DDF4E41,CPathAgent,TCGA_LUNG_Classification,0.05,16,True,2.0,1.0,0.61635,1.0,0.7585846153846153,0.6152,0.3741,0.3032,/work/Agent_benchmark/CPathAgent/post_eval/TCGA_LUNG_Classification/ROI/roi_overlap_results.csv,True,True
TCGA-95-A4VP-01Z-00-DX1.1B145AC0-2471-4974-BBB6-C88BDF0BE8BD,CPathAgent,TCGA_LUNG_Classification,0.05,8,True,1.0,1.0,0.9179625,1.0,0.9179625,0.9325,0.2231,0.2195,/work/Agent_benchmark/CPathAgent/post_eval/TCGA_LUNG_Classification/ROI/roi_overlap_results.csv,True,True
TCGA-97-7546-01Z-00-DX1.dad9871f-cdfb-424d-a5b2-4e0905c29137,CPathAgent,TCGA_LUNG_Classification,0.05,11,True,2.0,0.6783,0.2355272727272727,0.6783,0.4284333333333333,0.2287,0.1177,0.0842,/work/Agent_benchmark/CPathAgent/post_eval/TCGA_LUNG_Classification/ROI/roi_overlap_results.csv,True,True
TCGA-97-7547-01Z-00-DX1.3563966f-21ee-4405-9106-9e0bf8df9f1a,CPathAgent,TCGA_LUNG_Classification,0.05,1,False,,0.0,0.0,,,0.0,0.0,0.0,/work/Agent_benchmark/CPathAgent/post_eval/TCGA_LUNG_Classification/ROI/roi_overlap_results.csv,,False
TCGA-97-7552-01Z-00-DX1.a5ab8959-ff7a-4287-b014-87439957fb67,CPathAgent,TCGA_LUNG_Classification,0.05,10,True,3.0,0.9501,0.17556,0.9501,0.5729666666666666,0.1235,0.2027,0.0831,/work/Agent_benchmark/CPathAgent/post_eval/TCGA_LUNG_Classification/ROI/roi_overlap_results.csv,True,True
TCGA-97-7553-01Z-00-DX1.e31eec5e-0053-407a-b057-9b87555b122d,CPathAgent,TCGA_LUNG_Classification,0.05,11,True,3.0,0.6497,0.10017272727272729,0.6497,0.55095,0.1179,0.2123,0.082,/work/Agent_benchmark/CPathAgent/post_eval/TCGA_LUNG_Classification/ROI/roi_overlap_results.csv,True,True
TCGA-97-7937-01Z-00-DX1.6db4b2ff-722c-4bb8-b12f-15f1a38b4ab1,CPathAgent,TCGA_LUNG_Classification,0.05,23,True,1.0,1.0,0.6681347826086956,1.0,0.6966545454545454,0.6494,0.5586,0.4292,/work/Agent_benchmark/CPathAgent/post_eval/TCGA_LUNG_Classification/ROI/roi_overlap_results.csv,True,True
TCGA-97-7938-01Z-00-DX1.d774d0a2-ee34-43ba-9d9d-34bf9718292e,CPathAgent,TCGA_LUNG_Classification,0.05,7,True,1.0,1.0,0.3506142857142857,1.0,0.8136333333333333,0.3772,0.1383,0.1126,/work/Agent_benchmark/CPathAgent/post_eval/TCGA_LUNG_Classification/ROI/roi_overlap_results.csv,True,True
TCGA-97-7941-01Z-00-DX1.6845ef95-2231-44a2-aeae-004a117f1964,CPathAgent,TCGA_LUNG_Classification,0.05,34,True,1.0,1.0,0.30370294117647056,1.0,0.6833333333333333,0.2524,0.3392,0.1692,/work/Agent_benchmark/CPathAgent/post_eval/TCGA_LUNG_Classification/ROI/roi_overlap_results.csv,True,True
TCGA-97-8171-01Z-00-DX1.a55cbfd1-6674-4206-b3e0-2a4f12a74e5d,CPathAgent,TCGA_LUNG_Classification,0.05,9,True,1.0,1.0,0.7271777777777778,1.0,0.818075,0.711,0.2802,0.2515,/work/Agent_benchmark/CPathAgent/post_eval/TCGA_LUNG_Classification/ROI/roi_overlap_results.csv,True,True
TCGA-97-8175-01Z-00-DX1.f7148cec-5e4b-46ac-b167-d41b36eb3ee5,CPathAgent,TCGA_LUNG_Classification,0.05,25,True,1.0,1.0,0.5807559999999999,1.0,0.6590181818181817,0.4679,0.3736,0.2622,/work/Agent_benchmark/CPathAgent/post_eval/TCGA_LUNG_Classification/ROI/roi_overlap_results.csv,True,True
TCGA-97-8177-01Z-00-DX1.4c2ddf48-40d3-4fa0-8b5f-0485e8270ac7,CPathAgent,TCGA_LUNG_Classification,0.05,4,True,3.0,0.9161,0.32215,0.9161,0.6305000000000001,0.3591,0.0364,0.0342,/work/Agent_benchmark/CPathAgent/post_eval/TCGA_LUNG_Classification/ROI/roi_overlap_results.csv,False,True
TCGA-97-A4LX-01Z-00-DX1.B2334672-A626-4E74-B4D1-A79F70F65909,CPathAgent,TCGA_LUNG_Classification,0.05,3,True,2.0,1.0,0.3333333333333333,1.0,1.0,0.3632,0.0549,0.0501,/work/Agent_benchmark/CPathAgent/post_eval/TCGA_LUNG_Classification/ROI/roi_overlap_results.csv,True,True
TCGA-97-A4M0-01Z-00-DX1.BDDFB04C-2475-485A-9A85-C4B9EB15155E,CPathAgent,TCGA_LUNG_Classification,0.05,5,True,1.0,0.1821,0.07028000000000001,0.1821,0.17570000000000002,0.0634,0.0742,0.0354,/work/Agent_benchmark/CPathAgent/post_eval/TCGA_LUNG_Classification/ROI/roi_overlap_results.csv,True,True
TCGA-97-A4M1-01Z-00-DX1.1C4B8247-BA3F-4841-BC9D-554F03F7894C,CPathAgent,TCGA_LUNG_Classification,0.05,5,True,1.0,1.0,0.7561599999999999,1.0,0.9378,0.4837,0.1098,0.0983,/work/Agent_benchmark/CPathAgent/post_eval/TCGA_LUNG_Classification/ROI/roi_overlap_results.csv,True,True
TCGA-97-A4M5-01Z-00-DX1.283AFBA6-A349-425F-A18E-5CA186084C23,CPathAgent,TCGA_LUNG_Classification,0.05,2,False,,0.0,0.0,,,0.0,0.0,0.0,/work/Agent_benchmark/CPathAgent/post_eval/TCGA_LUNG_Classification/ROI/roi_overlap_results.csv,False,True
TCGA-97-A4M6-01Z-00-DX1.01D83621-3D8E-4339-9F9B-CBD3083D5AE0,CPathAgent,TCGA_LUNG_Classification,0.05,6,True,2.0,1.0,0.3036,1.0,0.8947499999999999,0.285,0.1955,0.1312,/work/Agent_benchmark/CPathAgent/post_eval/TCGA_LUNG_Classification/ROI/roi_overlap_results.csv,True,True
TCGA-97-A4M7-01Z-00-DX1.111ED60D-6E4A-47E9-AFD0-C2A109DE2C60,CPathAgent,TCGA_LUNG_Classification,0.05,3,False,,0.0,0.0,,,0.0,0.0,0.0,/work/Agent_benchmark/CPathAgent/post_eval/TCGA_LUNG_Classification/ROI/roi_overlap_results.csv,True,True
TCGA-99-8025-01Z-00-DX1.76d4e012-91a7-4f1d-ba0f-4cecd812ec49,CPathAgent,TCGA_LUNG_Classification,0.05,2,False,,0.0,0.0,,,0.0,0.0,0.0,/work/Agent_benchmark/CPathAgent/post_eval/TCGA_LUNG_Classification/ROI/roi_overlap_results.csv,True,True
TCGA-99-8028-01Z-00-DX1.23de89b1-67f8-41fb-980a-010ea190d687,CPathAgent,TCGA_LUNG_Classification,0.05,4,True,2.0,0.8454,0.36515,0.8454,0.7303,0.2949,0.6503,0.2545,/work/Agent_benchmark/CPathAgent/post_eval/TCGA_LUNG_Classification/ROI/roi_overlap_results.csv,True,True
TCGA-99-AA5R-01Z-00-DX1.4DE7FC30-D338-49CE-B8D9-EB0F34A3DD0B,CPathAgent,TCGA_LUNG_Classification,0.05,12,True,4.0,0.7133,0.19750000000000004,0.7133,0.3914500000000001,0.1402,0.3843,0.1145,/work/Agent_benchmark/CPathAgent/post_eval/TCGA_LUNG_Classification/ROI/roi_overlap_results.csv,True,True
TCGA-J2-8194-01Z-00-DX1.7700924D-B6AF-46A7-A7D7-B5C17A66C5F7,CPathAgent,TCGA_LUNG_Classification,0.05,17,True,2.0,1.0,0.28058235294117645,1.0,0.7949833333333333,0.2183,0.3049,0.1457,/work/Agent_benchmark/CPathAgent/post_eval/TCGA_LUNG_Classification/ROI/roi_overlap_results.csv,True,True
TCGA-J2-A4AD-01Z-00-DX1.C3C3B0C6-0666-4CCF-8422-345560B237DA,CPathAgent,TCGA_LUNG_Classification,0.05,2,False,,0.0,0.0,,,0.0,0.0,0.0,/work/Agent_benchmark/CPathAgent/post_eval/TCGA_LUNG_Classification/ROI/roi_overlap_results.csv,True,True
TCGA-J2-A4AE-01Z-00-DX1.42C5DE4A-7787-4E59-8969-D12503262C96,CPathAgent,TCGA_LUNG_Classification,0.05,7,True,2.0,0.2477,0.055099999999999996,0.2477,0.12856666666666666,0.0279,0.0356,0.0159,/work/Agent_benchmark/CPathAgent/post_eval/TCGA_LUNG_Classification/ROI/roi_overlap_results.csv,True,True
TCGA-L4-A4E5-01Z-00-DX1.C2A5EF71-1F40-4E34-AC30-58D7121C1338,CPathAgent,TCGA_LUNG_Classification,0.05,16,True,1.0,1.0,0.595175,1.0,0.8642000000000002,0.6089,0.4436,0.3452,/work/Agent_benchmark/CPathAgent/post_eval/TCGA_LUNG_Classification/ROI/roi_overlap_results.csv,True,True
TCGA-L4-A4E6-01Z-00-DX1.1B537DE0-2CE3-4B90-9ED3-71F1F8747EE9,CPathAgent,TCGA_LUNG_Classification,0.05,5,True,1.0,0.994,0.34018,0.994,0.42522499999999996,0.3977,0.1794,0.1411,/work/Agent_benchmark/CPathAgent/post_eval/TCGA_LUNG_Classification/ROI/roi_overlap_results.csv,True,True
TCGA-L9-A443-01Z-00-DX1.9F68A13A-2865-41BF-88A7-B0DF75961C6F,CPathAgent,TCGA_LUNG_Classification,0.05,15,True,1.0,1.0,0.27712666666666663,1.0,0.4618777777777777,0.2639,0.3768,0.1837,/work/Agent_benchmark/CPathAgent/post_eval/TCGA_LUNG_Classification/ROI/roi_overlap_results.csv,True,True
TCGA-L9-A444-01Z-00-DX1.88CF6F01-0C1F-4572-81E3-1A5790692861,CPathAgent,TCGA_LUNG_Classification,0.05,11,True,4.0,1.0,0.20471818181818185,1.0,0.7494,0.2092,0.151,0.0961,/work/Agent_benchmark/CPathAgent/post_eval/TCGA_LUNG_Classification/ROI/roi_overlap_results.csv,True,True
TCGA-L9-A50W-01Z-00-DX1.21FAAB58-58EF-4A6A-8F0A-16D9AB9B1056,CPathAgent,TCGA_LUNG_Classification,0.05,7,True,1.0,1.0,0.8971285714285714,1.0,0.8971285714285714,0.8638,0.2442,0.2352,/work/Agent_benchmark/CPathAgent/post_eval/TCGA_LUNG_Classification/ROI/roi_overlap_results.csv,True,True
TCGA-L9-A5IP-01Z-00-DX1.E699D989-8BB8-41DF-9B95-A880858653E6,CPathAgent,TCGA_LUNG_Classification,0.05,9,True,1.0,0.9459,0.3257555555555555,0.9459,0.7315749999999999,0.2915,0.4278,0.2097,/work/Agent_benchmark/CPathAgent/post_eval/TCGA_LUNG_Classification/ROI/roi_overlap_results.csv,True,True
TCGA-L9-A743-01Z-00-DX1.27ED2955-E8B5-4A3C-ADAA-82568ECCFB83,CPathAgent,TCGA_LUNG_Classification,0.05,6,True,1.0,1.0,0.6344666666666666,1.0,0.6344666666666666,0.7704,0.3269,0.2979,/work/Agent_benchmark/CPathAgent/post_eval/TCGA_LUNG_Classification/ROI/roi_overlap_results.csv,True,True
TCGA-L9-A7SV-01Z-00-DX1.153B8E2D-54CE-4747-A22E-7A6ADCA03DB5,CPathAgent,TCGA_LUNG_Classification,0.05,21,True,1.0,1.0,0.5106999999999999,1.0,0.7649928571428569,0.6096,0.5132,0.3862,/work/Agent_benchmark/CPathAgent/post_eval/TCGA_LUNG_Classification/ROI/roi_overlap_results.csv,True,True
TCGA-L9-A8F4-01Z-00-DX1.E2BBB8DE-94E2-4781-9B55-8A4CFBF8A69D,CPathAgent,TCGA_LUNG_Classification,0.05,19,True,1.0,1.0,0.5535,1.0,0.7491642857142857,0.4233,0.2968,0.2113,/work/Agent_benchmark/CPathAgent/post_eval/TCGA_LUNG_Classification/ROI/roi_overlap_results.csv,False,True
TCGA-MN-A4N4-01Z-00-DX1.7D8352EF-7A4B-4084-9612-CF92D9D16041,CPathAgent,TCGA_LUNG_Classification,0.05,10,True,1.0,1.0,0.57879,1.0,0.7234875000000001,0.4145,0.2855,0.2034,/work/Agent_benchmark/CPathAgent/post_eval/TCGA_LUNG_Classification/ROI/roi_overlap_results.csv,True,True
TCGA-MN-A4N4-01Z-00-DX2.9550732D-8FB1-43D9-B094-7C0CD310E9C0,CPathAgent,TCGA_LUNG_Classification,0.05,11,True,5.0,0.5911,0.10179090909090908,0.5911,0.279925,0.1409,0.1026,0.0631,/work/Agent_benchmark/CPathAgent/post_eval/TCGA_LUNG_Classification/ROI/roi_overlap_results.csv,True,True
TCGA-MN-A4N5-01Z-00-DX1.D0FBA0D2-6245-4EFD-AF2B-849215600DBE,CPathAgent,TCGA_LUNG_Classification,0.05,11,True,1.0,1.0,0.3147818181818182,1.0,0.69252,0.2691,0.4265,0.1976,/work/Agent_benchmark/CPathAgent/post_eval/TCGA_LUNG_Classification/ROI/roi_overlap_results.csv,True,True
TCGA-MP-A4SW-01Z-00-DX1.A6651B25-A35A-4BDE-9EBF-D264A02003C8,CPathAgent,TCGA_LUNG_Classification,0.05,13,True,1.0,1.0,0.5756230769230768,1.0,0.6235916666666667,0.5983,0.8815,0.5537,/work/Agent_benchmark/CPathAgent/post_eval/TCGA_LUNG_Classification/ROI/roi_overlap_results.csv,True,True
TCGA-MP-A4SY-01Z-00-DX1.9535274F-C850-409E-80A1-B933B2F1A110,CPathAgent,TCGA_LUNG_Classification,0.05,13,True,2.0,1.0,0.5029923076923077,1.0,0.65381,0.4852,0.3905,0.2761,/work/Agent_benchmark/CPathAgent/post_eval/TCGA_LUNG_Classification/ROI/roi_overlap_results.csv,False,True
TCGA-MP-A4T2-01Z-00-DX1.ADE8B45C-26F3-465E-ADB6-2C36E6326974,CPathAgent,TCGA_LUNG_Classification,0.05,1,False,,0.0,0.0,,,0.0,0.0,0.0,/work/Agent_benchmark/CPathAgent/post_eval/TCGA_LUNG_Classification/ROI/roi_overlap_results.csv,,False
TCGA-MP-A4T4-01Z-00-DX1.5F72FF0B-59C0-4E95-A8C1-BF22A948F7AC,CPathAgent,TCGA_LUNG_Classification,0.05,1,False,,0.0,0.0,,,0.0,0.0,0.0,/work/Agent_benchmark/CPathAgent/post_eval/TCGA_LUNG_Classification/ROI/roi_overlap_results.csv,,False
TCGA-MP-A4T6-01Z-00-DX1.085C4F5A-DB1B-434A-9D62-E2187D133B0A,CPathAgent,TCGA_LUNG_Classification,0.05,9,True,3.0,1.0,0.5686666666666667,1.0,0.8530000000000001,0.6473,0.1304,0.1218,/work/Agent_benchmark/CPathAgent/post_eval/TCGA_LUNG_Classification/ROI/roi_overlap_results.csv,True,True
TCGA-MP-A4T7-01Z-00-DX1.C74D7A5B-1D1A-423B-85CA-C11E0CCF5873,CPathAgent,TCGA_LUNG_Classification,0.05,15,True,1.0,1.0,0.48983333333333334,1.0,0.73475,0.307,0.5594,0.2472,/work/Agent_benchmark/CPathAgent/post_eval/TCGA_LUNG_Classification/ROI/roi_overlap_results.csv,True,True
TCGA-MP-A4T8-01Z-00-DX1.3ECB340F-66C7-4F64-8E00-463BF82AAD83,CPathAgent,TCGA_LUNG_Classification,0.05,10,True,1.0,1.0,0.46887,1.0,0.5860875,0.3964,0.1218,0.1028,/work/Agent_benchmark/CPathAgent/post_eval/TCGA_LUNG_Classification/ROI/roi_overlap_results.csv,True,True
TCGA-MP-A4T9-01Z-00-DX1.F7B341C4-EBCD-455F-BE90-3B77AC6B76EC,CPathAgent,TCGA_LUNG_Classification,0.05,3,True,2.0,0.498,0.16943333333333332,0.498,0.498,0.2907,0.1256,0.0962,/work/Agent_benchmark/CPathAgent/post_eval/TCGA_LUNG_Classification/ROI/roi_overlap_results.csv,True,True
TCGA-MP-A4TA-01Z-00-DX1.11DDADA4-B7A2-4216-9B18-7AD993AE12E4,CPathAgent,TCGA_LUNG_Classification,0.05,7,True,1.0,1.0,0.3603714285714285,1.0,0.6240249999999999,0.1471,0.1951,0.0915,/work/Agent_benchmark/CPathAgent/post_eval/TCGA_LUNG_Classification/ROI/roi_overlap_results.csv,False,True
TCGA-MP-A4TD-01Z-00-DX1.937DEBC9-F5D5-4682-AA9A-13D8226EE06C,CPathAgent,TCGA_LUNG_Classification,0.05,12,True,1.0,1.0,0.8266333333333334,1.0,0.8266333333333334,0.7294,0.3674,0.3234,/work/Agent_benchmark/CPathAgent/post_eval/TCGA_LUNG_Classification/ROI/roi_overlap_results.csv,True,True
TCGA-MP-A4TH-01Z-00-DX1.E89D2C19-F9B2-4BF2-AA5F-6104CBC076D1,CPathAgent,TCGA_LUNG_Classification,0.05,14,True,1.0,0.9964,0.6086642857142858,0.9964,0.655,0.6431,0.4031,0.3294,/work/Agent_benchmark/CPathAgent/post_eval/TCGA_LUNG_Classification/ROI/roi_overlap_results.csv,True,True
TCGA-MP-A4TK-01Z-00-DX1.57494698-D9D9-4C04-AAB2-16616CCFDCC9,CPathAgent,TCGA_LUNG_Classification,0.05,4,True,1.0,0.5914,0.3755,0.5914,0.5006666666666667,0.4115,0.1419,0.118,/work/Agent_benchmark/CPathAgent/post_eval/TCGA_LUNG_Classification/ROI/roi_overlap_results.csv,True,True
TCGA-MP-A5C7-01Z-00-DX1.26E5FA5A-3E6D-4CD3-8FA2-F331B7012311,CPathAgent,TCGA_LUNG_Classification,0.05,8,True,1.0,0.9391,0.4009,0.9391,0.793675,0.4197,0.5044,0.2971,/work/Agent_benchmark/CPathAgent/post_eval/TCGA_LUNG_Classification/ROI/roi_overlap_results.csv,False,True
TCGA-NJ-A4YI-01Z-00-DX1.C4111D01-27BF-486F-8E0E-C8053DB16133,CPathAgent,TCGA_LUNG_Classification,0.05,79,True,8.0,1.0,0.26423924050632913,1.0,0.5900285714285715,0.3257,0.7752,0.2976,/work/Agent_benchmark/CPathAgent/post_eval/TCGA_LUNG_Classification/ROI/roi_overlap_results.csv,True,True
TCGA-NJ-A4YP-01Z-00-DX1.148BFF66-4DC7-468C-8783-97F27C2E1245,CPathAgent,TCGA_LUNG_Classification,0.05,10,True,1.0,1.0,0.4781599999999999,1.0,0.5976999999999999,0.3611,0.1493,0.1181,/work/Agent_benchmark/CPathAgent/post_eval/TCGA_LUNG_Classification/ROI/roi_overlap_results.csv,True,True
TCGA-NJ-A4YQ-01Z-00-DX1.56C29975-77E9-4822-A9E1-83AD70D6C5F7,CPathAgent,TCGA_LUNG_Classification,0.05,14,True,4.0,1.0,0.19067857142857145,1.0,0.44484999999999997,0.1091,0.1072,0.0572,/work/Agent_benchmark/CPathAgent/post_eval/TCGA_LUNG_Classification/ROI/roi_overlap_results.csv,True,True
TCGA-NJ-A55A-01Z-00-DX1.42C356FE-52A3-4A60-886B-75F84ADBC534,CPathAgent,TCGA_LUNG_Classification,0.05,4,True,1.0,0.8033,0.224325,0.8033,0.44205,0.2739,0.1011,0.0798,/work/Agent_benchmark/CPathAgent/post_eval/TCGA_LUNG_Classification/ROI/roi_overlap_results.csv,True,True
TCGA-NJ-A55O-01Z-00-DX1.8E23C821-B8BB-4D89-9E38-E97424A685CE,CPathAgent,TCGA_LUNG_Classification,0.05,5,False,,0.0419,0.00988,,,0.0141,0.0115,0.0064,/work/Agent_benchmark/CPathAgent/post_eval/TCGA_LUNG_Classification/ROI/roi_overlap_results.csv,False,True
TCGA-NJ-A55R-01Z-00-DX1.2E2B3642-4E1C-47DB-AF7B-988D586C0986,CPathAgent,TCGA_LUNG_Classification,0.05,4,True,1.0,1.0,0.25,1.0,1.0,0.1584,0.0148,0.0137,/work/Agent_benchmark/CPathAgent/post_eval/TCGA_LUNG_Classification/ROI/roi_overlap_results.csv,False,True
TCGA-NJ-A7XG-01Z-00-DX1.4A876254-653C-410B-A36C-55FC41C1DD93,CPathAgent,TCGA_LUNG_Classification,0.05,1,False,,0.0,0.0,,,0.0,0.0,0.0,/work/Agent_benchmark/CPathAgent/post_eval/TCGA_LUNG_Classification/ROI/roi_overlap_results.csv,,False
TCGA-05-4244-01Z-00-DX1.d4ff32cd-38cf-40ea-8213-45c2b100ac01,PathAgent,TCGA_LUNG_Classification,0.05,5,True,1.0,1.0,0.98094,1.0,0.98094,0.981,0.1895,0.1888,/work/Agent_benchmark/PathAgent/post_eval/TCGA_LUNG_Classification/ROI/roi_overlap_results.csv,False,True
TCGA-05-4245-01Z-00-DX1.36ff5403-d4bb-4415-b2c5-7c750d655cde,PathAgent,TCGA_LUNG_Classification,0.05,4,True,1.0,1.0,0.7129749999999999,1.0,0.7129749999999999,0.713,0.1598,0.1501,/work/Agent_benchmark/PathAgent/post_eval/TCGA_LUNG_Classification/ROI/roi_overlap_results.csv,True,True
TCGA-05-4249-01Z-00-DX1.9fce0297-cc19-4c04-872c-4466ee4024db,PathAgent,TCGA_LUNG_Classification,0.05,8,True,2.0,1.0,0.23395,1.0,0.6238666666666667,0.2179,0.0131,0.0125,/work/Agent_benchmark/PathAgent/post_eval/TCGA_LUNG_Classification/ROI/roi_overlap_results.csv,False,True
TCGA-05-4382-01Z-00-DX1.76b49a4c-dbbb-48b0-b677-6d3037e5ce88,PathAgent,TCGA_LUNG_Classification,0.05,6,True,1.0,0.7177,0.24393333333333336,0.7177,0.3501,0.3056,0.0328,0.0305,/work/Agent_benchmark/PathAgent/post_eval/TCGA_LUNG_Classification/ROI/roi_overlap_results.csv,True,True
TCGA-05-4384-01Z-00-DX1.CA68BF29-BBE3-4C8E-B48B-554431A9EE13,PathAgent,TCGA_LUNG_Classification,0.05,5,True,1.0,0.6265,0.27271999999999996,0.6265,0.27271999999999996,0.2727,0.9136,0.2659,/work/Agent_benchmark/PathAgent/post_eval/TCGA_LUNG_Classification/ROI/roi_overlap_results.csv,True,True
TCGA-05-4390-01Z-00-DX1.858E64DF-DD3E-4F43-B7C1-CE35B33F1C90,PathAgent,TCGA_LUNG_Classification,0.05,4,True,1.0,0.4649,0.2804,0.4649,0.3738666666666666,0.3739,0.4992,0.2719,/work/Agent_benchmark/PathAgent/post_eval/TCGA_LUNG_Classification/ROI/roi_overlap_results.csv,True,True
TCGA-05-4395-01Z-00-DX1.20205276-ca16-46b2-914a-fe5e576a5cf9,PathAgent,TCGA_LUNG_Classification,0.05,4,True,1.0,1.0,1.0,1.0,1.0,1.0,0.1077,0.1077,/work/Agent_benchmark/PathAgent/post_eval/TCGA_LUNG_Classification/ROI/roi_overlap_results.csv,True,True
TCGA-05-4396-01Z-00-DX1.49DD5F68-7473-4945-B384-EA6D5AE383CB,PathAgent,TCGA_LUNG_Classification,0.05,20,True,1.0,1.0,0.47118000000000004,1.0,0.47118000000000004,0.4759,0.0824,0.0755,/work/Agent_benchmark/PathAgent/post_eval/TCGA_LUNG_Classification/ROI/roi_overlap_results.csv,True,True
TCGA-05-4397-01Z-00-DX1.00e9cdb3-b50e-439c-86b0-d7b73b802c0d,PathAgent,TCGA_LUNG_Classification,0.05,25,True,1.0,1.0,0.39818000000000003,1.0,0.4714523809523809,0.3784,0.1039,0.0888,/work/Agent_benchmark/PathAgent/post_eval/TCGA_LUNG_Classification/ROI/roi_overlap_results.csv,False,True
TCGA-05-4398-01Z-00-DX1.269bc75f-492e-48b1-87ee-85924aa80e74,PathAgent,TCGA_LUNG_Classification,0.05,21,True,1.0,0.9438,0.3951333333333333,0.9438,0.5519199999999999,0.4041,0.0599,0.055,/work/Agent_benchmark/PathAgent/post_eval/TCGA_LUNG_Classification/ROI/roi_overlap_results.csv,True,True
TCGA-05-4402-01Z-00-DX1.c653ddc2-88c1-45ac-88e7-4e512b8e8d53,PathAgent,TCGA_LUNG_Classification,0.05,14,True,4.0,1.0,0.6356857142857143,1.0,0.8090545454545454,0.6357,0.0881,0.0839,/work/Agent_benchmark/PathAgent/post_eval/TCGA_LUNG_Classification/ROI/roi_overlap_results.csv,True,True
TCGA-05-4403-01Z-00-DX1.fee8e988-956c-42a2-a6c5-06b6d6736295,PathAgent,TCGA_LUNG_Classification,0.05,8,True,1.0,0.1541,0.035824999999999996,0.1541,0.12595,0.0472,0.0054,0.0049,/work/Agent_benchmark/PathAgent/post_eval/TCGA_LUNG_Classification/ROI/roi_overlap_results.csv,True,True
TCGA-05-4405-01Z-00-DX1.D57EC2B2-3A59-4954-86A7-61782938BCC5,PathAgent,TCGA_LUNG_Classification,0.05,5,True,1.0,0.7095,0.30062,0.7095,0.37577499999999997,0.3006,0.0403,0.0368,/work/Agent_benchmark/PathAgent/post_eval/TCGA_LUNG_Classification/ROI/roi_overlap_results.csv,True,True
TCGA-05-4410-01Z-00-DX1.E5B66334-4949-4F45-9200-296B1A2F1AD5,PathAgent,TCGA_LUNG_Classification,0.05,5,True,1.0,0.8212,0.61104,0.8212,0.61104,0.6111,0.9526,0.593,/work/Agent_benchmark/PathAgent/post_eval/TCGA_LUNG_Classification/ROI/roi_overlap_results.csv,True,True
TCGA-05-4415-01Z-00-DX1.55E0C429-B308-4962-8DA9-41D7D3F7764E,PathAgent,TCGA_LUNG_Classification,0.05,8,True,1.0,1.0,0.6338999999999999,1.0,0.8452000000000001,0.6339,0.1398,0.1294,/work/Agent_benchmark/PathAgent/post_eval/TCGA_LUNG_Classification/ROI/roi_overlap_results.csv,False,True
TCGA-05-4417-01Z-00-DX1.6E534856-996F-4BD9-8AFC-7B1BF627E505,PathAgent,TCGA_LUNG_Classification,0.05,20,True,1.0,1.0,0.5954050000000001,1.0,0.5954050000000001,0.5954,0.1541,0.1395,/work/Agent_benchmark/PathAgent/post_eval/TCGA_LUNG_Classification/ROI/roi_overlap_results.csv,True,True
TCGA-05-4418-01Z-00-DX1.f3863ea5-564f-482f-9878-cc104cf69401,PathAgent,TCGA_LUNG_Classification,0.05,11,True,1.0,1.0,1.0,1.0,1.0,1.0,0.1603,0.1603,/work/Agent_benchmark/PathAgent/post_eval/TCGA_LUNG_Classification/ROI/roi_overlap_results.csv,False,True
TCGA-05-4420-01Z-00-DX1.2df0552e-87dc-491e-9be2-be8fbce2660d,PathAgent,TCGA_LUNG_Classification,0.05,9,True,1.0,0.6552,0.3044777777777778,0.6552,0.38528571428571423,0.3918,0.0414,0.0389,/work/Agent_benchmark/PathAgent/post_eval/TCGA_LUNG_Classification/ROI/roi_overlap_results.csv,True,True
TCGA-05-4422-01Z-00-DX1.4802093f-71ea-43d5-bd92-b4bd7fc8c5bf,PathAgent,TCGA_LUNG_Classification,0.05,15,True,1.0,1.0,0.6057066666666666,1.0,0.6057066666666666,0.6057,0.1536,0.1396,/work/Agent_benchmark/PathAgent/post_eval/TCGA_LUNG_Classification/ROI/roi_overlap_results.csv,True,True
TCGA-05-4424-01Z-00-DX1.4892016C-1A96-4A72-ACB8-FFD282FC4E69,PathAgent,TCGA_LUNG_Classification,0.05,5,True,1.0,1.0,0.98284,1.0,0.98284,0.9828,0.0181,0.0181,/work/Agent_benchmark/PathAgent/post_eval/TCGA_LUNG_Classification/ROI/roi_overlap_results.csv,True,True
TCGA-05-4425-01Z-00-DX1.82B093EE-49BC-4FD9-91AC-4CC89944309D,PathAgent,TCGA_LUNG_Classification,0.05,2,True,1.0,0.48,0.24,0.48,0.48,0.48,0.4157,0.2866,/work/Agent_benchmark/PathAgent/post_eval/TCGA_LUNG_Classification/ROI/roi_overlap_results.csv,True,True
TCGA-05-4426-01Z-00-DX1.4c9da782-f4aa-4c4f-b3aa-fae2259f236f,PathAgent,TCGA_LUNG_Classification,0.05,8,True,1.0,1.0,0.8176375,1.0,0.8176375,0.8176,0.0942,0.0923,/work/Agent_benchmark/PathAgent/post_eval/TCGA_LUNG_Classification/ROI/roi_overlap_results.csv,True,True
TCGA-05-4427-01Z-00-DX1.36CF4E93-3FBB-4346-A26B-85F0D9D0575D,PathAgent,TCGA_LUNG_Classification,0.05,13,True,1.0,1.0,0.9230615384615385,1.0,0.9999833333333333,0.9231,0.1287,0.1274,/work/Agent_benchmark/PathAgent/post_eval/TCGA_LUNG_Classification/ROI/roi_overlap_results.csv,True,True
TCGA-05-4430-01Z-00-DX1.95659bbb-3091-4370-bc1d-6c6c1baa7b3d,PathAgent,TCGA_LUNG_Classification,0.05,11,True,1.0,1.0,0.5464636363636365,1.0,0.6678999999999999,0.5465,0.1045,0.0962,/work/Agent_benchmark/PathAgent/post_eval/TCGA_LUNG_Classification/ROI/roi_overlap_results.csv,True,True
TCGA-05-4432-01Z-00-DX1.90d00d62-402b-404a-85e2-0edf869193ab,PathAgent,TCGA_LUNG_Classification,0.05,10,True,1.0,1.0,0.91364,1.0,0.91364,0.9136,0.1119,0.1107,/work/Agent_benchmark/PathAgent/post_eval/TCGA_LUNG_Classification/ROI/roi_overlap_results.csv,True,True
TCGA-05-4433-01Z-00-DX1.5843D3CC-CB24-4A0A-BB65-78A5DAA11D84,PathAgent,TCGA_LUNG_Classification,0.05,18,True,1.0,1.0,1.0,1.0,1.0,1.0,0.0172,0.0172,/work/Agent_benchmark/PathAgent/post_eval/TCGA_LUNG_Classification/ROI/roi_overlap_results.csv,False,True
TCGA-05-4434-01Z-00-DX1.f3f5c89c-306f-4876-98fa-f7bd231f2e10,PathAgent,TCGA_LUNG_Classification,0.05,8,True,1.0,0.8183,0.408875,0.8183,0.408875,0.4089,0.0208,0.0202,/work/Agent_benchmark/PathAgent/post_eval/TCGA_LUNG_Classification/ROI/roi_overlap_results.csv,True,True
TCGA-05-5420-01Z-00-DX1.8C253A99-44FD-48B6-AF31-D808CCB7DB1E,PathAgent,TCGA_LUNG_Classification,0.05,4,True,2.0,0.4099,0.309325,0.4099,0.40103333333333335,0.2819,0.3981,0.1977,/work/Agent_benchmark/PathAgent/post_eval/TCGA_LUNG_Classification/ROI/roi_overlap_results.csv,True,True
TCGA-05-5423-01Z-00-DX1.CCCF5FDB-ACAD-4D9D-80DF-556F0D6284AF,PathAgent,TCGA_LUNG_Classification,0.05,1,True,1.0,0.4017,0.4017,0.4017,0.4017,0.4017,0.146,0.1199,/work/Agent_benchmark/PathAgent/post_eval/TCGA_LUNG_Classification/ROI/roi_overlap_results.csv,True,True
TCGA-05-5425-01Z-00-DX1.85865B2F-4888-43DD-A501-458BEFCF832B,PathAgent,TCGA_LUNG_Classification,0.05,4,True,1.0,0.6819,0.41127499999999995,0.6819,0.41127499999999995,0.3211,0.4898,0.2406,/work/Agent_benchmark/PathAgent/post_eval/TCGA_LUNG_Classification/ROI/roi_overlap_results.csv,True,True
TCGA-05-5428-01Z-00-DX1.8018AD62-F1CE-4BFF-8EFD-3F2D4513FC11,PathAgent,TCGA_LUNG_Classification,0.05,1,False,,0.0,0.0,,,0.0,0.0,0.0,/work/Agent_benchmark/PathAgent/post_eval/TCGA_LUNG_Classification/ROI/roi_overlap_results.csv,True,True
TCGA-05-5429-01Z-00-DX1.20729065-FADA-4E43-98D7-AFA5FB4A0447,PathAgent,TCGA_LUNG_Classification,0.05,1,False,,0.049,0.049,,,0.049,0.0298,0.0189,/work/Agent_benchmark/PathAgent/post_eval/TCGA_LUNG_Classification/ROI/roi_overlap_results.csv,True,True
TCGA-05-5715-01Z-00-DX1.D3F0A1FA-2507-45FF-823F-F9981E62BB4C,PathAgent,TCGA_LUNG_Classification,0.05,5,True,1.0,0.6048,0.38434,0.6048,0.38434,0.3442,1.0,0.3442,/work/Agent_benchmark/PathAgent/post_eval/TCGA_LUNG_Classification/ROI/roi_overlap_results.csv,False,True
TCGA-18-3406-01Z-00-DX1.8D07F006-425C-4724-BBB3-5BA099401234,PathAgent,TCGA_LUNG_Classification,0.05,63,False,,0.0,0.0,,,0.0,0.0,0.0,/work/Agent_benchmark/PathAgent/post_eval/TCGA_LUNG_Classification/ROI/roi_overlap_results.csv,False,True
TCGA-18-3407-01Z-00-DX1.E7DDA7E3-45A2-4E06-A081-E6A81A672155,PathAgent,TCGA_LUNG_Classification,0.05,33,True,1.0,1.0,0.9708272727272728,1.0,1.0,0.9708,0.0513,0.0512,/work/Agent_benchmark/PathAgent/post_eval/TCGA_LUNG_Classification/ROI/roi_overlap_results.csv,False,True
TCGA-18-3408-01Z-00-DX1.B4AFC08A-7460-4EE6-B033-629C6A6CA6E8,PathAgent,TCGA_LUNG_Classification,0.05,36,False,,0.0,0.0,,,0.0,0.0,0.0,/work/Agent_benchmark/PathAgent/post_eval/TCGA_LUNG_Classification/ROI/roi_overlap_results.csv,True,True
TCGA-18-3409-01Z-00-DX1.3E32CC78-B066-4F85-A781-EDAF39DE0704,PathAgent,TCGA_LUNG_Classification,0.05,30,True,1.0,1.0,0.7731833333333334,1.0,0.8590925925925927,0.7732,0.7187,0.5935,/work/Agent_benchmark/PathAgent/post_eval/TCGA_LUNG_Classification/ROI/roi_overlap_results.csv,True,True
TCGA-18-3410-01Z-00-DX1.DB186D75-4AEE-4E1B-83D5-5A1970F03581,PathAgent,TCGA_LUNG_Classification,0.05,39,True,1.0,1.0,0.9821410256410257,1.0,0.9821410256410257,0.9821,0.1358,0.1355,/work/Agent_benchmark/PathAgent/post_eval/TCGA_LUNG_Classification/ROI/roi_overlap_results.csv,True,True
TCGA-18-3411-01Z-00-DX1.D9228674-5B13-44CB-A7AE-C64FD97A3BBB,PathAgent,TCGA_LUNG_Classification,0.05,36,True,1.0,1.0,1.0,1.0,1.0,1.0,0.1535,0.1535,/work/Agent_benchmark/PathAgent/post_eval/TCGA_LUNG_Classification/ROI/roi_overlap_results.csv,False,True
TCGA-18-3412-01Z-00-DX1.699A17A5-356B-42F8-815A-5DBD60293242,PathAgent,TCGA_LUNG_Classification,0.05,30,True,1.0,1.0,0.9999266666666666,1.0,0.9999266666666666,0.9999,0.1282,0.1282,/work/Agent_benchmark/PathAgent/post_eval/TCGA_LUNG_Classification/ROI/roi_overlap_results.csv,True,True
TCGA-18-3414-01Z-00-DX1.B76AF657-7A93-4F33-BC1A-2E8BF652FC17,PathAgent,TCGA_LUNG_Classification,0.05,25,True,1.0,1.0,0.963448,1.0,0.963448,0.9634,0.2166,0.2149,/work/Agent_benchmark/PathAgent/post_eval/TCGA_LUNG_Classification/ROI/roi_overlap_results.csv,True,True
TCGA-18-3415-01Z-00-DX1.8C62F2CD-4A2F-4D1E-A662-D7D5AFE557AB,PathAgent,TCGA_LUNG_Classification,0.05,40,False,,0.0,0.0,,,0.0,0.0,0.0,/work/Agent_benchmark/PathAgent/post_eval/TCGA_LUNG_Classification/ROI/roi_overlap_results.csv,True,True
TCGA-18-3417-01Z-00-DX1.B424DA03-9007-4FD0-9A92-BCB40319711C,PathAgent,TCGA_LUNG_Classification,0.05,29,True,1.0,1.0,0.9152655172413793,1.0,0.9479535714285714,0.9153,0.1164,0.1151,/work/Agent_benchmark/PathAgent/post_eval/TCGA_LUNG_Classification/ROI/roi_overlap_results.csv,False,True
TCGA-18-3419-01Z-00-DX1.69597BCF-2D4E-4D9B-B4E8-C03137445AF4,PathAgent,TCGA_LUNG_Classification,0.05,29,True,1.0,1.0,0.9652068965517241,1.0,0.9652068965517241,0.9652,0.1206,0.1201,/work/Agent_benchmark/PathAgent/post_eval/TCGA_LUNG_Classification/ROI/roi_overlap_results.csv,True,True
TCGA-18-4083-01Z-00-DX1.337D4583-326F-4108-9441-DC74FAED6AE2,PathAgent,TCGA_LUNG_Classification,0.05,30,True,15.0,0.4107,0.0274,0.4107,0.4107,0.0274,0.0033,0.0029,/work/Agent_benchmark/PathAgent/post_eval/TCGA_LUNG_Classification/ROI/roi_overlap_results.csv,True,True
TCGA-18-4086-01Z-00-DX1.1D06B771-F978-4763-8D4E-7B540E02C55A,PathAgent,TCGA_LUNG_Classification,0.05,36,True,1.0,1.0,0.6625555555555555,1.0,0.9173846153846152,0.6626,0.1266,0.1189,/work/Agent_benchmark/PathAgent/post_eval/TCGA_LUNG_Classification/ROI/roi_overlap_results.csv,False,True
TCGA-18-4721-01Z-00-DX1.C4952E79-071A-49C5-8E28-474442832D4E,PathAgent,TCGA_LUNG_Classification,0.05,28,True,9.0,1.0,0.5367178571428571,1.0,1.0,0.5367,0.0396,0.0383,/work/Agent_benchmark/PathAgent/post_eval/TCGA_LUNG_Classification/ROI/roi_overlap_results.csv,False,True
TCGA-18-5592-01Z-00-DX1.41BD6380-A3A0-4ED1-8752-42BBC3B4680C,PathAgent,TCGA_LUNG_Classification,0.05,35,True,1.0,1.0,0.6657514285714285,1.0,0.8630111111111111,0.6658,0.1465,0.1364,/work/Agent_benchmark/PathAgent/post_eval/TCGA_LUNG_Classification/ROI/roi_overlap_results.csv,False,True
TCGA-18-5595-01Z-00-DX1.75235488-2F6F-42CE-8D7D-0E9A360E1C61,PathAgent,TCGA_LUNG_Classification,0.05,27,True,1.0,1.0,0.9535555555555556,1.0,0.9902307692307694,0.9536,0.258,0.2548,/work/Agent_benchmark/PathAgent/post_eval/TCGA_LUNG_Classification/ROI/roi_overlap_results.csv,True,True
TCGA-21-1070-01Z-00-DX1.06363f8a-ef29-4d73-95da-a3172d7873c0,PathAgent,TCGA_LUNG_Classification,0.05,12,True,1.0,0.7335,0.34350833333333336,0.7335,0.4122100000000001,0.4152,0.061,0.0562,/work/Agent_benchmark/PathAgent/post_eval/TCGA_LUNG_Classification/ROI/roi_overlap_results.csv,False,True
TCGA-21-1071-01Z-00-DX1.a9bba825-1c92-4101-9086-c4d1c91117af,PathAgent,TCGA_LUNG_Classification,0.05,4,False,,0.0,0.0,,,0.0,0.0,0.0,/work/Agent_benchmark/PathAgent/post_eval/TCGA_LUNG_Classification/ROI/roi_overlap_results.csv,True,True
TCGA-21-1072-01Z-00-DX1.9e6c90ad-0529-4b8b-a4f8-1b05430600f9,PathAgent,TCGA_LUNG_Classification,0.05,15,True,2.0,0.7532,0.18763333333333335,0.7532,0.2505818181818182,0.1876,0.0722,0.055,/work/Agent_benchmark/PathAgent/post_eval/TCGA_LUNG_Classification/ROI/roi_overlap_results.csv,True,True
TCGA-21-1075-01Z-00-DX1.937872ae-4d6f-4d7a-b54f-b7e797cb84b0,PathAgent,TCGA_LUNG_Classification,0.05,5,True,2.0,0.4874,0.22480000000000003,0.4874,0.3745,0.281,0.0383,0.0349,/work/Agent_benchmark/PathAgent/post_eval/TCGA_LUNG_Classification/ROI/roi_overlap_results.csv,False,True
TCGA-21-1076-01Z-00-DX1.533ca070-93e0-4d49-8770-8f42f341ca38,PathAgent,TCGA_LUNG_Classification,0.05,3,True,1.0,1.0,1.0,1.0,1.0,1.0,0.0014,0.0014,/work/Agent_benchmark/PathAgent/post_eval/TCGA_LUNG_Classification/ROI/roi_overlap_results.csv,True,True
TCGA-21-1077-01Z-00-DX1.e7d0d3ca-b24c-4b2b-bb8f-13cc6991fb78,PathAgent,TCGA_LUNG_Classification,0.05,3,False,,0.0004,0.0002666666666666667,,,0.0002,0.0,0.0,/work/Agent_benchmark/PathAgent/post_eval/TCGA_LUNG_Classification/ROI/roi_overlap_results.csv,False,True
TCGA-21-1078-01Z-00-DX1.12d4a290-04fa-413e-b274-7c143d42c266,PathAgent,TCGA_LUNG_Classification,0.05,6,False,,0.0,0.0,,,0.0,0.0,0.0,/work/Agent_benchmark/PathAgent/post_eval/TCGA_LUNG_Classification/ROI/roi_overlap_results.csv,True,True
TCGA-21-1079-01Z-00-DX1.fb8e44cd-f73f-48a4-82d2-34f334d79f53,PathAgent,TCGA_LUNG_Classification,0.05,5,True,1.0,1.0,0.6507799999999999,1.0,0.813425,0.6508,0.0825,0.079,/work/Agent_benchmark/PathAgent/post_eval/TCGA_LUNG_Classification/ROI/roi_overlap_results.csv,True,True
TCGA-21-1080-01Z-00-DX1.7afa55df-e460-406e-ae9a-43ac4a71d0b0,PathAgent,TCGA_LUNG_Classification,0.05,9,True,2.0,0.5284,0.22,0.5284,0.28285714285714286,0.1766,0.0228,0.0206,/work/Agent_benchmark/PathAgent/post_eval/TCGA_LUNG_Classification/ROI/roi_overlap_results.csv,True,True
TCGA-21-1081-01Z-00-DX1.fce8927a-2c5f-4a64-8414-da66424b3859,PathAgent,TCGA_LUNG_Classification,0.05,8,True,1.0,1.0,0.802775,1.0,0.802775,0.8028,0.1004,0.0979,/work/Agent_benchmark/PathAgent/post_eval/TCGA_LUNG_Classification/ROI/roi_overlap_results.csv,True,True
TCGA-21-1082-01Z-00-DX1.cae5bbaa-76f5-416d-b532-16cf773e017e,PathAgent,TCGA_LUNG_Classification,0.05,8,True,1.0,1.0,0.627875,1.0,0.7175714285714286,0.6279,0.1064,0.1001,/work/Agent_benchmark/PathAgent/post_eval/TCGA_LUNG_Classification/ROI/roi_overlap_results.csv,False,True
TCGA-21-1083-01Z-00-DX1.8288ca92-b611-4acf-986e-0b8a3f620b94,PathAgent,TCGA_LUNG_Classification,0.05,6,True,1.0,1.0,0.8168333333333333,1.0,0.8168333333333333,0.8168,0.1231,0.1198,/work/Agent_benchmark/PathAgent/post_eval/TCGA_LUNG_Classification/ROI/roi_overlap_results.csv,False,True
TCGA-21-5782-01Z-00-DX1.E0C856C0-9055-4437-9393-695D699E4F57,PathAgent,TCGA_LUNG_Classification,0.05,21,True,6.0,0.8181,0.23402857142857142,0.8181,0.7013714285714286,0.1995,0.0587,0.0475,/work/Agent_benchmark/PathAgent/post_eval/TCGA_LUNG_Classification/ROI/roi_overlap_results.csv,False,True
TCGA-21-5783-01Z-00-DX1.3FAB28DF-5748-42D5-8257-3D440C4FB5FB,PathAgent,TCGA_LUNG_Classification,0.05,17,True,3.0,1.0,0.30017058823529413,1.0,0.5669888888888889,0.3002,0.0882,0.0732,/work/Agent_benchmark/PathAgent/post_eval/TCGA_LUNG_Classification/ROI/roi_overlap_results.csv,False,True
TCGA-21-5784-01Z-00-DX1.E50E7F4B-BE37-4171-94A7-E824CFF4B3BB,PathAgent,TCGA_LUNG_Classification,0.05,8,True,2.0,1.0,0.2628875,1.0,0.7010333333333333,0.2758,0.0408,0.0368,/work/Agent_benchmark/PathAgent/post_eval/TCGA_LUNG_Classification/ROI/roi_overlap_results.csv,False,True
TCGA-21-5786-01Z-00-DX1.928370C0-0BD4-43D6-94EB-FE7CB172265E,PathAgent,TCGA_LUNG_Classification,0.05,9,True,1.0,1.0,0.8706666666666667,1.0,0.8706666666666667,0.8707,0.0288,0.0287,/work/Agent_benchmark/PathAgent/post_eval/TCGA_LUNG_Classification/ROI/roi_overlap_results.csv,False,True
TCGA-21-5787-01Z-00-DX1.FEE037E3-B9B0-4C2E-97EF-D6E4F64E1DF9,PathAgent,TCGA_LUNG_Classification,0.05,16,True,1.0,1.0,0.9214875,1.0,0.9214875,0.9215,0.1023,0.1014,/work/Agent_benchmark/PathAgent/post_eval/TCGA_LUNG_Classification/ROI/roi_overlap_results.csv,True,True
TCGA-21-A5DI-01Z-00-DX1.E9123261-ADE7-468C-9E9A-334E131FFF97,PathAgent,TCGA_LUNG_Classification,0.05,12,True,1.0,1.0,0.7278333333333333,1.0,0.8734,0.7278,0.173,0.1625,/work/Agent_benchmark/PathAgent/post_eval/TCGA_LUNG_Classification/ROI/roi_overlap_results.csv,True,True
TCGA-22-0940-01Z-00-DX1.775CB101-6A55-40DD-B19F-7BFCA7820F5F,PathAgent,TCGA_LUNG_Classification,0.05,12,True,4.0,0.2442,0.0407,0.2442,0.2442,0.0407,0.0042,0.0038,/work/Agent_benchmark/PathAgent/post_eval/TCGA_LUNG_Classification/ROI/roi_overlap_results.csv,True,True
TCGA-22-0944-01Z-00-DX1.3DC7624F-2D59-40D5-9E1F-95FCCD80D0C4,PathAgent,TCGA_LUNG_Classification,0.05,26,True,1.0,1.0,0.9955961538461539,1.0,0.9955961538461539,0.9956,0.0225,0.0225,/work/Agent_benchmark/PathAgent/post_eval/TCGA_LUNG_Classification/ROI/roi_overlap_results.csv,True,True
TCGA-22-1000-01Z-00-DX1.D2ACF3D3-6187-49A1-ABBC-8D8E611EEE55,PathAgent,TCGA_LUNG_Classification,0.05,24,True,5.0,0.7871,0.13934166666666667,0.7871,0.41802500000000004,0.1393,0.0187,0.0168,/work/Agent_benchmark/PathAgent/post_eval/TCGA_LUNG_Classification/ROI/roi_overlap_results.csv,True,True
TCGA-22-1002-01Z-00-DX1.A41CF987-B2E7-4ADE-8580-735631EEE963,PathAgent,TCGA_LUNG_Classification,0.05,21,True,1.0,1.0,0.6488333333333333,1.0,0.9083666666666667,0.6488,0.2594,0.2275,/work/Agent_benchmark/PathAgent/post_eval/TCGA_LUNG_Classification/ROI/roi_overlap_results.csv,False,True
TCGA-22-1011-01Z-00-DX1.A67E3D3F-4B94-4335-8199-03B7CB75608E,PathAgent,TCGA_LUNG_Classification,0.05,23,True,1.0,1.0,0.9718000000000001,1.0,0.9718000000000001,0.9718,0.1231,0.1227,/work/Agent_benchmark/PathAgent/post_eval/TCGA_LUNG_Classification/ROI/roi_overlap_results.csv,False,True
TCGA-22-1012-01Z-00-DX1.053F81FA-F91A-42B0-8F12-CD2495FA9E99,PathAgent,TCGA_LUNG_Classification,0.05,30,True,6.0,0.5111,0.03398666666666666,0.5111,0.32126666666666664,0.0657,0.0045,0.0043,/work/Agent_benchmark/PathAgent/post_eval/TCGA_LUNG_Classification/ROI/roi_overlap_results.csv,False,True
TCGA-22-1016-01Z-00-DX1.807510FD-222D-4E65-B261-3EB0815F8A50,PathAgent,TCGA_LUNG_Classification,0.05,20,True,1.0,0.916,0.375155,0.916,0.5748769230769232,0.3732,0.0943,0.0814,/work/Agent_benchmark/PathAgent/post_eval/TCGA_LUNG_Classification/ROI/roi_overlap_results.csv,True,True
TCGA-22-1017-01Z-00-DX1.9562FE79-A261-42D3-B394-F3E0E2FF7DDA,PathAgent,TCGA_LUNG_Classification,0.05,32,True,8.0,0.1412,0.005553125,0.1412,0.1412,0.0074,0.0021,0.0016,/work/Agent_benchmark/PathAgent/post_eval/TCGA_LUNG_Classification/ROI/roi_overlap_results.csv,False,True
TCGA-22-4591-01Z-00-DX1.8C89ABEB-A1E3-47D1-B247-02539EF3F959,PathAgent,TCGA_LUNG_Classification,0.05,24,True,1.0,1.0,0.9545041666666667,1.0,0.9545041666666667,0.9545,0.1087,0.1081,/work/Agent_benchmark/PathAgent/post_eval/TCGA_LUNG_Classification/ROI/roi_overlap_results.csv,True,True
TCGA-22-4593-01Z-00-DX1.B573D1D5-88CE-4989-8A18-F9545E8ACA82,PathAgent,TCGA_LUNG_Classification,0.05,27,True,1.0,1.0,1.0,1.0,1.0,1.0,0.1025,0.1025,/work/Agent_benchmark/PathAgent/post_eval/TCGA_LUNG_Classification/ROI/roi_overlap_results.csv,False,True
TCGA-22-4594-01Z-00-DX1.3FCEBC89-8473-4841-87A2-F84AF58A7793,PathAgent,TCGA_LUNG_Classification,0.05,29,True,1.0,1.0,0.9978275862068966,1.0,0.9978275862068966,0.9978,0.1087,0.1087,/work/Agent_benchmark/PathAgent/post_eval/TCGA_LUNG_Classification/ROI/roi_overlap_results.csv,False,True
TCGA-22-4595-01Z-00-DX1.42F28D1E-7AC2-4113-B4EC-F1E7850EA14D,PathAgent,TCGA_LUNG_Classification,0.05,27,True,1.0,1.0,0.9775111111111111,1.0,0.9775111111111111,0.9775,0.0161,0.0161,/work/Agent_benchmark/PathAgent/post_eval/TCGA_LUNG_Classification/ROI/roi_overlap_results.csv,False,True
TCGA-22-4596-01Z-00-DX1.0B754257-5EBB-4ABF-A847-7EFA71C7D9E7,PathAgent,TCGA_LUNG_Classification,0.05,7,True,1.0,1.0,1.0,1.0,1.0,1.0,0.1464,0.1464,/work/Agent_benchmark/PathAgent/post_eval/TCGA_LUNG_Classification/ROI/roi_overlap_results.csv,True,True
TCGA-22-4599-01Z-00-DX1.2178D5C0-A444-44F5-B878-F5D1FB2943C9,PathAgent,TCGA_LUNG_Classification,0.05,22,True,9.0,0.4766,0.0772,0.4766,0.4149,0.0772,0.0048,0.0045,/work/Agent_benchmark/PathAgent/post_eval/TCGA_LUNG_Classification/ROI/roi_overlap_results.csv,True,True
TCGA-22-4601-01Z-00-DX1.2EABA7B1-1E31-4AFE-B97B-D40EEAD66D85,PathAgent,TCGA_LUNG_Classification,0.05,12,True,1.0,1.0,0.38155,1.0,0.572325,0.3816,0.0026,0.0026,/work/Agent_benchmark/PathAgent/post_eval/TCGA_LUNG_Classification/ROI/roi_overlap_results.csv,False,True
TCGA-22-4604-01Z-00-DX1.C398D192-8564-42AB-89B8-461F0830D8A1,PathAgent,TCGA_LUNG_Classification,0.05,39,True,2.0,1.0,0.6649589743589743,1.0,0.8940689655172412,0.665,0.0945,0.0902,/work/Agent_benchmark/PathAgent/post_eval/TCGA_LUNG_Classification/ROI/roi_overlap_results.csv,False,True
TCGA-22-4605-01Z-00-DX1.5B725941-80CE-497B-8A1E-856D16DD2870,PathAgent,TCGA_LUNG_Classification,0.05,30,True,6.0,0.52,0.03620666666666666,0.52,0.52,0.0362,0.0027,0.0025,/work/Agent_benchmark/PathAgent/post_eval/TCGA_LUNG_Classification/ROI/roi_overlap_results.csv,False,True
TCGA-22-4607-01Z-00-DX1.5C521672-8405-43A2-ACB5-16174A74BCB7,PathAgent,TCGA_LUNG_Classification,0.05,39,True,1.0,1.0,0.4262076923076923,1.0,0.66386,0.4359,0.0449,0.0425,/work/Agent_benchmark/PathAgent/post_eval/TCGA_LUNG_Classification/ROI/roi_overlap_results.csv,False,True
TCGA-22-4613-01Z-00-DX1.4BC3B7B8-99E7-4744-8F5A-089ECCDE144E,PathAgent,TCGA_LUNG_Classification,0.05,24,True,2.0,1.0,0.4619,1.0,0.6093666666666668,0.4644,0.0507,0.0479,/work/Agent_benchmark/PathAgent/post_eval/TCGA_LUNG_Classification/ROI/roi_overlap_results.csv,True,True
TCGA-22-5471-01Z-00-DX1.AACEB098-E9B8-4A2B-905E-7D66BE962922,PathAgent,TCGA_LUNG_Classification,0.05,32,True,1.0,1.0,0.909440625,1.0,0.9387774193548387,0.9094,0.1378,0.136,/work/Agent_benchmark/PathAgent/post_eval/TCGA_LUNG_Classification/ROI/roi_overlap_results.csv,True,True
TCGA-22-5472-01Z-00-DX1.1E2A1D5E-C7D3-449E-910F-1199A396804C,PathAgent,TCGA_LUNG_Classification,0.05,36,True,1.0,1.0,0.9940972222222223,1.0,0.9940972222222223,0.9941,0.1696,0.1694,/work/Agent_benchmark/PathAgent/post_eval/TCGA_LUNG_Classification/ROI/roi_overlap_results.csv,True,True
TCGA-22-5473-01Z-00-DX1.C452FE31-443B-43AE-A5FA-451DF0127F8F,PathAgent,TCGA_LUNG_Classification,0.05,22,True,1.0,1.0,1.0,1.0,1.0,1.0,0.1105,0.1105,/work/Agent_benchmark/PathAgent/post_eval/TCGA_LUNG_Classification/ROI/roi_overlap_results.csv,True,True
TCGA-22-5474-01Z-00-DX1.8736FB24-7E65-4ACB-9325-382D7F864F62,PathAgent,TCGA_LUNG_Classification,0.05,10,True,2.0,0.0514,0.010280000000000001,0.0514,0.0514,0.0103,0.0011,0.001,/work/Agent_benchmark/PathAgent/post_eval/TCGA_LUNG_Classification/ROI/roi_overlap_results.csv,False,True
TCGA-22-5477-01Z-00-DX1.D4CA03F8-FFA8-4926-B93C-EBFDC6791B1F,PathAgent,TCGA_LUNG_Classification,0.05,30,False,,0.0,0.0,,,0.0,0.0,0.0,/work/Agent_benchmark/PathAgent/post_eval/TCGA_LUNG_Classification/ROI/roi_overlap_results.csv,False,True
TCGA-22-5478-01Z-00-DX1.6368788A-96D5-499B-A199-89BF1413AE43,PathAgent,TCGA_LUNG_Classification,0.05,45,True,1.0,1.0,0.7596888888888889,1.0,0.7769545454545455,0.7274,0.1558,0.1472,/work/Agent_benchmark/PathAgent/post_eval/TCGA_LUNG_Classification/ROI/roi_overlap_results.csv,False,True
TCGA-22-5479-01Z-00-DX1.3DCD4654-459D-4046-87C3-E59C61A1E7FA,PathAgent,TCGA_LUNG_Classification,0.05,21,True,1.0,1.0,0.32755238095238093,1.0,0.68786,0.3275,0.0391,0.0362,/work/Agent_benchmark/PathAgent/post_eval/TCGA_LUNG_Classification/ROI/roi_overlap_results.csv,False,True
TCGA-22-5480-01Z-00-DX1.A6E25FF1-9616-4F5F-97BD-BA1912C46008,PathAgent,TCGA_LUNG_Classification,0.05,12,True,3.0,0.9355,0.2402333333333333,0.9355,0.4789999999999999,0.2343,0.0296,0.027,/work/Agent_benchmark/PathAgent/post_eval/TCGA_LUNG_Classification/ROI/roi_overlap_results.csv,True,True
TCGA-22-5481-01Z-00-DX1.6BB77BD0-92FF-43FF-A86C-9EF41B2921DA,PathAgent,TCGA_LUNG_Classification,0.05,19,True,1.0,1.0,0.9643421052631578,1.0,0.9643421052631578,0.9643,0.1438,0.143,/work/Agent_benchmark/PathAgent/post_eval/TCGA_LUNG_Classification/ROI/roi_overlap_results.csv,False,True
TCGA-22-5482-01Z-00-DX1.901F90D4-1F4E-4344-925B-37B7DD78B751,PathAgent,TCGA_LUNG_Classification,0.05,21,True,2.0,1.0,0.8646666666666667,1.0,0.9079,0.8647,0.1185,0.1164,/work/Agent_benchmark/PathAgent/post_eval/TCGA_LUNG_Classification/ROI/roi_overlap_results.csv,True,True
TCGA-22-5483-01Z-00-DX1.79EF4B70-4703-4FF1-81CA-20014A932437,PathAgent,TCGA_LUNG_Classification,0.05,20,True,1.0,1.0,0.9452499999999999,1.0,0.9452499999999999,0.9453,0.1367,0.1357,/work/Agent_benchmark/PathAgent/post_eval/TCGA_LUNG_Classification/ROI/roi_overlap_results.csv,True,True
TCGA-22-5485-01Z-00-DX1.952DBCF0-08DA-49BD-B020-DEC1A77A1D81,PathAgent,TCGA_LUNG_Classification,0.05,14,True,2.0,0.5706,0.12685714285714284,0.5706,0.44399999999999995,0.0948,0.0089,0.0082,/work/Agent_benchmark/PathAgent/post_eval/TCGA_LUNG_Classification/ROI/roi_overlap_results.csv,False,True
TCGA-22-5489-01Z-00-DX1.0518AF53-5642-40FB-A631-4C50D7707C8F,PathAgent,TCGA_LUNG_Classification,0.05,20,True,3.0,0.8094,0.08703,0.8094,0.43515,0.087,0.0122,0.0108,/work/Agent_benchmark/PathAgent/post_eval/TCGA_LUNG_Classification/ROI/roi_overlap_results.csv,True,True
TCGA-22-5491-01Z-00-DX1.19908BEC-3DDA-4BCD-9EB1-0D2C4A1E5110,PathAgent,TCGA_LUNG_Classification,0.05,30,True,1.0,1.0,0.9960933333333333,1.0,0.9960933333333333,0.9961,0.1204,0.1203,/work/Agent_benchmark/PathAgent/post_eval/TCGA_LUNG_Classification/ROI/roi_overlap_results.csv,True,True
TCGA-22-5492-01Z-00-DX1.A17DE349-CD76-4B12-9C5C-DB8DFB23C003,PathAgent,TCGA_LUNG_Classification,0.05,19,True,1.0,1.0,1.0,1.0,1.0,1.0,0.1378,0.1378,/work/Agent_benchmark/PathAgent/post_eval/TCGA_LUNG_Classification/ROI/roi_overlap_results.csv,False,True
TCGA-22-A5C4-01Z-00-DX1.54058689-5CA5-4F92-B18A-86208C24C87D,PathAgent,TCGA_LUNG_Classification,0.05,28,True,9.0,0.5508,0.0525,0.5508,0.3675,0.0525,0.0045,0.0041,/work/Agent_benchmark/PathAgent/post_eval/TCGA_LUNG_Classification/ROI/roi_overlap_results.csv,False,True
TCGA-33-4532-01Z-00-DX2.cd6e3f47-14fd-46e4-baf8-2e682ade44d1,PathAgent,TCGA_LUNG_Classification,0.05,32,True,1.0,1.0,0.409753125,1.0,0.87414,0.4098,0.1401,0.1166,/work/Agent_benchmark/PathAgent/post_eval/TCGA_LUNG_Classification/ROI/roi_overlap_results.csv,False,True
TCGA-33-4533-01Z-00-DX1.ee36717d-0571-40b3-8ab5-5465d2cca920,PathAgent,TCGA_LUNG_Classification,0.05,50,True,3.0,1.0,0.6770959999999999,1.0,0.9672799999999999,0.6771,0.0888,0.0852,/work/Agent_benchmark/PathAgent/post_eval/TCGA_LUNG_Classification/ROI/roi_overlap_results.csv,False,True
TCGA-33-4533-01Z-00-DX2.2dad01a3-daa7-45d9-8c74-97ea5e707524,PathAgent,TCGA_LUNG_Classification,0.05,40,True,10.0,1.0,0.045930000000000006,1.0,0.6123999999999999,0.0419,0.0069,0.006,/work/Agent_benchmark/PathAgent/post_eval/TCGA_LUNG_Classification/ROI/roi_overlap_results.csv,True,True
TCGA-33-4533-01Z-00-DX3.5d3d54fc-2bee-4a9e-b9cd-d3ed84b55ef0,PathAgent,TCGA_LUNG_Classification,0.05,32,True,2.0,1.0,0.46778125,1.0,0.9979333333333333,0.4731,0.0308,0.0297,/work/Agent_benchmark/PathAgent/post_eval/TCGA_LUNG_Classification/ROI/roi_overlap_results.csv,False,True
TCGA-33-4533-01Z-00-DX4.b7cd127e-4d9c-45dc-bd5e-e95343819e4c,PathAgent,TCGA_LUNG_Classification,0.05,28,True,3.0,1.0,0.3878714285714286,1.0,0.9873090909090909,0.3879,0.1508,0.1218,/work/Agent_benchmark/PathAgent/post_eval/TCGA_LUNG_Classification/ROI/roi_overlap_results.csv,False,True
TCGA-33-4533-01Z-00-DX5.b26513d1-9454-4332-b7d4-126ea4ff6b7a,PathAgent,TCGA_LUNG_Classification,0.05,23,True,1.0,1.0,0.8533434782608694,1.0,0.934295238095238,0.8533,0.1479,0.1442,/work/Agent_benchmark/PathAgent/post_eval/TCGA_LUNG_Classification/ROI/roi_overlap_results.csv,False,True
TCGA-33-4538-01Z-00-DX2.62dcecc8-576b-406b-81db-1651e5ea589e,PathAgent,TCGA_LUNG_Classification,0.05,44,True,10.0,0.8384,0.07938863636363637,0.8384,0.4362625,0.0625,0.0083,0.0074,/work/Agent_benchmark/PathAgent/post_eval/TCGA_LUNG_Classification/ROI/roi_overlap_results.csv,True,True
TCGA-33-4538-01Z-00-DX3.27b62beb-d3c4-493b-8663-73f128c0ad77,PathAgent,TCGA_LUNG_Classification,0.05,120,True,9.0,1.0,0.17654416666666667,1.0,0.6045942857142856,0.1764,0.0842,0.0604,/work/Agent_benchmark/PathAgent/post_eval/TCGA_LUNG_Classification/ROI/roi_overlap_results.csv,True,True
TCGA-33-4538-01Z-00-DX4.038eb76c-beff-46f0-b0bb-b5c951305b52,PathAgent,TCGA_LUNG_Classification,0.05,33,True,2.0,1.0,0.4580818181818182,1.0,0.754645,0.4581,0.1596,0.1342,/work/Agent_benchmark/PathAgent/post_eval/TCGA_LUNG_Classification/ROI/roi_overlap_results.csv,True,True
TCGA-33-4538-01Z-00-DX5.19d6ae2f-feaa-4c38-9335-6bb549631f94,PathAgent,TCGA_LUNG_Classification,0.05,51,True,13.0,0.8871,0.02841764705882353,0.8871,0.4753666666666667,0.0347,0.0061,0.0052,/work/Agent_benchmark/PathAgent/post_eval/TCGA_LUNG_Classification/ROI/roi_overlap_results.csv,True,True
TCGA-33-4538-01Z-00-DX6.4eef2215-0a0e-478d-81be-207d566e8788,PathAgent,TCGA_LUNG_Classification,0.05,39,True,8.0,0.8477,0.03481282051282051,0.8477,0.339425,0.0196,0.0054,0.0043,/work/Agent_benchmark/PathAgent/post_eval/TCGA_LUNG_Classification/ROI/roi_overlap_results.csv,True,True
TCGA-33-4538-01Z-00-DX8.ec0d10ef-ec0e-4ad2-81fb-907754694e42,PathAgent,TCGA_LUNG_Classification,0.05,42,True,1.0,1.0,0.33058333333333334,1.0,0.9256333333333333,0.3306,0.2772,0.1775,/work/Agent_benchmark/PathAgent/post_eval/TCGA_LUNG_Classification/ROI/roi_overlap_results.csv,True,True
TCGA-33-4547-01Z-00-DX1.7009df06-03f9-497a-b7bd-f8ef4244d152,PathAgent,TCGA_LUNG_Classification,0.05,29,True,1.0,1.0,0.6608551724137931,1.0,0.95824,0.6609,0.261,0.2302,/work/Agent_benchmark/PathAgent/post_eval/TCGA_LUNG_Classification/ROI/roi_overlap_results.csv,True,True
TCGA-33-4547-01Z-00-DX2.a864126e-e46c-4ce4-a3d5-792f35ccaa80,PathAgent,TCGA_LUNG_Classification,0.05,80,True,7.0,1.0,0.038655,1.0,0.51185,0.0274,0.0096,0.0072,/work/Agent_benchmark/PathAgent/post_eval/TCGA_LUNG_Classification/ROI/roi_overlap_results.csv,False,True
TCGA-33-4547-01Z-00-DX3.9f19ec7f-6469-463a-a027-124c3fe5a06c,PathAgent,TCGA_LUNG_Classification,0.05,47,True,1.0,1.0,0.6812553191489363,1.0,0.9702727272727272,0.6813,0.0238,0.0235,/work/Agent_benchmark/PathAgent/post_eval/TCGA_LUNG_Classification/ROI/roi_overlap_results.csv,True,True
TCGA-33-4547-01Z-00-DX4.a340ca7a-a732-482c-8df6-bcdcf14890cd,PathAgent,TCGA_LUNG_Classification,0.05,34,True,1.0,1.0,1.0,1.0,1.0,1.0,0.1955,0.1955,/work/Agent_benchmark/PathAgent/post_eval/TCGA_LUNG_Classification/ROI/roi_overlap_results.csv,True,True
TCGA-33-4547-01Z-00-DX5.0430003c-aa9c-4d8f-89fd-72fa63207740,PathAgent,TCGA_LUNG_Classification,0.05,36,True,1.0,1.0,0.9210888888888888,1.0,0.9474057142857143,0.9211,0.1845,0.1816,/work/Agent_benchmark/PathAgent/post_eval/TCGA_LUNG_Classification/ROI/roi_overlap_results.csv,False,True
TCGA-33-4547-01Z-00-DX6.2bcc33c0-31f2-4354-b954-64bd646f40df,PathAgent,TCGA_LUNG_Classification,0.05,26,True,3.0,1.0,0.8040538461538461,1.0,0.9954952380952381,0.8041,0.1763,0.1691,/work/Agent_benchmark/PathAgent/post_eval/TCGA_LUNG_Classification/ROI/roi_overlap_results.csv,False,True
TCGA-33-4547-01Z-00-DX7.91be6f90-d9ab-4345-a3bd-91805d9761b9,PathAgent,TCGA_LUNG_Classification,0.05,69,True,4.0,1.0,0.44033043478260875,1.0,0.7788102564102565,0.4189,0.0467,0.0439,/work/Agent_benchmark/PathAgent/post_eval/TCGA_LUNG_Classification/ROI/roi_overlap_results.csv,False,True
TCGA-33-4566-01Z-00-DX1.C256546D-D3EC-41DA-9681-06BA4B011DD2,PathAgent,TCGA_LUNG_Classification,0.05,70,True,15.0,0.5224,0.03696571428571429,0.5224,0.28603333333333336,0.037,0.0283,0.0163,/work/Agent_benchmark/PathAgent/post_eval/TCGA_LUNG_Classification/ROI/roi_overlap_results.csv,False,True
TCGA-33-4582-01Z-00-DX1.629AEDB6-E9AA-4615-92E8-5DDAAFF6103E,PathAgent,TCGA_LUNG_Classification,0.05,9,True,1.0,1.0,0.3141333333333333,1.0,0.4038857142857143,0.2128,0.0285,0.0257,/work/Agent_benchmark/PathAgent/post_eval/TCGA_LUNG_Classification/ROI/roi_overlap_results.csv,False,True
TCGA-33-4583-01Z-00-DX1.c5e3071e-a941-46db-a987-74a059ee6d69,PathAgent,TCGA_LUNG_Classification,0.05,31,False,,0.0,0.0,,,0.0,0.0,0.0,/work/Agent_benchmark/PathAgent/post_eval/TCGA_LUNG_Classification/ROI/roi_overlap_results.csv,True,True
TCGA-33-4583-01Z-00-DX2.8fc10fa1-82b8-49c5-972b-e4303b4293a7,PathAgent,TCGA_LUNG_Classification,0.05,84,True,3.0,0.7325,0.03993928571428571,0.7325,0.4792714285714285,0.0352,0.0335,0.0175,/work/Agent_benchmark/PathAgent/post_eval/TCGA_LUNG_Classification/ROI/roi_overlap_results.csv,True,True
TCGA-33-4583-01Z-00-DX3.f802363d-0e77-450e-bf45-928629c66e23,PathAgent,TCGA_LUNG_Classification,0.05,45,True,5.0,1.0,0.45118666666666657,1.0,0.922881818181818,0.4512,0.1557,0.1309,/work/Agent_benchmark/PathAgent/post_eval/TCGA_LUNG_Classification/ROI/roi_overlap_results.csv,False,True
TCGA-33-4583-01Z-00-DX4.efa9cdaf-3a6a-4e31-9826-e90f6f3420b7,PathAgent,TCGA_LUNG_Classification,0.05,33,True,8.0,1.0,0.14956060606060606,1.0,0.7050714285714286,0.1496,0.04,0.0326,/work/Agent_benchmark/PathAgent/post_eval/TCGA_LUNG_Classification/ROI/roi_overlap_results.csv,True,True
TCGA-33-4586-01Z-00-DX2.a9798fe4-8db9-41d7-8d00-eb2a9eef1bc0,PathAgent,TCGA_LUNG_Classification,0.05,32,True,13.0,0.3571,0.025193749999999997,0.3571,0.3571,0.0252,0.0016,0.0015,/work/Agent_benchmark/PathAgent/post_eval/TCGA_LUNG_Classification/ROI/roi_overlap_results.csv,True,True
TCGA-33-6738-01Z-00-DX2.3a2fa17d-0297-4b0c-8a5f-aa18c5342ef4,PathAgent,TCGA_LUNG_Classification,0.05,24,False,,0.0,0.0,,,0.0,0.0,0.0,/work/Agent_benchmark/PathAgent/post_eval/TCGA_LUNG_Classification/ROI/roi_overlap_results.csv,False,True
TCGA-33-6738-01Z-00-DX3.26deb8f3-f138-45e4-9765-f713030746e8,PathAgent,TCGA_LUNG_Classification,0.05,25,True,1.0,1.0,0.867448,1.0,0.9035916666666667,0.8674,0.1494,0.1461,/work/Agent_benchmark/PathAgent/post_eval/TCGA_LUNG_Classification/ROI/roi_overlap_results.csv,False,True
TCGA-33-6738-01Z-00-DX4.8a8b2411-f425-4181-82cc-0c8535055028,PathAgent,TCGA_LUNG_Classification,0.05,27,True,1.0,1.0,0.8581518518518517,1.0,0.9654208333333333,0.8582,0.2138,0.2065,/work/Agent_benchmark/PathAgent/post_eval/TCGA_LUNG_Classification/ROI/roi_overlap_results.csv,False,True
TCGA-33-6738-01Z-00-DX5.4af96952-d323-4d2e-9871-e590b7c5f59d,PathAgent,TCGA_LUNG_Classification,0.05,39,False,,0.0,0.0,,,0.0,0.0,0.0,/work/Agent_benchmark/PathAgent/post_eval/TCGA_LUNG_Classification/ROI/roi_overlap_results.csv,False,True
TCGA-33-6738-01Z-00-DX6.631ec263-2df0-4d13-982b-14db382a2532,PathAgent,TCGA_LUNG_Classification,0.05,55,True,14.0,0.9978,0.03603454545454545,0.9978,0.39638,0.036,0.034,0.0178,/work/Agent_benchmark/PathAgent/post_eval/TCGA_LUNG_Classification/ROI/roi_overlap_results.csv,False,True
TCGA-33-A4WN-01Z-00-DX1.438D0EF6-C329-41E5-A7D5-7F037DE34106,PathAgent,TCGA_LUNG_Classification,0.05,31,True,1.0,1.0,0.973967741935484,1.0,0.973967741935484,0.974,0.1506,0.15,/work/Agent_benchmark/PathAgent/post_eval/TCGA_LUNG_Classification/ROI/roi_overlap_results.csv,True,True
TCGA-33-A4WN-01Z-00-DX2.0AC8FFA9-BD94-4B28-8066-5430D6053432,PathAgent,TCGA_LUNG_Classification,0.05,45,True,4.0,1.0,0.2186155555555556,1.0,0.8196916666666668,0.2186,0.2046,0.1182,/work/Agent_benchmark/PathAgent/post_eval/TCGA_LUNG_Classification/ROI/roi_overlap_results.csv,True,True
TCGA-33-A5GW-01Z-00-DX1.6F0833B7-EDAB-4DF4-83D9-393D8ADBFCF3,PathAgent,TCGA_LUNG_Classification,0.05,51,True,1.0,0.9915,0.17370784313725493,0.9915,0.48802777777777784,0.1596,0.0238,0.0211,/work/Agent_benchmark/PathAgent/post_eval/TCGA_LUNG_Classification/ROI/roi_overlap_results.csv,False,True
TCGA-33-A5GW-01Z-00-DX2.8E12990B-CA60-4C94-9309-9A0DA6C63588,PathAgent,TCGA_LUNG_Classification,0.05,28,True,1.0,1.0,0.427375,1.0,0.9205,0.4262,0.028,0.027,/work/Agent_benchmark/PathAgent/post_eval/TCGA_LUNG_Classification/ROI/roi_overlap_results.csv,True,True
TCGA-33-A5GW-01Z-00-DX3.7A1C5169-96C6-4ECB-81E1-1050EFE84B60,PathAgent,TCGA_LUNG_Classification,0.05,35,True,1.0,1.0,0.8871457142857143,1.0,0.970315625,0.8871,0.1528,0.1499,/work/Agent_benchmark/PathAgent/post_eval/TCGA_LUNG_Classification/ROI/roi_overlap_results.csv,True,True
TCGA-33-AAS8-01Z-00-DX1.774A64E2-17E4-468C-BFE9-85F0D4F52D0E,PathAgent,TCGA_LUNG_Classification,0.05,13,True,1.0,1.0,0.5748076923076922,1.0,0.74725,0.5748,0.8592,0.5253,/work/Agent_benchmark/PathAgent/post_eval/TCGA_LUNG_Classification/ROI/roi_overlap_results.csv,True,True
TCGA-33-AASB-01Z-00-DX1.7AAF5628-3B4D-4230-8375-AB1A51054466,PathAgent,TCGA_LUNG_Classification,0.05,22,True,2.0,1.0,0.5545454545454546,1.0,0.8714285714285713,0.5545,0.12,0.1094,/work/Agent_benchmark/PathAgent/post_eval/TCGA_LUNG_Classification/ROI/roi_overlap_results.csv,True,True
TCGA-33-AASD-01Z-00-DX1.DAB3D05A-A6CE-47D1-90B6-79EBABAC3454,PathAgent,TCGA_LUNG_Classification,0.05,17,True,1.0,1.0,0.8304764705882353,1.0,0.88238125,0.8305,0.1848,0.1781,/work/Agent_benchmark/PathAgent/post_eval/TCGA_LUNG_Classification/ROI/roi_overlap_results.csv,True,True
TCGA-33-AASI-01Z-00-DX1.71BC119D-9916-4214-9294-26301F2E430F,PathAgent,TCGA_LUNG_Classification,0.05,33,True,1.0,1.0,0.9346878787878787,1.0,0.9638968750000001,0.9347,0.1187,0.1177,/work/Agent_benchmark/PathAgent/post_eval/TCGA_LUNG_Classification/ROI/roi_overlap_results.csv,True,True
TCGA-33-AASJ-01Z-00-DX1.0201CE2A-4DE6-4B4E-A010-37D773207F52,PathAgent,TCGA_LUNG_Classification,0.05,22,True,9.0,0.1094,0.01,0.1094,0.1094,0.0104,0.001,0.0009,/work/Agent_benchmark/PathAgent/post_eval/TCGA_LUNG_Classification/ROI/roi_overlap_results.csv,True,True
TCGA-34-2596-01Z-00-DX1.be778d17-d06c-4300-aaf1-c0acbef8fa41,PathAgent,TCGA_LUNG_Classification,0.05,42,True,8.0,1.0,0.12613333333333335,1.0,0.8829333333333333,0.1261,0.0004,0.0004,/work/Agent_benchmark/PathAgent/post_eval/TCGA_LUNG_Classification/ROI/roi_overlap_results.csv,False,True
TCGA-34-2600-01Z-00-DX1.CDCAAE91-3056-4952-B988-00F3722B520B,PathAgent,TCGA_LUNG_Classification,0.05,37,True,1.0,1.0,0.9225243243243244,1.0,0.97524,0.9225,0.0465,0.0463,/work/Agent_benchmark/PathAgent/post_eval/TCGA_LUNG_Classification/ROI/roi_overlap_results.csv,False,True
TCGA-34-2604-01Z-00-DX1.C04E4FF6-6E62-432D-AD1E-D0AACAA66875,PathAgent,TCGA_LUNG_Classification,0.05,30,True,13.0,0.107,0.008320000000000001,0.107,0.107,0.0083,0.0005,0.0005,/work/Agent_benchmark/PathAgent/post_eval/TCGA_LUNG_Classification/ROI/roi_overlap_results.csv,False,True
TCGA-34-2605-01Z-00-DX1.4DC249E9-26AD-4C0A-918C-3BC6C2DACDD0,PathAgent,TCGA_LUNG_Classification,0.05,19,True,1.0,1.0,0.931884210526316,1.0,0.9836555555555555,0.9319,0.1916,0.189,/work/Agent_benchmark/PathAgent/post_eval/TCGA_LUNG_Classification/ROI/roi_overlap_results.csv,True,True
TCGA-34-5232-01Z-00-DX1.7483c36b-8473-439b-a726-2821ec834fc2,PathAgent,TCGA_LUNG_Classification,0.05,26,True,1.0,1.0,0.38408846153846155,1.0,0.8321916666666667,0.3841,0.2519,0.1794,/work/Agent_benchmark/PathAgent/post_eval/TCGA_LUNG_Classification/ROI/roi_overlap_results.csv,False,True
TCGA-34-5240-01Z-00-DX1.03785f14-494a-4898-9ae0-59e64250c33b,PathAgent,TCGA_LUNG_Classification,0.05,34,True,1.0,1.0,0.6810382352941177,1.0,0.826975,0.681,0.1692,0.1568,/work/Agent_benchmark/PathAgent/post_eval/TCGA_LUNG_Classification/ROI/roi_overlap_results.csv,True,True
TCGA-34-5241-01Z-00-DX1.7abc4737-9a9c-4270-8297-58ea167cea63,PathAgent,TCGA_LUNG_Classification,0.05,24,True,1.0,1.0,0.16543333333333335,1.0,0.79408,0.1654,0.0144,0.0134,/work/Agent_benchmark/PathAgent/post_eval/TCGA_LUNG_Classification/ROI/roi_overlap_results.csv,False,True
TCGA-34-5928-01Z-00-DX1.d336efc9-3ebb-4457-a81b-1e448781f999,PathAgent,TCGA_LUNG_Classification,0.05,28,True,3.0,1.0,0.8318035714285715,1.0,0.9704375000000001,0.8318,0.1178,0.115,/work/Agent_benchmark/PathAgent/post_eval/TCGA_LUNG_Classification/ROI/roi_overlap_results.csv,False,True
TCGA-34-5929-01Z-00-DX1.a461aed7-0ba9-44dc-8f5b-941cb57aa855,PathAgent,TCGA_LUNG_Classification,0.05,22,True,1.0,1.0,0.9514772727272728,1.0,0.9514772727272728,0.9515,0.1626,0.1613,/work/Agent_benchmark/PathAgent/post_eval/TCGA_LUNG_Classification/ROI/roi_overlap_results.csv,True,True
TCGA-34-7107-01Z-00-DX1.c72202e6-740d-4891-945c-f360f7c56bc9,PathAgent,TCGA_LUNG_Classification,0.05,12,False,,0.0,0.0,,,0.0,0.0,0.0,/work/Agent_benchmark/PathAgent/post_eval/TCGA_LUNG_Classification/ROI/roi_overlap_results.csv,False,True
TCGA-34-8454-01Z-00-DX1.A2308ED3-E430-4448-853F-B51412354279,PathAgent,TCGA_LUNG_Classification,0.05,45,True,2.0,1.0,0.82038,1.0,0.9977594594594594,0.8204,0.0215,0.0214,/work/Agent_benchmark/PathAgent/post_eval/TCGA_LUNG_Classification/ROI/roi_overlap_results.csv,False,True
TCGA-34-8455-01Z-00-DX1.9B7A1CBA-0B53-4F2A-9AEC-D72FDB6553F7,PathAgent,TCGA_LUNG_Classification,0.05,36,False,,0.0239,0.0013277777777777778,,,0.0013,0.0001,0.0001,/work/Agent_benchmark/PathAgent/post_eval/TCGA_LUNG_Classification/ROI/roi_overlap_results.csv,True,True
TCGA-34-A5IX-01Z-00-DX1.E10EE7FC-91EA-4A39-8B1B-1312C8D9620B,PathAgent,TCGA_LUNG_Classification,0.05,36,True,7.0,1.0,0.2148138888888889,1.0,0.6383166666666666,0.2148,0.0484,0.0411,/work/Agent_benchmark/PathAgent/post_eval/TCGA_LUNG_Classification/ROI/roi_overlap_results.csv,False,True
TCGA-35-3615-01Z-00-DX1.585128eb-6652-4b05-9a83-dc8f242904a6,PathAgent,TCGA_LUNG_Classification,0.05,36,True,2.0,1.0,0.11629444444444445,1.0,0.38060000000000005,0.1009,0.0262,0.0213,/work/Agent_benchmark/PathAgent/post_eval/TCGA_LUNG_Classification/ROI/roi_overlap_results.csv,False,True
TCGA-35-4122-01Z-00-DX1.2ac022e4-e796-49e5-9a24-f0ff3f76a527,PathAgent,TCGA_LUNG_Classification,0.05,16,True,4.0,0.4864,0.0608,0.4864,0.4864,0.0608,0.0147,0.012,/work/Agent_benchmark/PathAgent/post_eval/TCGA_LUNG_Classification/ROI/roi_overlap_results.csv,False,True
TCGA-35-4123-01Z-00-DX1.990553a8-657e-49ec-9782-e6d30a4c4909,PathAgent,TCGA_LUNG_Classification,0.05,13,True,5.0,1.0,0.46153846153846156,1.0,1.0,0.4615,0.1338,0.1157,/work/Agent_benchmark/PathAgent/post_eval/TCGA_LUNG_Classification/ROI/roi_overlap_results.csv,True,True
TCGA-35-5375-01Z-00-DX1.10708170-750A-451B-BC10-0B4042540033,PathAgent,TCGA_LUNG_Classification,0.05,18,True,6.0,0.2677,0.07151666666666666,0.2677,0.18389999999999998,0.057,0.0125,0.0104,/work/Agent_benchmark/PathAgent/post_eval/TCGA_LUNG_Classification/ROI/roi_overlap_results.csv,False,True
TCGA-37-3789-01Z-00-DX1.d7a4923e-988e-45e9-a64e-30c983740614,PathAgent,TCGA_LUNG_Classification,0.05,18,True,3.0,0.7026,0.0931111111111111,0.7026,0.33520000000000005,0.0811,0.0166,0.014,/work/Agent_benchmark/PathAgent/post_eval/TCGA_LUNG_Classification/ROI/roi_overlap_results.csv,True,True
TCGA-37-3792-01Z-00-DX1.d95a9f5f-5bad-48fc-9f90-ed2580328b80,PathAgent,TCGA_LUNG_Classification,0.05,65,True,1.0,1.0,0.2920923076923077,1.0,0.5753333333333334,0.2829,0.1581,0.1129,/work/Agent_benchmark/PathAgent/post_eval/TCGA_LUNG_Classification/ROI/roi_overlap_results.csv,False,True
TCGA-37-4129-01Z-00-DX1.0b52aa1e-20d4-4084-8fa1-2f1b7f09dd5b,PathAgent,TCGA_LUNG_Classification,0.05,18,True,1.0,1.0,0.801111111111111,1.0,0.801111111111111,0.8011,0.0954,0.0932,/work/Agent_benchmark/PathAgent/post_eval/TCGA_LUNG_Classification/ROI/roi_overlap_results.csv,False,True
TCGA-37-4130-01Z-00-DX1.37ccfdfe-fc20-4809-8dc7-e342242d0bfa,PathAgent,TCGA_LUNG_Classification,0.05,24,True,5.0,0.7801,0.182775,0.7801,0.48379999999999995,0.2013,0.0222,0.0204,/work/Agent_benchmark/PathAgent/post_eval/TCGA_LUNG_Classification/ROI/roi_overlap_results.csv,True,True
TCGA-37-4132-01Z-00-DX1.5e5a564d-6561-48e7-a3a2-81a523392d8b,PathAgent,TCGA_LUNG_Classification,0.05,16,False,,0.0,0.0,,,0.0,0.0,0.0,/work/Agent_benchmark/PathAgent/post_eval/TCGA_LUNG_Classification/ROI/roi_overlap_results.csv,False,True
TCGA-37-4135-01Z-00-DX1.3f193ee1-530c-4f37-a669-56af75bba8db,PathAgent,TCGA_LUNG_Classification,0.05,30,True,1.0,1.0,0.20574666666666666,1.0,0.5611272727272727,0.1588,0.0359,0.0302,/work/Agent_benchmark/PathAgent/post_eval/TCGA_LUNG_Classification/ROI/roi_overlap_results.csv,False,True
TCGA-37-4141-01Z-00-DX1.65256656-b0e0-4705-ad00-38f6c8922cfc,PathAgent,TCGA_LUNG_Classification,0.05,13,True,2.0,1.0,0.30815384615384617,1.0,0.5722714285714287,0.3081,0.1139,0.0907,/work/Agent_benchmark/PathAgent/post_eval/TCGA_LUNG_Classification/ROI/roi_overlap_results.csv,True,True
TCGA-37-5819-01Z-00-DX1.3647F836-7BB4-4D41-A85E-CFC0B5CBA216,PathAgent,TCGA_LUNG_Classification,0.05,35,True,9.0,1.0,0.20764285714285716,1.0,0.42516470588235294,0.2076,0.0612,0.0496,/work/Agent_benchmark/PathAgent/post_eval/TCGA_LUNG_Classification/ROI/roi_overlap_results.csv,False,True
TCGA-37-A5EL-01Z-00-DX1.DFD49A5B-27F6-407E-8ADA-54EDACAA0788,PathAgent,TCGA_LUNG_Classification,0.05,9,True,2.0,0.129,0.037755555555555556,0.129,0.10186666666666666,0.0419,0.0043,0.0039,/work/Agent_benchmark/PathAgent/post_eval/TCGA_LUNG_Classification/ROI/roi_overlap_results.csv,True,True
TCGA-37-A5EM-01Z-00-DX1.FF7B9A1C-9D2C-43E4-9AE9-711214ACF77D,PathAgent,TCGA_LUNG_Classification,0.05,8,True,1.0,1.0,0.9452125,1.0,0.9452125,0.9452,0.1238,0.1229,/work/Agent_benchmark/PathAgent/post_eval/TCGA_LUNG_Classification/ROI/roi_overlap_results.csv,True,True
TCGA-37-A5EN-01Z-00-DX1.C389C26A-2B88-4DCA-9B32-FEECDFFC35A6,PathAgent,TCGA_LUNG_Classification,0.05,11,True,1.0,1.0,0.9795909090909092,1.0,0.9795909090909092,0.9796,0.1232,0.1229,/work/Agent_benchmark/PathAgent/post_eval/TCGA_LUNG_Classification/ROI/roi_overlap_results.csv,True,True
TCGA-38-4625-01Z-00-DX1.ffdbfc1d-7a21-4e67-a54f-89597bd14a7f,PathAgent,TCGA_LUNG_Classification,0.05,13,True,2.0,1.0,0.4322,1.0,0.8026571428571428,0.4322,0.1166,0.1011,/work/Agent_benchmark/PathAgent/post_eval/TCGA_LUNG_Classification/ROI/roi_overlap_results.csv,True,True
TCGA-38-4626-01Z-00-DX1.142bc018-bd79-4db9-84e2-f83a617ea92a,PathAgent,TCGA_LUNG_Classification,0.05,48,True,3.0,1.0,0.31163541666666666,1.0,0.5738923076923077,0.3051,0.0798,0.0676,/work/Agent_benchmark/PathAgent/post_eval/TCGA_LUNG_Classification/ROI/roi_overlap_results.csv,False,True
TCGA-38-4627-01Z-00-DX1.fe406eb9-b38b-410d-aa1a-84ab8ac091c7,PathAgent,TCGA_LUNG_Classification,0.05,21,True,6.0,1.0,0.3764857142857143,1.0,0.988275,0.3765,0.0341,0.0323,/work/Agent_benchmark/PathAgent/post_eval/TCGA_LUNG_Classification/ROI/roi_overlap_results.csv,True,True
TCGA-38-4628-01Z-00-DX1.eee4f100-142f-4d9c-8e38-b16aab123413,PathAgent,TCGA_LUNG_Classification,0.05,8,False,,0.0,0.0,,,0.0,0.0,0.0,/work/Agent_benchmark/PathAgent/post_eval/TCGA_LUNG_Classification/ROI/roi_overlap_results.csv,True,True
TCGA-38-4629-01Z-00-DX1.d00cc280-5370-4b9f-9655-6c35deb94647,PathAgent,TCGA_LUNG_Classification,0.05,13,True,2.0,1.0,0.1581769230769231,1.0,0.6854333333333334,0.1582,0.0449,0.0362,/work/Agent_benchmark/PathAgent/post_eval/TCGA_LUNG_Classification/ROI/roi_overlap_results.csv,True,True
TCGA-38-4630-01Z-00-DX1.d08d0193-c5ed-4db8-b236-1a4c3c3177b8,PathAgent,TCGA_LUNG_Classification,0.05,18,True,2.0,1.0,0.4444444444444444,1.0,1.0,0.4444,0.1055,0.0932,/work/Agent_benchmark/PathAgent/post_eval/TCGA_LUNG_Classification/ROI/roi_overlap_results.csv,False,True
TCGA-38-4631-01Z-00-DX1.5e0c873a-9c4c-4e0b-bf2e-e3cd8b760761,PathAgent,TCGA_LUNG_Classification,0.05,12,True,4.0,0.1191,0.026225,0.1191,0.1049,0.0393,0.0106,0.0084,/work/Agent_benchmark/PathAgent/post_eval/TCGA_LUNG_Classification/ROI/roi_overlap_results.csv,True,True
TCGA-38-4632-01Z-00-DX1.5E05F85C-53BC-4280-8E7F-8B9DECEF849F,PathAgent,TCGA_LUNG_Classification,0.05,9,True,5.0,1.0,0.3215444444444444,1.0,0.9646333333333333,0.3215,0.1238,0.0981,/work/Agent_benchmark/PathAgent/post_eval/TCGA_LUNG_Classification/ROI/roi_overlap_results.csv,False,True
TCGA-38-6178-01Z-00-DX1.5932337D-BA2B-455D-9E34-22961EFA2170,PathAgent,TCGA_LUNG_Classification,0.05,24,True,1.0,1.0,0.6157125,1.0,0.98514,0.6157,0.1679,0.152,/work/Agent_benchmark/PathAgent/post_eval/TCGA_LUNG_Classification/ROI/roi_overlap_results.csv,False,True
TCGA-38-A44F-01Z-00-DX1.B9958072-D8BB-40DD-B28E-2E83CE2B550B,PathAgent,TCGA_LUNG_Classification,0.05,22,False,,0.0,0.0,,,0.0,0.0,0.0,/work/Agent_benchmark/PathAgent/post_eval/TCGA_LUNG_Classification/ROI/roi_overlap_results.csv,False,True
TCGA-39-5011-01Z-00-DX1.be58f65a-0b90-4ba4-bc5f-df74d4a3df22,PathAgent,TCGA_LUNG_Classification,0.05,11,True,1.0,1.0,0.6381272727272727,1.0,0.6381272727272727,0.6381,0.1057,0.0997,/work/Agent_benchmark/PathAgent/post_eval/TCGA_LUNG_Classification/ROI/roi_overlap_results.csv,False,True
TCGA-39-5016-01Z-00-DX1.b568cdcd-f8bf-4917-ae40-dbd505c36d1e,PathAgent,TCGA_LUNG_Classification,0.05,12,True,3.0,0.4312,0.15751666666666667,0.4312,0.236275,0.1575,0.0088,0.0084,/work/Agent_benchmark/PathAgent/post_eval/TCGA_LUNG_Classification/ROI/roi_overlap_results.csv,False,True
TCGA-39-5019-01Z-00-DX1.FE0485DE-AEB3-443F-AFCA-C186C336F7EC,PathAgent,TCGA_LUNG_Classification,0.05,30,True,6.0,1.0,0.17910666666666666,1.0,0.7665857142857142,0.1578,0.0097,0.0092,/work/Agent_benchmark/PathAgent/post_eval/TCGA_LUNG_Classification/ROI/roi_overlap_results.csv,False,True
TCGA-39-5021-01Z-00-DX1.4d22d3ca-cb06-43d0-aba7-583f1d706105,PathAgent,TCGA_LUNG_Classification,0.05,5,True,1.0,1.0,1.0,1.0,1.0,1.0,0.0213,0.0213,/work/Agent_benchmark/PathAgent/post_eval/TCGA_LUNG_Classification/ROI/roi_overlap_results.csv,False,True
TCGA-39-5022-01Z-00-DX1.1bf6a4da-0b59-4478-bcf1-b004f0356342,PathAgent,TCGA_LUNG_Classification,0.05,8,False,,0.0,0.0,,,0.0,0.0,0.0,/work/Agent_benchmark/PathAgent/post_eval/TCGA_LUNG_Classification/ROI/roi_overlap_results.csv,False,True
TCGA-39-5024-01Z-00-DX1.b159135e-c9d5-4768-83a6-1de9961d20ad,PathAgent,TCGA_LUNG_Classification,0.05,8,False,,0.0,0.0,,,0.0,0.0,0.0,/work/Agent_benchmark/PathAgent/post_eval/TCGA_LUNG_Classification/ROI/roi_overlap_results.csv,True,True
TCGA-39-5027-01Z-00-DX1.54a3e035-7178-4786-870b-1f6adfb82331,PathAgent,TCGA_LUNG_Classification,0.05,20,False,,0.0,0.0,,,0.0,0.0,0.0,/work/Agent_benchmark/PathAgent/post_eval/TCGA_LUNG_Classification/ROI/roi_overlap_results.csv,True,True
TCGA-39-5028-01Z-00-DX1.7994ec22-746d-4c30-8138-e6c9bc67c71f,PathAgent,TCGA_LUNG_Classification,0.05,7,True,6.0,0.9612,0.17161428571428572,0.9612,0.60065,0.1716,0.0522,0.0417,/work/Agent_benchmark/PathAgent/post_eval/TCGA_LUNG_Classification/ROI/roi_overlap_results.csv,False,True
TCGA-39-5029-01Z-00-DX1.74c5cb38-650e-4fe7-bc63-f6e88761346d,PathAgent,TCGA_LUNG_Classification,0.05,9,True,1.0,0.5104,0.20907777777777778,0.5104,0.30851666666666666,0.3085,0.0287,0.027,/work/Agent_benchmark/PathAgent/post_eval/TCGA_LUNG_Classification/ROI/roi_overlap_results.csv,True,True
TCGA-39-5030-01Z-00-DX1.09d96fb6-9a19-40ae-967e-49f378340f9b,PathAgent,TCGA_LUNG_Classification,0.05,15,True,3.0,0.2706,0.07784666666666666,0.2706,0.1822,0.0821,0.0286,0.0217,/work/Agent_benchmark/PathAgent/post_eval/TCGA_LUNG_Classification/ROI/roi_overlap_results.csv,True,True
TCGA-39-5034-01Z-00-DX1.fb4191aa-07dc-4615-ac71-b9e4c67ed28b,PathAgent,TCGA_LUNG_Classification,0.05,7,True,1.0,1.0,0.8516,1.0,0.8516,0.8516,0.1692,0.1644,/work/Agent_benchmark/PathAgent/post_eval/TCGA_LUNG_Classification/ROI/roi_overlap_results.csv,True,True
TCGA-39-5035-01Z-00-DX1.ad5d9143-f194-4cef-9a13-03190cf97ccf,PathAgent,TCGA_LUNG_Classification,0.05,5,True,1.0,1.0,0.9986,1.0,0.9986,0.9986,0.1235,0.1235,/work/Agent_benchmark/PathAgent/post_eval/TCGA_LUNG_Classification/ROI/roi_overlap_results.csv,True,True
TCGA-39-5037-01Z-00-DX1.02636c3e-c843-4741-8fbf-406957fe9d87,PathAgent,TCGA_LUNG_Classification,0.05,7,True,1.0,0.6169,0.34035714285714286,0.6169,0.34035714285714286,0.317,0.6175,0.265,/work/Agent_benchmark/PathAgent/post_eval/TCGA_LUNG_Classification/ROI/roi_overlap_results.csv,True,True
TCGA-39-5039-01Z-00-DX1.29f1281d-93d7-4499-bfce-19eeeb1870a4,PathAgent,TCGA_LUNG_Classification,0.05,15,True,10.0,0.1869,0.01246,0.1869,0.1869,0.0187,0.0029,0.0025,/work/Agent_benchmark/PathAgent/post_eval/TCGA_LUNG_Classification/ROI/roi_overlap_results.csv,False,True
TCGA-39-5040-01Z-00-DX1.F314DFF3-AEBE-4171-8F04-5D2A61FDE208,PathAgent,TCGA_LUNG_Classification,0.05,48,True,19.0,1.0,0.14330416666666668,1.0,0.8598250000000001,0.1075,0.0154,0.0137,/work/Agent_benchmark/PathAgent/post_eval/TCGA_LUNG_Classification/ROI/roi_overlap_results.csv,False,True
TCGA-43-2576-01Z-00-DX1.779df209-95e1-4303-9c32-4083e8088d8e,PathAgent,TCGA_LUNG_Classification,0.05,2,False,,0.0,0.0,,,0.0,0.0,0.0,/work/Agent_benchmark/PathAgent/post_eval/TCGA_LUNG_Classification/ROI/roi_overlap_results.csv,False,True
TCGA-43-2578-01Z-00-DX1.3314c57b-2875-4cb3-8fff-cb9cf65aa697,PathAgent,TCGA_LUNG_Classification,0.05,4,True,3.0,1.0,0.25,1.0,1.0,0.25,0.0184,0.0174,/work/Agent_benchmark/PathAgent/post_eval/TCGA_LUNG_Classification/ROI/roi_overlap_results.csv,False,True
TCGA-43-2581-01Z-00-DX1.0d1203cf-9ac9-49a2-8bd0-063ceae7b1d3,PathAgent,TCGA_LUNG_Classification,0.05,7,True,3.0,1.0,0.28354285714285715,1.0,0.9924,0.2835,0.1045,0.0827,/work/Agent_benchmark/PathAgent/post_eval/TCGA_LUNG_Classification/ROI/roi_overlap_results.csv,False,True
TCGA-43-3394-01Z-00-DX1.4c2f49b9-9dac-41d8-a62b-64c8928caa3c,PathAgent,TCGA_LUNG_Classification,0.05,17,True,1.0,1.0,0.3827764705882353,1.0,0.9296,0.3828,0.0706,0.0634,/work/Agent_benchmark/PathAgent/post_eval/TCGA_LUNG_Classification/ROI/roi_overlap_results.csv,True,True
TCGA-43-3920-01Z-00-DX1.33ab7101-e3e6-4156-9c16-efae940c8156,PathAgent,TCGA_LUNG_Classification,0.05,16,True,7.0,1.0,0.37384375000000003,1.0,0.9969166666666668,0.3738,0.0909,0.0789,/work/Agent_benchmark/PathAgent/post_eval/TCGA_LUNG_Classification/ROI/roi_overlap_results.csv,False,True
TCGA-43-5668-01Z-00-DX1.0d024872-fbcc-4e91-948b-acc96a00d5eb,PathAgent,TCGA_LUNG_Classification,0.05,12,True,4.0,0.9983,0.223025,0.9983,0.8921,0.223,0.0998,0.074,/work/Agent_benchmark/PathAgent/post_eval/TCGA_LUNG_Classification/ROI/roi_overlap_results.csv,True,True
TCGA-43-5670-01Z-00-DX1.1b5d262e-1f39-4f6f-883c-52101b57791f,PathAgent,TCGA_LUNG_Classification,0.05,28,True,6.0,0.4734,0.017639285714285715,0.4734,0.4734,0.0238,0.0241,0.0121,/work/Agent_benchmark/PathAgent/post_eval/TCGA_LUNG_Classification/ROI/roi_overlap_results.csv,False,True
TCGA-43-6143-01Z-00-DX1.52d974a8-3f07-4e7f-8d3f-5d47f321298c,PathAgent,TCGA_LUNG_Classification,0.05,10,False,,0.0,0.0,,,0.0,0.0,0.0,/work/Agent_benchmark/PathAgent/post_eval/TCGA_LUNG_Classification/ROI/roi_overlap_results.csv,False,True
TCGA-43-6647-01Z-00-DX1.ac38a9bb-d5af-42c1-b96c-c1d6b958dd17,PathAgent,TCGA_LUNG_Classification,0.05,16,True,2.0,1.0,0.10804375,1.0,0.34574000000000005,0.1265,0.0845,0.0534,/work/Agent_benchmark/PathAgent/post_eval/TCGA_LUNG_Classification/ROI/roi_overlap_results.csv,True,True
TCGA-43-6770-01Z-00-DX1.466dd07f-b147-48bb-9349-fe1f5f3bcae5,PathAgent,TCGA_LUNG_Classification,0.05,11,True,1.0,1.0,0.45454545454545453,1.0,1.0,0.4545,0.187,0.1527,/work/Agent_benchmark/PathAgent/post_eval/TCGA_LUNG_Classification/ROI/roi_overlap_results.csv,False,True
TCGA-43-6771-01Z-00-DX1.445d4d3f-6a28-4ea7-b7ab-612366c7bb4b,PathAgent,TCGA_LUNG_Classification,0.05,20,True,7.0,0.5837,0.03827,0.5837,0.37815,0.051,0.0244,0.0168,/work/Agent_benchmark/PathAgent/post_eval/TCGA_LUNG_Classification/ROI/roi_overlap_results.csv,True,True
TCGA-43-6773-01Z-00-DX1.a05f9597-51b5-4a5a-9936-c61535b115bb,PathAgent,TCGA_LUNG_Classification,0.05,20,True,3.0,1.0,0.347905,1.0,0.69489,0.3835,0.0455,0.0424,/work/Agent_benchmark/PathAgent/post_eval/TCGA_LUNG_Classification/ROI/roi_overlap_results.csv,False,True
TCGA-43-7656-01Z-00-DX1.6076ce10-fcb2-4f29-b3f3-c3f5649dc469,PathAgent,TCGA_LUNG_Classification,0.05,10,False,,0.0094,0.0009400000000000001,,,0.0019,0.0007,0.0005,/work/Agent_benchmark/PathAgent/post_eval/TCGA_LUNG_Classification/ROI/roi_overlap_results.csv,False,True
TCGA-43-7657-01Z-00-DX1.d8a5d257-c5ca-4192-b6a7-4698b8390fca,PathAgent,TCGA_LUNG_Classification,0.05,6,True,1.0,1.0,1.0,1.0,1.0,1.0,0.2848,0.2848,/work/Agent_benchmark/PathAgent/post_eval/TCGA_LUNG_Classification/ROI/roi_overlap_results.csv,True,True
TCGA-43-7658-01Z-00-DX1.db69fbb6-59d7-49f5-adbf-f9c030b85b73,PathAgent,TCGA_LUNG_Classification,0.05,5,True,1.0,1.0,0.98134,1.0,0.98134,0.9813,0.0251,0.0251,/work/Agent_benchmark/PathAgent/post_eval/TCGA_LUNG_Classification/ROI/roi_overlap_results.csv,False,True
TCGA-43-8115-01Z-00-DX1.1CFF45F8-6155-498C-AA52-269E6547FE0D,PathAgent,TCGA_LUNG_Classification,0.05,4,True,1.0,1.0,1.0,1.0,1.0,1.0,0.0404,0.0404,/work/Agent_benchmark/PathAgent/post_eval/TCGA_LUNG_Classification/ROI/roi_overlap_results.csv,False,True
TCGA-43-A474-01Z-00-DX1.9BCC325D-875A-4285-85E9-2EA550A10949,PathAgent,TCGA_LUNG_Classification,0.05,16,True,2.0,0.9892,0.11678749999999999,0.9892,0.2649285714285714,0.1508,0.0671,0.0487,/work/Agent_benchmark/PathAgent/post_eval/TCGA_LUNG_Classification/ROI/roi_overlap_results.csv,True,True
TCGA-43-A475-01Z-00-DX1.48694B33-6070-4D6E-9CE4-BDEF072500A1,PathAgent,TCGA_LUNG_Classification,0.05,12,True,2.0,0.693,0.1900333333333333,0.693,0.3800666666666666,0.2068,0.0826,0.0627,/work/Agent_benchmark/PathAgent/post_eval/TCGA_LUNG_Classification/ROI/roi_overlap_results.csv,True,True
TCGA-43-A56U-01Z-00-DX1.B60C921A-4EE4-4CAE-9E55-311C7D2DA9E4,PathAgent,TCGA_LUNG_Classification,0.05,3,False,,0.0,0.0,,,0.0,0.0,0.0,/work/Agent_benchmark/PathAgent/post_eval/TCGA_LUNG_Classification/ROI/roi_overlap_results.csv,True,True
TCGA-43-A56V-01Z-00-DX1.AA93FE03-FA7D-42C4-A118-B98C2400D9DA,PathAgent,TCGA_LUNG_Classification,0.05,12,False,,0.0,0.0,,,0.0,0.0,0.0,/work/Agent_benchmark/PathAgent/post_eval/TCGA_LUNG_Classification/ROI/roi_overlap_results.csv,True,True
TCGA-44-2655-01Z-00-DX1.ee255271-780c-461c-ab23-5cd3504b5e4a,PathAgent,TCGA_LUNG_Classification,0.05,3,False,,0.0,0.0,,,0.0,0.0,0.0,/work/Agent_benchmark/PathAgent/post_eval/TCGA_LUNG_Classification/ROI/roi_overlap_results.csv,True,True
TCGA-44-2656-01Z-00-DX1.5f247f31-4bb5-460d-a1f7-7dcdba33c835,PathAgent,TCGA_LUNG_Classification,0.05,20,False,,0.0,0.0,,,0.0,0.0,0.0,/work/Agent_benchmark/PathAgent/post_eval/TCGA_LUNG_Classification/ROI/roi_overlap_results.csv,True,True
TCGA-44-2657-01Z-00-DX1.b7f608bd-2381-40a2-a757-ca4648a7de8a,PathAgent,TCGA_LUNG_Classification,0.05,10,True,5.0,0.3119,0.04376,0.3119,0.2188,0.0438,0.0521,0.0244,/work/Agent_benchmark/PathAgent/post_eval/TCGA_LUNG_Classification/ROI/roi_overlap_results.csv,False,True
TCGA-44-2661-01Z-00-DX1.20cfa0f8-e3ca-4c26-9dfe-b9d416cd94b1,PathAgent,TCGA_LUNG_Classification,0.05,18,True,5.0,1.0,0.2777777777777778,1.0,1.0,0.2778,0.0155,0.0149,/work/Agent_benchmark/PathAgent/post_eval/TCGA_LUNG_Classification/ROI/roi_overlap_results.csv,False,True
TCGA-44-2662-01Z-00-DX1.398f3f84-fd48-4454-b789-a3e90cd36d73,PathAgent,TCGA_LUNG_Classification,0.05,14,True,3.0,1.0,0.2857142857142857,1.0,1.0,0.2857,0.0204,0.0194,/work/Agent_benchmark/PathAgent/post_eval/TCGA_LUNG_Classification/ROI/roi_overlap_results.csv,False,True
TCGA-44-2664-01Z-00-DX1.35c75ae5-eee0-4e69-a13a-31b5fad9869a,PathAgent,TCGA_LUNG_Classification,0.05,12,True,2.0,0.614,0.09928333333333333,0.614,0.29785,0.0722,0.0383,0.0257,/work/Agent_benchmark/PathAgent/post_eval/TCGA_LUNG_Classification/ROI/roi_overlap_results.csv,False,True
TCGA-44-2665-01Z-00-DX1.d429e37e-3915-4da6-b5bc-bf2f09f4fbf7,PathAgent,TCGA_LUNG_Classification,0.05,6,True,2.0,1.0,0.32911666666666667,1.0,0.98735,0.3291,0.0824,0.0706,/work/Agent_benchmark/PathAgent/post_eval/TCGA_LUNG_Classification/ROI/roi_overlap_results.csv,False,True
TCGA-44-2666-01Z-00-DX1.f81a89cf-6033-47ea-9a43-290a5d6a28c1,PathAgent,TCGA_LUNG_Classification,0.05,12,True,4.0,0.3401,0.11264999999999999,0.3401,0.33795,0.1127,0.0276,0.0226,/work/Agent_benchmark/PathAgent/post_eval/TCGA_LUNG_Classification/ROI/roi_overlap_results.csv,True,True
TCGA-44-2668-01Z-00-DX1.f66fa464-dad1-4a9f-8486-3d7579ca42b6,PathAgent,TCGA_LUNG_Classification,0.05,6,False,,0.0008,0.00013333333333333334,,,0.0003,0.0001,0.0001,/work/Agent_benchmark/PathAgent/post_eval/TCGA_LUNG_Classification/ROI/roi_overlap_results.csv,True,True
TCGA-44-3396-01Z-00-DX1.187b0a68-ad51-4fcd-819c-b74a8599dbe9,PathAgent,TCGA_LUNG_Classification,0.05,11,True,1.0,1.0,0.4416909090909091,1.0,0.8097666666666666,0.4417,0.1136,0.0994,/work/Agent_benchmark/PathAgent/post_eval/TCGA_LUNG_Classification/ROI/roi_overlap_results.csv,False,True
TCGA-44-3398-01Z-00-DX1.74757c91-a0c6-4e7f-b2db-8748c68ffa44,PathAgent,TCGA_LUNG_Classification,0.05,6,True,1.0,1.0,0.8859166666666667,1.0,0.8859166666666667,0.8859,0.1095,0.1079,/work/Agent_benchmark/PathAgent/post_eval/TCGA_LUNG_Classification/ROI/roi_overlap_results.csv,True,True
TCGA-44-3917-01Z-00-DX1.cf5b5b49-de5e-4f2e-90b4-b138f55560a9,PathAgent,TCGA_LUNG_Classification,0.05,10,True,1.0,1.0,0.25071,1.0,0.50142,0.2507,0.1321,0.0947,/work/Agent_benchmark/PathAgent/post_eval/TCGA_LUNG_Classification/ROI/roi_overlap_results.csv,False,True
TCGA-44-3918-01Z-00-DX1.6da70a8b-6307-423a-9d2d-380c16962855,PathAgent,TCGA_LUNG_Classification,0.05,16,True,2.0,1.0,0.5,1.0,1.0,0.5,0.1272,0.1129,/work/Agent_benchmark/PathAgent/post_eval/TCGA_LUNG_Classification/ROI/roi_overlap_results.csv,False,True
TCGA-44-3919-01Z-00-DX1.41144972-46a1-4b25-9faa-ed1b9d1996d2,PathAgent,TCGA_LUNG_Classification,0.05,3,True,2.0,0.3094,0.20626666666666668,0.3094,0.3094,0.1547,0.0271,0.0236,/work/Agent_benchmark/PathAgent/post_eval/TCGA_LUNG_Classification/ROI/roi_overlap_results.csv,False,True
TCGA-44-4112-01Z-00-DX1.5380b3b4-0e24-4c6c-aa8c-298c5fbe068f,PathAgent,TCGA_LUNG_Classification,0.05,18,True,1.0,0.6443,0.09688888888888889,0.6443,0.43599999999999994,0.0916,0.0325,0.0246,/work/Agent_benchmark/PathAgent/post_eval/TCGA_LUNG_Classification/ROI/roi_overlap_results.csv,True,True
TCGA-44-5643-01Z-00-DX1.83fb7631-0ecb-4473-bfb2-c8daa2f87d35,PathAgent,TCGA_LUNG_Classification,0.05,20,True,8.0,0.9162,0.15992,0.9162,0.5257333333333333,0.1517,0.2082,0.0962,/work/Agent_benchmark/PathAgent/post_eval/TCGA_LUNG_Classification/ROI/roi_overlap_results.csv,True,True
TCGA-44-5644-01Z-00-DX1.7e4edaa7-25c6-49f4-81bc-f50d6c5fac38,PathAgent,TCGA_LUNG_Classification,0.05,21,False,,0.0,0.0,,,0.0,0.0,0.0,/work/Agent_benchmark/PathAgent/post_eval/TCGA_LUNG_Classification/ROI/roi_overlap_results.csv,True,True
TCGA-44-5645-01Z-00-DX1.8b0d89d7-7849-49a6-a2f5-a8faf2c5aab4,PathAgent,TCGA_LUNG_Classification,0.05,20,True,2.0,0.7959,0.11795499999999999,0.7959,0.3931833333333333,0.0976,0.0557,0.0367,/work/Agent_benchmark/PathAgent/post_eval/TCGA_LUNG_Classification/ROI/roi_overlap_results.csv,True,True
TCGA-44-6144-01Z-00-DX1.604b3c7c-92e8-474a-bae8-e48415ea6196,PathAgent,TCGA_LUNG_Classification,0.05,2,True,1.0,1.0,0.59095,1.0,0.59095,0.1819,0.0159,0.0148,/work/Agent_benchmark/PathAgent/post_eval/TCGA_LUNG_Classification/ROI/roi_overlap_results.csv,True,True
TCGA-44-6145-01Z-00-DX1.175ad655-b054-407d-bb22-3a4f85849488,PathAgent,TCGA_LUNG_Classification,0.05,8,True,2.0,1.0,0.4746875,1.0,0.949375,0.4747,0.1231,0.1083,/work/Agent_benchmark/PathAgent/post_eval/TCGA_LUNG_Classification/ROI/roi_overlap_results.csv,True,True
TCGA-44-6146-01Z-00-DX1.8db8c567-690e-4df3-98a9-f241b6a8d811,PathAgent,TCGA_LUNG_Classification,0.05,7,True,1.0,1.0,0.24882857142857143,1.0,0.8709,0.2488,0.0145,0.0138,/work/Agent_benchmark/PathAgent/post_eval/TCGA_LUNG_Classification/ROI/roi_overlap_results.csv,True,True
TCGA-44-6147-01Z-00-DX1.a34a9f49-e86b-43ee-9e2d-7ef35da0aecf,PathAgent,TCGA_LUNG_Classification,0.05,8,True,3.0,0.9831,0.1228875,0.9831,0.9831,0.1229,0.0527,0.0383,/work/Agent_benchmark/PathAgent/post_eval/TCGA_LUNG_Classification/ROI/roi_overlap_results.csv,False,True
TCGA-44-6148-01Z-00-DX1.94c29c83-1085-458f-a0c9-3ffa8592cb98,PathAgent,TCGA_LUNG_Classification,0.05,9,True,6.0,1.0,0.3333333333333333,1.0,1.0,0.3333,0.0016,0.0016,/work/Agent_benchmark/PathAgent/post_eval/TCGA_LUNG_Classification/ROI/roi_overlap_results.csv,True,True
TCGA-44-6774-01Z-00-DX1.f169485b-f863-4be0-9844-258d78170b64,PathAgent,TCGA_LUNG_Classification,0.05,8,True,1.0,1.0,0.4981625,1.0,0.996325,0.4982,0.1246,0.1107,/work/Agent_benchmark/PathAgent/post_eval/TCGA_LUNG_Classification/ROI/roi_overlap_results.csv,False,True
TCGA-44-6775-01Z-00-DX1.38d3bc6d-8bb5-4126-8d61-d39e6a1d7bcf,PathAgent,TCGA_LUNG_Classification,0.05,14,True,3.0,1.0,0.35714285714285715,1.0,1.0,0.3571,0.1669,0.1283,/work/Agent_benchmark/PathAgent/post_eval/TCGA_LUNG_Classification/ROI/roi_overlap_results.csv,True,True
TCGA-44-6776-01Z-00-DX1.551e200f-5f40-4b95-8b2f-7c6000a21be0,PathAgent,TCGA_LUNG_Classification,0.05,30,False,,0.0,0.0,,,0.0,0.0,0.0,/work/Agent_benchmark/PathAgent/post_eval/TCGA_LUNG_Classification/ROI/roi_overlap_results.csv,True,True
TCGA-44-6777-01Z-00-DX1.aca7b23d-a601-4476-8bfd-eb46f0b6a96e,PathAgent,TCGA_LUNG_Classification,0.05,19,True,1.0,1.0,0.7368421052631579,1.0,1.0,0.7368,0.0266,0.0264,/work/Agent_benchmark/PathAgent/post_eval/TCGA_LUNG_Classification/ROI/roi_overlap_results.csv,False,True
TCGA-44-6778-01Z-00-DX1.5e932267-cc68-4a8e-a660-fe2cc0c59ff4,PathAgent,TCGA_LUNG_Classification,0.05,9,True,1.0,1.0,0.6664222222222222,1.0,0.9996333333333333,0.6664,0.1605,0.1486,/work/Agent_benchmark/PathAgent/post_eval/TCGA_LUNG_Classification/ROI/roi_overlap_results.csv,True,True
TCGA-44-6779-01Z-00-DX1.40f10ad8-55f3-4043-a89b-37d33a26dd8c,PathAgent,TCGA_LUNG_Classification,0.05,9,True,2.0,0.3086,0.03428888888888889,0.3086,0.3086,0.0514,0.0099,0.0084,/work/Agent_benchmark/PathAgent/post_eval/TCGA_LUNG_Classification/ROI/roi_overlap_results.csv,False,True
TCGA-44-7659-01Z-00-DX1.818bf5b3-b4c1-4d23-a6ae-98d5015eb8c1,PathAgent,TCGA_LUNG_Classification,0.05,12,True,2.0,0.2631,0.08635,0.2631,0.20724,0.0859,0.0274,0.0212,/work/Agent_benchmark/PathAgent/post_eval/TCGA_LUNG_Classification/ROI/roi_overlap_results.csv,False,True
TCGA-44-7660-01Z-00-DX1.f96c114b-f0fc-498a-97cc-e262344de357,PathAgent,TCGA_LUNG_Classification,0.05,12,True,5.0,1.0,0.3743916666666666,1.0,0.8985399999999999,0.3744,0.0396,0.0372,/work/Agent_benchmark/PathAgent/post_eval/TCGA_LUNG_Classification/ROI/roi_overlap_results.csv,True,True
TCGA-44-7662-01Z-00-DX1.2f0b6cea-795a-40ad-93a9-319858e6fb3b,PathAgent,TCGA_LUNG_Classification,0.05,2,True,2.0,0.564,0.282,0.564,0.564,0.282,0.0635,0.0547,/work/Agent_benchmark/PathAgent/post_eval/TCGA_LUNG_Classification/ROI/roi_overlap_results.csv,False,True
TCGA-44-7667-01Z-00-DX1.2be2e379-7368-4fa7-a619-ace84febecb3,PathAgent,TCGA_LUNG_Classification,0.05,10,False,,0.0,0.0,,,0.0,0.0,0.0,/work/Agent_benchmark/PathAgent/post_eval/TCGA_LUNG_Classification/ROI/roi_overlap_results.csv,True,True
TCGA-44-7669-01Z-00-DX1.34d0c9ac-d3dc-4a5e-b99c-a8c1c1e120d1,PathAgent,TCGA_LUNG_Classification,0.05,8,True,1.0,1.0,0.931675,1.0,0.931675,0.9317,0.1326,0.1313,/work/Agent_benchmark/PathAgent/post_eval/TCGA_LUNG_Classification/ROI/roi_overlap_results.csv,False,True
TCGA-44-7670-01Z-00-DX1.2a981dd6-0063-438e-b20e-b180b16e2b23,PathAgent,TCGA_LUNG_Classification,0.05,16,True,1.0,1.0,0.8090625,1.0,0.9957692307692307,0.8091,0.4741,0.4264,/work/Agent_benchmark/PathAgent/post_eval/TCGA_LUNG_Classification/ROI/roi_overlap_results.csv,True,True
TCGA-44-7671-01Z-00-DX1.00297baa-00e7-4894-a7b8-c9ac2a9d42d8,PathAgent,TCGA_LUNG_Classification,0.05,10,True,4.0,0.387,0.04587,0.387,0.22935,0.0573,0.0337,0.0217,/work/Agent_benchmark/PathAgent/post_eval/TCGA_LUNG_Classification/ROI/roi_overlap_results.csv,False,True
TCGA-44-7672-01Z-00-DX1.71f4a0c6-a9cc-481c-ace8-c8c314952aa1,PathAgent,TCGA_LUNG_Classification,0.05,6,True,1.0,1.0,0.2237,1.0,0.4474,0.1141,0.0126,0.0114,/work/Agent_benchmark/PathAgent/post_eval/TCGA_LUNG_Classification/ROI/roi_overlap_results.csv,True,True
TCGA-44-8119-01Z-00-DX1.1EBEBFA7-22DB-4365-9DF8-C4E679C11312,PathAgent,TCGA_LUNG_Classification,0.05,5,True,3.0,0.264,0.10333999999999999,0.264,0.25834999999999997,0.1033,0.1272,0.0605,/work/Agent_benchmark/PathAgent/post_eval/TCGA_LUNG_Classification/ROI/roi_overlap_results.csv,False,True
TCGA-44-A479-01Z-00-DX1.CA5654C6-A623-452E-A8AC-DB6279CA97B1,PathAgent,TCGA_LUNG_Classification,0.05,17,True,5.0,1.0,0.23529411764705882,1.0,1.0,0.2353,0.0131,0.0126,/work/Agent_benchmark/PathAgent/post_eval/TCGA_LUNG_Classification/ROI/roi_overlap_results.csv,True,True
TCGA-44-A47A-01Z-00-DX1.62448803-3A7B-41EC-9794-67916DA0792E,PathAgent,TCGA_LUNG_Classification,0.05,25,True,2.0,0.5601,0.06452000000000001,0.5601,0.3226,0.0645,0.0552,0.0306,/work/Agent_benchmark/PathAgent/post_eval/TCGA_LUNG_Classification/ROI/roi_overlap_results.csv,False,True
TCGA-44-A47B-01Z-00-DX1.177D0531-E037-435B-BFD4-382B2150B10D,PathAgent,TCGA_LUNG_Classification,0.05,8,True,3.0,0.6113,0.1812375,0.6113,0.362475,0.0806,0.1927,0.0603,/work/Agent_benchmark/PathAgent/post_eval/TCGA_LUNG_Classification/ROI/roi_overlap_results.csv,False,True
TCGA-44-A47F-01Z-00-DX1.C1EC3F2D-33C8-483B-9DDA-2F01B5FED618,PathAgent,TCGA_LUNG_Classification,0.05,4,False,,0.0,0.0,,,0.0,0.0,0.0,/work/Agent_benchmark/PathAgent/post_eval/TCGA_LUNG_Classification/ROI/roi_overlap_results.csv,True,True
TCGA-44-A47G-01Z-00-DX1.810F67EC-3A0C-4056-B736-3331A11412CC,PathAgent,TCGA_LUNG_Classification,0.05,6,True,1.0,0.9074,0.35333333333333333,0.9074,0.7066666666666667,0.3533,0.1765,0.1334,/work/Agent_benchmark/PathAgent/post_eval/TCGA_LUNG_Classification/ROI/roi_overlap_results.csv,True,True
TCGA-44-A4SS-01Z-00-DX1.F3D85B63-D963-42D2-815F-CB9D791A0F7B,PathAgent,TCGA_LUNG_Classification,0.05,16,True,2.0,0.1511,0.024031250000000004,0.1511,0.12816666666666668,0.0223,0.0223,0.0113,/work/Agent_benchmark/PathAgent/post_eval/TCGA_LUNG_Classification/ROI/roi_overlap_results.csv,False,True
TCGA-44-A4SU-01Z-00-DX1.AE2607C1-B208-4557-ADB4-6AAF03C6D3A9,PathAgent,TCGA_LUNG_Classification,0.05,12,False,,0.0,0.0,,,0.0,0.0,0.0,/work/Agent_benchmark/PathAgent/post_eval/TCGA_LUNG_Classification/ROI/roi_overlap_results.csv,False,True
TCGA-46-3765-01Z-00-DX1.f45e4e30-e60c-40e5-a0b7-4513c0c37fda,PathAgent,TCGA_LUNG_Classification,0.05,6,True,1.0,0.3527,0.33160000000000006,0.3527,0.33160000000000006,0.3316,0.0192,0.0185,/work/Agent_benchmark/PathAgent/post_eval/TCGA_LUNG_Classification/ROI/roi_overlap_results.csv,True,True
TCGA-46-3766-01Z-00-DX1.5870b2ed-78f0-4f68-b01e-2ef6d5353b57,PathAgent,TCGA_LUNG_Classification,0.05,9,True,3.0,1.0,0.41331111111111113,1.0,0.7439600000000001,0.4133,0.0961,0.0846,/work/Agent_benchmark/PathAgent/post_eval/TCGA_LUNG_Classification/ROI/roi_overlap_results.csv,False,True
TCGA-46-3767-01Z-00-DX1.1f1899f9-7d6e-438c-b7ac-701ea088734d,PathAgent,TCGA_LUNG_Classification,0.05,20,True,1.0,1.0,0.47942,1.0,0.8716727272727273,0.4794,0.1119,0.0998,/work/Agent_benchmark/PathAgent/post_eval/TCGA_LUNG_Classification/ROI/roi_overlap_results.csv,False,True
TCGA-46-3768-01Z-00-DX1.226f6cbc-f1f4-4df8-8366-c94fd78e037b,PathAgent,TCGA_LUNG_Classification,0.05,6,False,,0.0,0.0,,,0.0,0.0,0.0,/work/Agent_benchmark/PathAgent/post_eval/TCGA_LUNG_Classification/ROI/roi_overlap_results.csv,True,True
TCGA-46-3769-01Z-00-DX1.97260244-fe08-42da-b5db-80da7f7d8766,PathAgent,TCGA_LUNG_Classification,0.05,24,True,2.0,1.0,0.12657916666666666,1.0,1.0,0.1266,0.0941,0.057,/work/Agent_benchmark/PathAgent/post_eval/TCGA_LUNG_Classification/ROI/roi_overlap_results.csv,False,True
TCGA-46-6025-01Z-00-DX1.05600f09-0b48-448c-b305-cb881970fc52,PathAgent,TCGA_LUNG_Classification,0.05,14,True,1.0,0.5382,0.16635714285714284,0.5382,0.3881666666666666,0.2558,0.0278,0.0257,/work/Agent_benchmark/PathAgent/post_eval/TCGA_LUNG_Classification/ROI/roi_overlap_results.csv,True,True
TCGA-46-6026-01Z-00-DX1.e0248ea6-ae04-4960-95a8-f39b8e168a38,PathAgent,TCGA_LUNG_Classification,0.05,16,True,1.0,1.0,0.63220625,1.0,0.9195727272727272,0.6322,0.2842,0.2439,/work/Agent_benchmark/PathAgent/post_eval/TCGA_LUNG_Classification/ROI/roi_overlap_results.csv,False,True
TCGA-49-4487-01Z-00-DX1.3a3a0720-463c-430e-849b-e2f8991bdfa5,PathAgent,TCGA_LUNG_Classification,0.05,34,True,1.0,1.0,0.834185294117647,1.0,0.9780103448275861,0.8342,0.0696,0.0687,/work/Agent_benchmark/PathAgent/post_eval/TCGA_LUNG_Classification/ROI/roi_overlap_results.csv,True,True
TCGA-49-4488-01Z-00-DX1.c9beef33-2d53-4fcb-8293-f083d9fedddc,PathAgent,TCGA_LUNG_Classification,0.05,21,True,1.0,1.0,0.7207333333333332,1.0,0.8903176470588235,0.7207,0.504,0.4216,/work/Agent_benchmark/PathAgent/post_eval/TCGA_LUNG_Classification/ROI/roi_overlap_results.csv,True,True
TCGA-49-4488-01Z-00-DX10.930e7dc2-6073-4bf2-9b70-f17c0b26bdee,PathAgent,TCGA_LUNG_Classification,0.05,45,False,,0.0,0.0,,,0.0,0.0,0.0,/work/Agent_benchmark/PathAgent/post_eval/TCGA_LUNG_Classification/ROI/roi_overlap_results.csv,True,True
TCGA-49-4488-01Z-00-DX2.ce896a98-8b45-4606-8849-3a377b81e3de,PathAgent,TCGA_LUNG_Classification,0.05,45,True,10.0,0.1867,0.011962222222222223,0.1867,0.134575,0.0117,0.0053,0.0037,/work/Agent_benchmark/PathAgent/post_eval/TCGA_LUNG_Classification/ROI/roi_overlap_results.csv,True,True
TCGA-49-4488-01Z-00-DX3.341ea7ac-ee5f-4ad2-9d01-d81a4d2e9b13,PathAgent,TCGA_LUNG_Classification,0.05,42,True,5.0,0.0788,0.007385714285714285,0.0788,0.07735,0.0074,0.0018,0.0014,/work/Agent_benchmark/PathAgent/post_eval/TCGA_LUNG_Classification/ROI/roi_overlap_results.csv,True,True
TCGA-49-4488-01Z-00-DX4.17c00349-5908-4944-9dba-5efea9a5373a,PathAgent,TCGA_LUNG_Classification,0.05,27,True,2.0,1.0,0.782888888888889,1.0,0.88075,0.7829,0.1106,0.1073,/work/Agent_benchmark/PathAgent/post_eval/TCGA_LUNG_Classification/ROI/roi_overlap_results.csv,False,True
TCGA-49-4488-01Z-00-DX5.6380c697-c81b-48c8-863c-ea1cdd097464,PathAgent,TCGA_LUNG_Classification,0.05,34,True,1.0,1.0,0.612135294117647,1.0,0.9910761904761904,0.6121,0.1364,0.1255,/work/Agent_benchmark/PathAgent/post_eval/TCGA_LUNG_Classification/ROI/roi_overlap_results.csv,True,True
TCGA-49-4488-01Z-00-DX6.3ce306b2-1b00-48f7-8288-c24069037a9c,PathAgent,TCGA_LUNG_Classification,0.05,24,True,1.0,1.0,0.3070875,1.0,0.8179222222222222,0.3191,0.0537,0.0482,/work/Agent_benchmark/PathAgent/post_eval/TCGA_LUNG_Classification/ROI/roi_overlap_results.csv,True,True
TCGA-49-4488-01Z-00-DX7.a04b36c3-9cfd-4195-92c0-70046cd49d9a,PathAgent,TCGA_LUNG_Classification,0.05,27,True,12.0,0.0662,0.0024518518518518518,0.0662,0.0662,0.0037,0.0024,0.0015,/work/Agent_benchmark/PathAgent/post_eval/TCGA_LUNG_Classification/ROI/roi_overlap_results.csv,True,True
TCGA-49-4488-01Z-00-DX8.b9fb358a-9618-4956-9544-c2ffe2678095,PathAgent,TCGA_LUNG_Classification,0.05,38,True,10.0,0.508,0.04424736842105263,0.508,0.2798,0.0442,0.0039,0.0036,/work/Agent_benchmark/PathAgent/post_eval/TCGA_LUNG_Classification/ROI/roi_overlap_results.csv,True,True
TCGA-49-4488-01Z-00-DX9.bf1e9d28-3ca2-4a62-bf3e-3e735c6a2885,PathAgent,TCGA_LUNG_Classification,0.05,54,True,2.0,1.0,0.12191481481481482,1.0,0.47024285714285713,0.1071,0.0263,0.0216,/work/Agent_benchmark/PathAgent/post_eval/TCGA_LUNG_Classification/ROI/roi_overlap_results.csv,True,True
TCGA-49-4490-01Z-00-DX1.bde106d9-1494-4775-b77d-11c86bb09b72,PathAgent,TCGA_LUNG_Classification,0.05,33,True,2.0,1.0,0.24932727272727273,1.0,0.68565,0.2493,0.111,0.0832,/work/Agent_benchmark/PathAgent/post_eval/TCGA_LUNG_Classification/ROI/roi_overlap_results.csv,True,True
TCGA-49-4490-01Z-00-DX2.1b491bd7-60d2-40a6-96cd-01385bce2b0f,PathAgent,TCGA_LUNG_Classification,0.05,25,True,2.0,1.0,0.830424,1.0,0.9886,0.8304,0.0199,0.0198,/work/Agent_benchmark/PathAgent/post_eval/TCGA_LUNG_Classification/ROI/roi_overlap_results.csv,True,True
TCGA-49-4490-01Z-00-DX3.0949a10a-0a1f-49dc-9296-ab4d4f0bf988,PathAgent,TCGA_LUNG_Classification,0.05,34,True,1.0,1.0,0.5011794117647058,1.0,0.7742818181818183,0.5012,0.1076,0.0972,/work/Agent_benchmark/PathAgent/post_eval/TCGA_LUNG_Classification/ROI/roi_overlap_results.csv,False,True
TCGA-49-4490-01Z-00-DX4.4e94aeb6-f616-4bdd-82bc-2ca2f2b5a5c4,PathAgent,TCGA_LUNG_Classification,0.05,32,True,3.0,1.0,0.26600625,1.0,0.5666133333333334,0.3131,0.0362,0.0336,/work/Agent_benchmark/PathAgent/post_eval/TCGA_LUNG_Classification/ROI/roi_overlap_results.csv,True,True
TCGA-49-4490-01Z-00-DX5.feea87ff-61c6-465e-8b36-4803f6af3d62,PathAgent,TCGA_LUNG_Classification,0.05,32,True,5.0,1.0,0.15169375000000002,1.0,0.4045166666666667,0.1517,0.0103,0.0097,/work/Agent_benchmark/PathAgent/post_eval/TCGA_LUNG_Classification/ROI/roi_overlap_results.csv,True,True
TCGA-49-4490-01Z-00-DX6.0a04ad8e-7f33-4496-bd9e-0110ec33f887,PathAgent,TCGA_LUNG_Classification,0.05,48,True,2.0,0.6086,0.04667083333333333,0.6086,0.3729,0.0467,0.0122,0.0098,/work/Agent_benchmark/PathAgent/post_eval/TCGA_LUNG_Classification/ROI/roi_overlap_results.csv,True,True
TCGA-49-4494-01Z-00-DX1.2bf10e85-465a-4b17-abd7-3565f0e538a5,PathAgent,TCGA_LUNG_Classification,0.05,84,True,1.0,1.0,0.7449250000000001,1.0,0.8229960526315789,0.6991,0.1059,0.1013,/work/Agent_benchmark/PathAgent/post_eval/TCGA_LUNG_Classification/ROI/roi_overlap_results.csv,False,True
TCGA-49-4494-01Z-00-DX2.cac5ed0a-98c3-4d37-a4f4-9596a061836a,PathAgent,TCGA_LUNG_Classification,0.05,42,True,19.0,0.3881,0.031914285714285714,0.3881,0.3135,0.0319,0.007,0.0058,/work/Agent_benchmark/PathAgent/post_eval/TCGA_LUNG_Classification/ROI/roi_overlap_results.csv,True,True
TCGA-49-4494-01Z-00-DX3.e80b4534-4d6e-4d79-962e-017ffee24d67,PathAgent,TCGA_LUNG_Classification,0.05,26,False,,0.0,0.0,,,0.0,0.0,0.0,/work/Agent_benchmark/PathAgent/post_eval/TCGA_LUNG_Classification/ROI/roi_overlap_results.csv,True,True
TCGA-49-4494-01Z-00-DX4.4c6a4560-adee-4fc9-8fd8-feb7f89e51e3,PathAgent,TCGA_LUNG_Classification,0.05,36,False,,0.0,0.0,,,0.0,0.0,0.0,/work/Agent_benchmark/PathAgent/post_eval/TCGA_LUNG_Classification/ROI/roi_overlap_results.csv,True,True
TCGA-49-4494-01Z-00-DX5.1e9e22d6-a4c9-40d1-aedb-b6cd404fe16f,PathAgent,TCGA_LUNG_Classification,0.05,35,True,1.0,1.0,0.5778114285714286,1.0,0.7768846153846154,0.5778,0.1669,0.1488,/work/Agent_benchmark/PathAgent/post_eval/TCGA_LUNG_Classification/ROI/roi_overlap_results.csv,False,True
TCGA-49-4494-01Z-00-DX6.3791a027-7ddb-429c-99a5-bb84a4307550,PathAgent,TCGA_LUNG_Classification,0.05,26,True,13.0,1.0,0.07692307692307693,1.0,1.0,0.0769,0.0002,0.0002,/work/Agent_benchmark/PathAgent/post_eval/TCGA_LUNG_Classification/ROI/roi_overlap_results.csv,True,True
TCGA-49-4494-01Z-00-DX7.9f722476-622e-4374-9fda-ef35184f01e0,PathAgent,TCGA_LUNG_Classification,0.05,34,True,1.0,1.0,0.4597411764705882,1.0,0.7052045454545456,0.4597,0.3488,0.2474,/work/Agent_benchmark/PathAgent/post_eval/TCGA_LUNG_Classification/ROI/roi_overlap_results.csv,True,True
TCGA-49-4501-01Z-00-DX1.9c4bf212-5e32-449e-8710-cf7a3594156e,PathAgent,TCGA_LUNG_Classification,0.05,33,True,3.0,1.0,0.31157575757575756,1.0,0.5712222222222222,0.3116,0.1229,0.0966,/work/Agent_benchmark/PathAgent/post_eval/TCGA_LUNG_Classification/ROI/roi_overlap_results.csv,False,True
TCGA-49-4501-01Z-00-DX2.07b7723d-136b-490c-9dd3-7f3aef78d3d9,PathAgent,TCGA_LUNG_Classification,0.05,58,True,1.0,1.0,0.8439448275862069,1.0,0.978976,0.8439,0.0187,0.0186,/work/Agent_benchmark/PathAgent/post_eval/TCGA_LUNG_Classification/ROI/roi_overlap_results.csv,True,True
TCGA-49-4501-01Z-00-DX3.b6c2cc84-1c94-4816-92e7-8cf4446ac9ac,PathAgent,TCGA_LUNG_Classification,0.05,30,True,1.0,1.0,0.4583833333333333,1.0,0.8081058823529412,0.4584,0.0666,0.0617,/work/Agent_benchmark/PathAgent/post_eval/TCGA_LUNG_Classification/ROI/roi_overlap_results.csv,False,True
TCGA-49-4505-01Z-00-DX1.d49d603e-1f76-43a1-a803-9f2d6a6df715,PathAgent,TCGA_LUNG_Classification,0.05,24,True,1.0,1.0,0.9234791666666666,1.0,0.9636304347826087,0.9235,0.2371,0.2325,/work/Agent_benchmark/PathAgent/post_eval/TCGA_LUNG_Classification/ROI/roi_overlap_results.csv,True,True
TCGA-49-4505-01Z-00-DX2.48df81e7-5a8e-4c5b-993a-6a54481a35e9,PathAgent,TCGA_LUNG_Classification,0.05,41,True,5.0,1.0,0.610729268292683,1.0,0.8344733333333333,0.6107,0.2107,0.1858,/work/Agent_benchmark/PathAgent/post_eval/TCGA_LUNG_Classification/ROI/roi_overlap_results.csv,True,True
TCGA-49-4505-01Z-00-DX3.d3f8d0c4-e4bc-4201-9b2f-e010f51dd8c3,PathAgent,TCGA_LUNG_Classification,0.05,37,True,2.0,1.0,0.35452162162162165,1.0,0.8744866666666666,0.3545,0.1722,0.1311,/work/Agent_benchmark/PathAgent/post_eval/TCGA_LUNG_Classification/ROI/roi_overlap_results.csv,True,True
TCGA-49-4505-01Z-00-DX4.623c4278-fc3e-4c80-bb4d-000e24fbb1c2,PathAgent,TCGA_LUNG_Classification,0.05,27,True,4.0,1.0,0.18208148148148148,1.0,0.5462444444444444,0.1821,0.0481,0.0396,/work/Agent_benchmark/PathAgent/post_eval/TCGA_LUNG_Classification/ROI/roi_overlap_results.csv,True,True
TCGA-49-4506-01Z-00-DX1.b13b8ef2-fd06-4309-a767-696a9afeaedd,PathAgent,TCGA_LUNG_Classification,0.05,28,True,8.0,0.4549,0.0579,0.4549,0.4053,0.0579,0.0039,0.0037,/work/Agent_benchmark/PathAgent/post_eval/TCGA_LUNG_Classification/ROI/roi_overlap_results.csv,False,True
TCGA-49-4506-01Z-00-DX2.81e180ae-bd9f-49cc-9a0f-297800cc7280,PathAgent,TCGA_LUNG_Classification,0.05,44,True,12.0,1.0,0.1447,1.0,0.7066888888888889,0.1447,0.0056,0.0054,/work/Agent_benchmark/PathAgent/post_eval/TCGA_LUNG_Classification/ROI/roi_overlap_results.csv,True,True
TCGA-49-4506-01Z-00-DX3.a05a3969-bbef-48d8-86de-f51c8870afd6,PathAgent,TCGA_LUNG_Classification,0.05,36,True,13.0,0.5118,0.060872222222222216,0.5118,0.365,0.0609,0.004,0.0038,/work/Agent_benchmark/PathAgent/post_eval/TCGA_LUNG_Classification/ROI/roi_overlap_results.csv,True,True
TCGA-49-4506-01Z-00-DX4.9460a2c1-efe2-4095-9b0e-dfe0eda684ba,PathAgent,TCGA_LUNG_Classification,0.05,36,True,10.0,1.0,0.22388333333333335,1.0,0.8059800000000001,0.2239,0.0851,0.0657,/work/Agent_benchmark/PathAgent/post_eval/TCGA_LUNG_Classification/ROI/roi_overlap_results.csv,False,True
TCGA-49-4507-01Z-00-DX1.1df4e286-ea89-4c38-ad53-a26e5b7b0402,PathAgent,TCGA_LUNG_Classification,0.05,26,True,9.0,0.2209,0.012807692307692308,0.2209,0.1665,0.0128,0.0029,0.0024,/work/Agent_benchmark/PathAgent/post_eval/TCGA_LUNG_Classification/ROI/roi_overlap_results.csv,True,True
TCGA-49-4507-01Z-00-DX2.a7bfbeee-00ea-4301-ace4-ce591807e2d3,PathAgent,TCGA_LUNG_Classification,0.05,30,True,1.0,1.0,0.2899966666666666,1.0,0.7881363636363635,0.29,0.0646,0.0558,/work/Agent_benchmark/PathAgent/post_eval/TCGA_LUNG_Classification/ROI/roi_overlap_results.csv,True,True
TCGA-49-4510-01Z-00-DX1.0b7c713f-6f72-42c3-967d-7e19a280e761,PathAgent,TCGA_LUNG_Classification,0.05,32,True,1.0,1.0,0.9048375,1.0,0.96514,0.9048,0.1588,0.1562,/work/Agent_benchmark/PathAgent/post_eval/TCGA_LUNG_Classification/ROI/roi_overlap_results.csv,False,True
TCGA-49-4510-01Z-00-DX2.e0552b15-6bd7-4660-8a60-9edd0d638e7e,PathAgent,TCGA_LUNG_Classification,0.05,34,True,8.0,0.5691,0.06262941176470588,0.5691,0.3549,0.0626,0.0061,0.0056,/work/Agent_benchmark/PathAgent/post_eval/TCGA_LUNG_Classification/ROI/roi_overlap_results.csv,True,True
TCGA-49-4512-01Z-00-DX1.ced0bda8-f2d6-4bcb-b2d6-b122846a3079,PathAgent,TCGA_LUNG_Classification,0.05,34,True,1.0,1.0,0.8886323529411765,1.0,0.944171875,0.8886,0.3212,0.3087,/work/Agent_benchmark/PathAgent/post_eval/TCGA_LUNG_Classification/ROI/roi_overlap_results.csv,True,True
TCGA-49-4512-01Z-00-DX2.341d7ff7-15e1-44f1-8818-b117fe98ca99,PathAgent,TCGA_LUNG_Classification,0.05,38,True,15.0,0.2064,0.021657894736842105,0.2064,0.20450000000000002,0.0217,0.005,0.0041,/work/Agent_benchmark/PathAgent/post_eval/TCGA_LUNG_Classification/ROI/roi_overlap_results.csv,False,True
TCGA-49-4512-01Z-00-DX3.2f6ec7bc-0dac-4be0-95fe-4071a93a856f,PathAgent,TCGA_LUNG_Classification,0.05,31,True,1.0,1.0,0.8445838709677419,1.0,0.9028310344827586,0.8446,0.2559,0.2444,/work/Agent_benchmark/PathAgent/post_eval/TCGA_LUNG_Classification/ROI/roi_overlap_results.csv,False,True
TCGA-49-4512-01Z-00-DX4.5161fcf5-62a3-4f7d-8a55-9a24a7d70efb,PathAgent,TCGA_LUNG_Classification,0.05,32,False,,0.0,0.0,,,0.0,0.0,0.0,/work/Agent_benchmark/PathAgent/post_eval/TCGA_LUNG_Classification/ROI/roi_overlap_results.csv,False,True
TCGA-49-4512-01Z-00-DX5.7198ce36-1fae-4da1-9f26-b7f43cf01133,PathAgent,TCGA_LUNG_Classification,0.05,52,True,1.0,1.0,0.36240384615384613,1.0,0.7538000000000001,0.3624,0.2456,0.1715,/work/Agent_benchmark/PathAgent/post_eval/TCGA_LUNG_Classification/ROI/roi_overlap_results.csv,True,True
TCGA-49-4512-01Z-00-DX6.985c9088-ff83-4f13-8a95-cb55aa48682b,PathAgent,TCGA_LUNG_Classification,0.05,80,False,,0.0,0.0,,,0.0,0.0,0.0,/work/Agent_benchmark/PathAgent/post_eval/TCGA_LUNG_Classification/ROI/roi_overlap_results.csv,True,True
TCGA-49-4512-01Z-00-DX7.1f758560-85e2-4cf9-a81a-317536d96bcc,PathAgent,TCGA_LUNG_Classification,0.05,28,True,2.0,1.0,0.5266821428571429,1.0,0.8668176470588236,0.5267,0.2344,0.1936,/work/Agent_benchmark/PathAgent/post_eval/TCGA_LUNG_Classification/ROI/roi_overlap_results.csv,True,True
TCGA-49-4512-01Z-00-DX8.c54237a3-93f4-432f-90f1-b930b7341741,PathAgent,TCGA_LUNG_Classification,0.05,25,True,1.0,1.0,0.316344,1.0,0.7189636363636362,0.3163,0.1871,0.1332,/work/Agent_benchmark/PathAgent/post_eval/TCGA_LUNG_Classification/ROI/roi_overlap_results.csv,True,True
TCGA-49-4514-01Z-00-DX1.9c304807-2a0c-44f7-97cc-fbd30f2c740f,PathAgent,TCGA_LUNG_Classification,0.05,26,True,1.0,1.0,0.46153846153846156,1.0,1.0,0.4615,0.0504,0.0476,/work/Agent_benchmark/PathAgent/post_eval/TCGA_LUNG_Classification/ROI/roi_overlap_results.csv,False,True
TCGA-49-4514-01Z-00-DX2.f1565a36-257d-432e-a84d-47c1d7a0185f,PathAgent,TCGA_LUNG_Classification,0.05,25,True,1.0,1.0,0.8029599999999999,1.0,0.8727826086956523,0.803,0.2078,0.1977,/work/Agent_benchmark/PathAgent/post_eval/TCGA_LUNG_Classification/ROI/roi_overlap_results.csv,False,True
TCGA-49-4514-01Z-00-DX3.3b247c08-3069-4100-9df4-734895adb954,PathAgent,TCGA_LUNG_Classification,0.05,26,True,8.0,0.1142,0.011876923076923075,0.1142,0.1142,0.0119,0.0018,0.0015,/work/Agent_benchmark/PathAgent/post_eval/TCGA_LUNG_Classification/ROI/roi_overlap_results.csv,False,True
TCGA-49-4514-01Z-00-DX4.79e9e14e-72ea-4e9f-9719-d1a791cf0b43,PathAgent,TCGA_LUNG_Classification,0.05,32,True,9.0,0.2206,0.0137875,0.2206,0.2206,0.0138,0.0013,0.0012,/work/Agent_benchmark/PathAgent/post_eval/TCGA_LUNG_Classification/ROI/roi_overlap_results.csv,False,True
TCGA-49-6742-01Z-00-DX1.23e8883f-0ecc-4359-a8b5-75d49f43a08b,PathAgent,TCGA_LUNG_Classification,0.05,54,True,4.0,1.0,0.33297407407407403,1.0,0.9463473684210526,0.333,0.1136,0.0925,/work/Agent_benchmark/PathAgent/post_eval/TCGA_LUNG_Classification/ROI/roi_overlap_results.csv,True,True
TCGA-49-6742-01Z-00-DX2.2c6b4df0-867d-40c5-8bee-14e2d219224b,PathAgent,TCGA_LUNG_Classification,0.05,48,True,5.0,1.0,0.25554375,1.0,0.9435461538461538,0.2555,0.1004,0.0777,/work/Agent_benchmark/PathAgent/post_eval/TCGA_LUNG_Classification/ROI/roi_overlap_results.csv,True,True
TCGA-49-6742-01Z-00-DX3.789aa445-e63f-4e6e-900a-0f47f44af6b7,PathAgent,TCGA_LUNG_Classification,0.05,46,True,1.0,1.0,0.22993695652173915,1.0,0.8136230769230769,0.2299,0.1329,0.092,/work/Agent_benchmark/PathAgent/post_eval/TCGA_LUNG_Classification/ROI/roi_overlap_results.csv,True,True
TCGA-49-6742-01Z-00-DX4.a11201e1-9eeb-40ea-9c88-28de847ef7d8,PathAgent,TCGA_LUNG_Classification,0.05,54,True,1.0,1.0,0.7392277777777779,1.0,0.8677891304347827,0.7392,0.2409,0.222,/work/Agent_benchmark/PathAgent/post_eval/TCGA_LUNG_Classification/ROI/roi_overlap_results.csv,True,True
TCGA-49-6742-01Z-00-DX5.74539ee6-0ac6-4663-89f1-c6a74a59a4cb,PathAgent,TCGA_LUNG_Classification,0.05,54,True,2.0,1.0,0.43552962962962966,1.0,0.8399500000000001,0.4355,0.2733,0.2018,/work/Agent_benchmark/PathAgent/post_eval/TCGA_LUNG_Classification/ROI/roi_overlap_results.csv,True,True
TCGA-49-6743-01Z-00-DX1.ddae5601-6ffa-4a70-8755-8645d5e45135,PathAgent,TCGA_LUNG_Classification,0.05,46,True,19.0,0.3072,0.013608695652173911,0.3072,0.3072,0.0136,0.002,0.0018,/work/Agent_benchmark/PathAgent/post_eval/TCGA_LUNG_Classification/ROI/roi_overlap_results.csv,False,True
TCGA-49-6743-01Z-00-DX2.f6b71e89-19ff-4d9b-a3f1-3a52949f1dc7,PathAgent,TCGA_LUNG_Classification,0.05,46,True,2.0,1.0,0.6823739130434782,1.0,0.8258052631578948,0.6824,0.2305,0.2081,/work/Agent_benchmark/PathAgent/post_eval/TCGA_LUNG_Classification/ROI/roi_overlap_results.csv,True,True
TCGA-49-6743-01Z-00-DX3.d391f3ab-e954-4f4f-996d-cd0420933ccf,PathAgent,TCGA_LUNG_Classification,0.05,66,True,31.0,0.05,0.0015151515151515152,0.05,0.05,0.0011,0.0006,0.0004,/work/Agent_benchmark/PathAgent/post_eval/TCGA_LUNG_Classification/ROI/roi_overlap_results.csv,True,True
TCGA-49-6743-01Z-00-DX4.5ea81023-1372-48ed-88a8-374e2394d7f7,PathAgent,TCGA_LUNG_Classification,0.05,22,True,1.0,1.0,0.6837,1.0,0.8847882352941177,0.6837,0.1631,0.1517,/work/Agent_benchmark/PathAgent/post_eval/TCGA_LUNG_Classification/ROI/roi_overlap_results.csv,True,True
TCGA-49-6744-01Z-00-DX1.40f8f751-b756-4576-b1ee-8dd2e8f89ff7,PathAgent,TCGA_LUNG_Classification,0.05,42,True,1.0,1.0,0.7837880952380952,1.0,0.9405457142857143,0.7838,0.2144,0.2024,/work/Agent_benchmark/PathAgent/post_eval/TCGA_LUNG_Classification/ROI/roi_overlap_results.csv,False,True
TCGA-49-6744-01Z-00-DX2.1982e585-65a4-4330-9140-ccabcdd106f8,PathAgent,TCGA_LUNG_Classification,0.05,48,True,12.0,1.0,0.12453958333333333,1.0,0.4565230769230769,0.0833,0.0149,0.0128,/work/Agent_benchmark/PathAgent/post_eval/TCGA_LUNG_Classification/ROI/roi_overlap_results.csv,True,True
TCGA-49-6744-01Z-00-DX3.fa64d744-6caa-4f62-8689-33da9c312838,PathAgent,TCGA_LUNG_Classification,0.05,68,True,16.0,1.0,0.09412941176470589,1.0,0.6354900000000001,0.0842,0.0388,0.0273,/work/Agent_benchmark/PathAgent/post_eval/TCGA_LUNG_Classification/ROI/roi_overlap_results.csv,True,True
TCGA-49-6744-01Z-00-DX4.a3d7995d-399f-4c53-aab8-adc4ea4dbfa8,PathAgent,TCGA_LUNG_Classification,0.05,34,True,13.0,0.1363,0.00801764705882353,0.1363,0.1363,0.008,0.0009,0.0008,/work/Agent_benchmark/PathAgent/post_eval/TCGA_LUNG_Classification/ROI/roi_overlap_results.csv,True,True
TCGA-49-6745-01Z-00-DX1.6bf8a38c-5e3a-4b32-8870-03bc06c0db80,PathAgent,TCGA_LUNG_Classification,0.05,62,True,20.0,1.0,0.08781774193548388,1.0,0.68045,0.0878,0.1185,0.0531,/work/Agent_benchmark/PathAgent/post_eval/TCGA_LUNG_Classification/ROI/roi_overlap_results.csv,False,True
TCGA-49-6745-01Z-00-DX2.3b8e947b-885e-486f-9edc-f2b247bdf95b,PathAgent,TCGA_LUNG_Classification,0.05,36,True,5.0,0.2442,0.013566666666666666,0.2442,0.2442,0.0136,0.0021,0.0018,/work/Agent_benchmark/PathAgent/post_eval/TCGA_LUNG_Classification/ROI/roi_overlap_results.csv,True,True
TCGA-49-6745-01Z-00-DX3.40cd3c60-889c-4eaa-be55-36ab5d8b2400,PathAgent,TCGA_LUNG_Classification,0.05,112,False,,0.0,0.0,,,0.0,0.0,0.0,/work/Agent_benchmark/PathAgent/post_eval/TCGA_LUNG_Classification/ROI/roi_overlap_results.csv,True,True
TCGA-49-6745-01Z-00-DX4.48b4bbb5-4214-4bfb-91e8-bddfa2f03c92,PathAgent,TCGA_LUNG_Classification,0.05,165,True,30.0,1.0,0.05021454545454545,1.0,0.5168125,0.0502,0.088,0.033,/work/Agent_benchmark/PathAgent/post_eval/TCGA_LUNG_Classification/ROI/roi_overlap_results.csv,True,True
TCGA-49-6745-01Z-00-DX5.9521a16f-d6a7-460c-b75c-7341d72ce727,PathAgent,TCGA_LUNG_Classification,0.05,37,True,10.0,1.0,0.08108108108108109,1.0,1.0,0.0811,0.0126,0.011,/work/Agent_benchmark/PathAgent/post_eval/TCGA_LUNG_Classification/ROI/roi_overlap_results.csv,True,True
TCGA-49-6745-01Z-00-DX6.3174fffa-c17c-44d1-8d21-1921a9ec1bee,PathAgent,TCGA_LUNG_Classification,0.05,30,True,2.0,1.0,0.6432066666666666,1.0,0.8771,0.6432,0.1872,0.1696,/work/Agent_benchmark/PathAgent/post_eval/TCGA_LUNG_Classification/ROI/roi_overlap_results.csv,False,True
TCGA-49-6745-01Z-00-DX7.4bdde497-03d9-4e15-a00e-595baa3947b5,PathAgent,TCGA_LUNG_Classification,0.05,34,False,,0.0,0.0,,,0.0,0.0,0.0,/work/Agent_benchmark/PathAgent/post_eval/TCGA_LUNG_Classification/ROI/roi_overlap_results.csv,True,True
TCGA-49-6761-01Z-00-DX1.10c577a2-f65c-4517-8a25-83d44e380f8f,PathAgent,TCGA_LUNG_Classification,0.05,40,True,8.0,0.097,0.00485,0.097,0.097,0.0049,0.0012,0.001,/work/Agent_benchmark/PathAgent/post_eval/TCGA_LUNG_Classification/ROI/roi_overlap_results.csv,True,True
TCGA-49-6767-01Z-00-DX1.53459c0e-b8ec-4893-9910-87b63c503134,PathAgent,TCGA_LUNG_Classification,0.05,30,True,6.0,0.4285,0.08426,0.4285,0.25278,0.0843,0.0065,0.0061,/work/Agent_benchmark/PathAgent/post_eval/TCGA_LUNG_Classification/ROI/roi_overlap_results.csv,True,True
TCGA-49-AAQV-01Z-00-DX1.4CC37621-C952-4684-96E3-9B97CDAD8056,PathAgent,TCGA_LUNG_Classification,0.05,36,True,3.0,1.0,0.6800138888888889,1.0,0.9415115384615385,0.68,0.0234,0.0232,/work/Agent_benchmark/PathAgent/post_eval/TCGA_LUNG_Classification/ROI/roi_overlap_results.csv,True,True
TCGA-49-AAR0-01Z-00-DX1.1635383C-0FB3-4CF9-BABC-08AC19CCE501,PathAgent,TCGA_LUNG_Classification,0.05,52,True,18.0,1.0,0.09552115384615384,1.0,0.45046363636363634,0.083,0.0247,0.0194,/work/Agent_benchmark/PathAgent/post_eval/TCGA_LUNG_Classification/ROI/roi_overlap_results.csv,True,True
TCGA-49-AAR3-01Z-00-DX1.B4D85F13-CEB4-46DA-BF39-0200B9E55835,PathAgent,TCGA_LUNG_Classification,0.05,15,False,,0.0,0.0,,,0.0,0.0,0.0,/work/Agent_benchmark/PathAgent/post_eval/TCGA_LUNG_Classification/ROI/roi_overlap_results.csv,False,True
TCGA-49-AAR4-01Z-00-DX1.EDB32358-AF23-4F81-A99F-15574A2DE28E,PathAgent,TCGA_LUNG_Classification,0.05,13,True,2.0,1.0,0.42972307692307693,1.0,0.7980571428571429,0.4297,0.0358,0.0342,/work/Agent_benchmark/PathAgent/post_eval/TCGA_LUNG_Classification/ROI/roi_overlap_results.csv,True,True
TCGA-49-AAR9-01Z-00-DX1.B6A9966E-89B8-404B-8ABC-1F8F8553D4DA,PathAgent,TCGA_LUNG_Classification,0.05,3,False,,0.0,0.0,,,0.0,0.0,0.0,/work/Agent_benchmark/PathAgent/post_eval/TCGA_LUNG_Classification/ROI/roi_overlap_results.csv,True,True
TCGA-49-AARE-01Z-00-DX1.3559B3A9-6699-472F-B731-1BD9F93EE82A,PathAgent,TCGA_LUNG_Classification,0.05,16,True,1.0,1.0,0.55439375,1.0,0.6823307692307693,0.5544,0.1098,0.1009,/work/Agent_benchmark/PathAgent/post_eval/TCGA_LUNG_Classification/ROI/roi_overlap_results.csv,True,True
TCGA-49-AARN-01Z-00-DX1.E13AA041-978E-427D-AFA5-D3180224A03A,PathAgent,TCGA_LUNG_Classification,0.05,34,True,29.0,1.0,0.046879411764705885,1.0,0.79695,0.0471,0.0433,0.0231,/work/Agent_benchmark/PathAgent/post_eval/TCGA_LUNG_Classification/ROI/roi_overlap_results.csv,True,True
TCGA-49-AARO-01Z-00-DX1.FB8C82DC-F823-43CF-A8EA-1208C767AF54,PathAgent,TCGA_LUNG_Classification,0.05,21,True,3.0,1.0,0.30043333333333333,1.0,0.6921,0.3004,0.1298,0.0997,/work/Agent_benchmark/PathAgent/post_eval/TCGA_LUNG_Classification/ROI/roi_overlap_results.csv,True,True
TCGA-49-AARQ-01Z-00-DX1.3FA36419-1658-4602-9170-84A622787C3E,PathAgent,TCGA_LUNG_Classification,0.05,18,True,2.0,0.8278,0.11328888888888887,0.8278,0.3398666666666667,0.1257,0.0076,0.0072,/work/Agent_benchmark/PathAgent/post_eval/TCGA_LUNG_Classification/ROI/roi_overlap_results.csv,True,True
TCGA-49-AARR-01Z-00-DX1.9BCAFE3D-447C-40D6-85DD-AFABF6978376,PathAgent,TCGA_LUNG_Classification,0.05,4,True,2.0,0.1625,0.040625,0.1625,0.1625,0.0542,0.0038,0.0036,/work/Agent_benchmark/PathAgent/post_eval/TCGA_LUNG_Classification/ROI/roi_overlap_results.csv,True,True
TCGA-50-5044-01Z-00-DX1.7E0E651F-411B-4784-B0FA-6EB612527430,PathAgent,TCGA_LUNG_Classification,0.05,41,True,21.0,1.0,0.08279512195121952,1.0,0.84865,0.0828,0.0368,0.0262,/work/Agent_benchmark/PathAgent/post_eval/TCGA_LUNG_Classification/ROI/roi_overlap_results.csv,True,True
TCGA-50-5045-01Z-00-DX2.0FCA12EA-572E-4A7D-900D-6E200892170E,PathAgent,TCGA_LUNG_Classification,0.05,22,False,,0.0186,0.0016909090909090908,,,0.0017,0.0002,0.0002,/work/Agent_benchmark/PathAgent/post_eval/TCGA_LUNG_Classification/ROI/roi_overlap_results.csv,False,True
TCGA-50-5055-01Z-00-DX1.0c9d846b-89b4-4b18-a2eb-0f8d8e0a33c7,PathAgent,TCGA_LUNG_Classification,0.05,33,True,1.0,1.0,0.9974696969696969,1.0,0.9974696969696969,0.9975,0.1255,0.1254,/work/Agent_benchmark/PathAgent/post_eval/TCGA_LUNG_Classification/ROI/roi_overlap_results.csv,True,True
TCGA-50-5055-01Z-00-DX2.446EC3BB-2ED7-4253-8A39-AC68331F08E7,PathAgent,TCGA_LUNG_Classification,0.05,43,True,2.0,1.0,0.8372093023255814,1.0,1.0,0.8372,0.0015,0.0015,/work/Agent_benchmark/PathAgent/post_eval/TCGA_LUNG_Classification/ROI/roi_overlap_results.csv,True,True
TCGA-50-5066-02Z-00-DX1.A2CA045A-7956-4E04-9EC9-5856FC789110,PathAgent,TCGA_LUNG_Classification,0.05,34,True,1.0,1.0,0.8307264705882353,1.0,0.882646875,0.8307,0.1303,0.1269,/work/Agent_benchmark/PathAgent/post_eval/TCGA_LUNG_Classification/ROI/roi_overlap_results.csv,False,True
TCGA-50-5068-01Z-00-DX1.13f1c31e-4d4c-4562-8447-c5bbfbf670a9,PathAgent,TCGA_LUNG_Classification,0.05,35,True,1.0,1.0,0.19986571428571429,1.0,0.9942857142857143,0.1999,0.0127,0.0121,/work/Agent_benchmark/PathAgent/post_eval/TCGA_LUNG_Classification/ROI/roi_overlap_results.csv,True,True
TCGA-50-5931-01Z-00-DX1.34261ED6-7815-487C-A50C-2DAD587187B9,PathAgent,TCGA_LUNG_Classification,0.05,51,True,9.0,0.0645,0.0012647058823529412,0.0645,0.0645,0.0019,0.0004,0.0003,/work/Agent_benchmark/PathAgent/post_eval/TCGA_LUNG_Classification/ROI/roi_overlap_results.csv,True,True
TCGA-50-5939-01Z-00-DX1.745D7503-0744-46B1-BC89-EBB8FCE2D55C,PathAgent,TCGA_LUNG_Classification,0.05,44,True,1.0,1.0,0.461225,1.0,0.84475,0.4635,0.109,0.0968,/work/Agent_benchmark/PathAgent/post_eval/TCGA_LUNG_Classification/ROI/roi_overlap_results.csv,True,True
TCGA-50-5942-01Z-00-DX1.da1b1274-8740-4c79-adf9-25800913eafa,PathAgent,TCGA_LUNG_Classification,0.05,34,True,17.0,1.0,0.04502647058823529,1.0,0.7505999999999999,0.0312,0.0022,0.0021,/work/Agent_benchmark/PathAgent/post_eval/TCGA_LUNG_Classification/ROI/roi_overlap_results.csv,True,True
TCGA-50-5946-01Z-00-DX1.5076CACA-E3C0-4114-BA69-5B4896FF0C4B,PathAgent,TCGA_LUNG_Classification,0.05,54,True,3.0,0.5409,0.057151851851851856,0.5409,0.3819375,0.0715,0.0246,0.0186,/work/Agent_benchmark/PathAgent/post_eval/TCGA_LUNG_Classification/ROI/roi_overlap_results.csv,True,True
TCGA-50-6591-01Z-00-DX1.12e1050b-75e9-4059-b945-291995b3e93c,PathAgent,TCGA_LUNG_Classification,0.05,60,True,1.0,1.0,0.3686916666666667,1.0,0.6102277777777778,0.3851,0.0678,0.0612,/work/Agent_benchmark/PathAgent/post_eval/TCGA_LUNG_Classification/ROI/roi_overlap_results.csv,True,True
TCGA-50-6593-01Z-00-DX1.a63e298c-cbe7-44e8-8d8e-34ebb93530ca,PathAgent,TCGA_LUNG_Classification,0.05,39,True,10.0,0.9751,0.06623333333333334,0.9751,0.5166199999999999,0.0575,0.0161,0.0127,/work/Agent_benchmark/PathAgent/post_eval/TCGA_LUNG_Classification/ROI/roi_overlap_results.csv,True,True
TCGA-50-6594-01Z-00-DX1.43b2005a-4245-4025-ad85-4a957f308a5c,PathAgent,TCGA_LUNG_Classification,0.05,32,True,3.0,0.4285,0.0452625,0.4285,0.24139999999999998,0.0453,0.0065,0.0057,/work/Agent_benchmark/PathAgent/post_eval/TCGA_LUNG_Classification/ROI/roi_overlap_results.csv,True,True
TCGA-50-6597-01Z-00-DX1.ec7fc0b2-78a1-4384-bddd-e89f02ee5eb6,PathAgent,TCGA_LUNG_Classification,0.05,33,True,10.0,0.4385,0.017796969696969697,0.4385,0.29364999999999997,0.0267,0.0065,0.0053,/work/Agent_benchmark/PathAgent/post_eval/TCGA_LUNG_Classification/ROI/roi_overlap_results.csv,True,True
TCGA-50-6673-01Z-00-DX1.e24fb432-3fff-4f00-a316-16d05275c1e7,PathAgent,TCGA_LUNG_Classification,0.05,80,False,,0.0,0.0,,,0.0,0.0,0.0,/work/Agent_benchmark/PathAgent/post_eval/TCGA_LUNG_Classification/ROI/roi_overlap_results.csv,False,True
TCGA-50-7109-01Z-00-DX1.08f6420c-baa2-4e79-908e-ebbdeec503a6,PathAgent,TCGA_LUNG_Classification,0.05,25,True,1.0,1.0,1.0,1.0,1.0,1.0,0.2047,0.2047,/work/Agent_benchmark/PathAgent/post_eval/TCGA_LUNG_Classification/ROI/roi_overlap_results.csv,True,True
TCGA-50-8457-01Z-00-DX1.F4B6ECCE-F22B-43FC-9A08-4366A24A67A4,PathAgent,TCGA_LUNG_Classification,0.05,28,True,8.0,1.0,0.09246428571428571,1.0,0.63975,0.0925,0.0076,0.0071,/work/Agent_benchmark/PathAgent/post_eval/TCGA_LUNG_Classification/ROI/roi_overlap_results.csv,True,True
TCGA-50-8459-01Z-00-DX1.24D876E7-5265-4C5D-A215-0BAE5450EEF3,PathAgent,TCGA_LUNG_Classification,0.05,42,True,4.0,1.0,0.3322571428571428,1.0,0.5814499999999999,0.3323,0.0265,0.0252,/work/Agent_benchmark/PathAgent/post_eval/TCGA_LUNG_Classification/ROI/roi_overlap_results.csv,True,True
TCGA-51-4079-01Z-00-DX1.111f7796-3797-4334-b543-918e374dbc22,PathAgent,TCGA_LUNG_Classification,0.05,14,True,2.0,0.1807,0.0309,0.1807,0.10625,0.0607,0.0072,0.0065,/work/Agent_benchmark/PathAgent/post_eval/TCGA_LUNG_Classification/ROI/roi_overlap_results.csv,True,True
TCGA-51-4080-01Z-00-DX1.fd660ce3-3e30-4907-b54a-81002ec071f2,PathAgent,TCGA_LUNG_Classification,0.05,30,True,1.0,1.0,0.9988966666666667,1.0,0.9988966666666667,0.9989,0.1173,0.1173,/work/Agent_benchmark/PathAgent/post_eval/TCGA_LUNG_Classification/ROI/roi_overlap_results.csv,True,True
TCGA-51-4081-01Z-00-DX1.5971d87d-5181-4c7a-91ea-2dfad1bc5fca,PathAgent,TCGA_LUNG_Classification,0.05,25,True,6.0,0.763,0.276304,0.763,0.43172499999999997,0.2763,0.1226,0.0928,/work/Agent_benchmark/PathAgent/post_eval/TCGA_LUNG_Classification/ROI/roi_overlap_results.csv,True,True
TCGA-51-6867-01Z-00-DX1.5f3a0562-efbe-413f-8e13-9826aaefa298,PathAgent,TCGA_LUNG_Classification,0.05,8,True,4.0,1.0,0.4973,1.0,0.993225,0.4973,0.094,0.0859,/work/Agent_benchmark/PathAgent/post_eval/TCGA_LUNG_Classification/ROI/roi_overlap_results.csv,True,True
TCGA-52-7622-01Z-00-DX1.cb3bb056-27dd-4c15-9004-b06cc8923663,PathAgent,TCGA_LUNG_Classification,0.05,36,True,4.0,1.0,0.14705555555555555,1.0,0.3776285714285715,0.147,0.0103,0.0097,/work/Agent_benchmark/PathAgent/post_eval/TCGA_LUNG_Classification/ROI/roi_overlap_results.csv,True,True
TCGA-52-7809-01Z-00-DX1.91f184ce-e4e1-42da-bdbc-36d6781bbf31,PathAgent,TCGA_LUNG_Classification,0.05,47,True,1.0,1.0,0.47040212765957445,1.0,0.8470346153846153,0.4704,0.1254,0.1099,/work/Agent_benchmark/PathAgent/post_eval/TCGA_LUNG_Classification/ROI/roi_overlap_results.csv,False,True
TCGA-52-7810-01Z-00-DX1.54fcdfff-c1ac-4427-bb33-54959695134f,PathAgent,TCGA_LUNG_Classification,0.05,30,True,1.0,1.0,0.7415433333333332,1.0,0.9672304347826086,0.7415,0.0313,0.031,/work/Agent_benchmark/PathAgent/post_eval/TCGA_LUNG_Classification/ROI/roi_overlap_results.csv,False,True
TCGA-52-7811-01Z-00-DX1.7093a626-0e8f-4e4c-80c6-6cf32a2f725e,PathAgent,TCGA_LUNG_Classification,0.05,24,True,8.0,1.0,0.5264916666666667,1.0,0.9025571428571428,0.5265,0.0661,0.0624,/work/Agent_benchmark/PathAgent/post_eval/TCGA_LUNG_Classification/ROI/roi_overlap_results.csv,False,True
TCGA-52-7812-01Z-00-DX1.dd6fa49a-f9fe-40a1-80b2-0824b128f3b2,PathAgent,TCGA_LUNG_Classification,0.05,49,True,3.0,1.0,0.7158428571428572,1.0,0.9743416666666668,0.7158,0.1197,0.1142,/work/Agent_benchmark/PathAgent/post_eval/TCGA_LUNG_Classification/ROI/roi_overlap_results.csv,False,True
TCGA-53-7624-01Z-00-DX1.51b4de19-3531-4bcb-b822-fa966480f2ad,PathAgent,TCGA_LUNG_Classification,0.05,25,True,1.0,1.0,0.990608,1.0,0.990608,0.9906,0.1071,0.107,/work/Agent_benchmark/PathAgent/post_eval/TCGA_LUNG_Classification/ROI/roi_overlap_results.csv,False,True
TCGA-53-7626-01Z-00-DX1.FD4CAF75-07B5-4117-83DD-99233DAA3EBC,PathAgent,TCGA_LUNG_Classification,0.05,24,True,1.0,0.903,0.29024583333333337,0.903,0.5347153846153846,0.266,0.0303,0.028,/work/Agent_benchmark/PathAgent/post_eval/TCGA_LUNG_Classification/ROI/roi_overlap_results.csv,True,True
TCGA-53-7813-01Z-00-DX1.97c5eff3-ceeb-499b-b2e1-bcd3cd60c5e7,PathAgent,TCGA_LUNG_Classification,0.05,14,False,,0.0008,5.714285714285715e-05,,,0.0001,0.0,0.0,/work/Agent_benchmark/PathAgent/post_eval/TCGA_LUNG_Classification/ROI/roi_overlap_results.csv,True,True
TCGA-53-A4EZ-01Z-00-DX1.5D155F0B-A677-4589-AF00-A4C451F5B6B6,PathAgent,TCGA_LUNG_Classification,0.05,39,True,4.0,1.0,0.308723076923077,1.0,0.7070882352941177,0.3087,0.0902,0.075,/work/Agent_benchmark/PathAgent/post_eval/TCGA_LUNG_Classification/ROI/roi_overlap_results.csv,False,True
TCGA-55-1592-01Z-00-DX1.ee15e261-2f9c-4a93-a19f-27cb1c3bae15,PathAgent,TCGA_LUNG_Classification,0.05,12,True,1.0,1.0,0.6806666666666666,1.0,0.9075555555555554,0.6807,0.0437,0.0429,/work/Agent_benchmark/PathAgent/post_eval/TCGA_LUNG_Classification/ROI/roi_overlap_results.csv,False,True
TCGA-55-1594-01Z-00-DX1.bd90c500-7c0b-4c45-a3f7-2d9177384b1d,PathAgent,TCGA_LUNG_Classification,0.05,20,True,5.0,0.4119,0.05156999999999999,0.4119,0.4119,0.0516,0.003,0.0028,/work/Agent_benchmark/PathAgent/post_eval/TCGA_LUNG_Classification/ROI/roi_overlap_results.csv,True,True
TCGA-55-1595-01Z-00-DX1.6270c9cf-cd18-4fa5-b313-33350ad55f89,PathAgent,TCGA_LUNG_Classification,0.05,35,True,1.0,1.0,0.18179142857142858,1.0,0.5784272727272728,0.1818,0.0975,0.0678,/work/Agent_benchmark/PathAgent/post_eval/TCGA_LUNG_Classification/ROI/roi_overlap_results.csv,False,True
TCGA-55-1596-01Z-00-DX1.de65522d-92ab-408e-9b7e-24210d386b97,PathAgent,TCGA_LUNG_Classification,0.05,22,True,1.0,1.0,0.6363636363636364,1.0,1.0,0.6364,0.1489,0.1372,/work/Agent_benchmark/PathAgent/post_eval/TCGA_LUNG_Classification/ROI/roi_overlap_results.csv,True,True
TCGA-55-5899-01Z-00-DX1.faa65b08-150c-4c74-95aa-1e8743f0152c,PathAgent,TCGA_LUNG_Classification,0.05,4,False,,0.0,0.0,,,0.0,0.0,0.0,/work/Agent_benchmark/PathAgent/post_eval/TCGA_LUNG_Classification/ROI/roi_overlap_results.csv,True,True
TCGA-55-6642-01Z-00-DX1.0487cfc6-8216-4da3-aae1-a35452e9e4f6,PathAgent,TCGA_LUNG_Classification,0.05,5,True,1.0,1.0,1.0,1.0,1.0,1.0,0.0169,0.0169,/work/Agent_benchmark/PathAgent/post_eval/TCGA_LUNG_Classification/ROI/roi_overlap_results.csv,True,True
TCGA-55-6712-01Z-00-DX1.8cd4b879-294e-4da0-8636-704f61b510dc,PathAgent,TCGA_LUNG_Classification,0.05,3,True,1.0,0.0871,0.02903333333333333,0.0871,0.0871,0.0435,0.0033,0.0031,/work/Agent_benchmark/PathAgent/post_eval/TCGA_LUNG_Classification/ROI/roi_overlap_results.csv,False,True
TCGA-55-6968-01Z-00-DX1.810e0fee-99ab-465b-8ae9-fb416e4dca3c,PathAgent,TCGA_LUNG_Classification,0.05,24,True,1.0,1.0,0.1350083333333333,1.0,0.4002375,0.1074,0.0262,0.0215,/work/Agent_benchmark/PathAgent/post_eval/TCGA_LUNG_Classification/ROI/roi_overlap_results.csv,False,True
TCGA-55-6969-01Z-00-DX1.713df9f6-1a91-4e0e-ad43-42e66dcca191,PathAgent,TCGA_LUNG_Classification,0.05,15,True,1.0,0.3752,0.15267333333333336,0.3752,0.20819090909090912,0.1552,0.0177,0.0161,/work/Agent_benchmark/PathAgent/post_eval/TCGA_LUNG_Classification/ROI/roi_overlap_results.csv,False,True
TCGA-55-6971-01Z-00-DX1.6c790768-8252-466a-95e1-97d2086a8132,PathAgent,TCGA_LUNG_Classification,0.05,6,True,2.0,1.0,0.5665,1.0,0.6798,0.3697,0.0474,0.0439,/work/Agent_benchmark/PathAgent/post_eval/TCGA_LUNG_Classification/ROI/roi_overlap_results.csv,True,True
TCGA-55-6972-01Z-00-DX1.0b441ad0-c30f-4f63-849a-36c98d6e2d3b,PathAgent,TCGA_LUNG_Classification,0.05,4,False,,0.0,0.0,,,0.0,0.0,0.0,/work/Agent_benchmark/PathAgent/post_eval/TCGA_LUNG_Classification/ROI/roi_overlap_results.csv,True,True
TCGA-55-6975-01Z-00-DX1.2762a872-b1c3-47fd-8ed5-b715a5b20163,PathAgent,TCGA_LUNG_Classification,0.05,5,True,1.0,0.3226,0.08334,0.3226,0.20745,0.0834,0.0298,0.0225,/work/Agent_benchmark/PathAgent/post_eval/TCGA_LUNG_Classification/ROI/roi_overlap_results.csv,False,True
TCGA-55-6978-01Z-00-DX1.2ef6d6aa-2a19-4bce-b845-cc83ac81a1c3,PathAgent,TCGA_LUNG_Classification,0.05,7,True,1.0,1.0,0.6047285714285715,1.0,0.6047285714285715,0.6047,0.0639,0.0613,/work/Agent_benchmark/PathAgent/post_eval/TCGA_LUNG_Classification/ROI/roi_overlap_results.csv,False,True
TCGA-55-6979-01Z-00-DX1.9238436e-3886-4a10-86fe-26658967dff2,PathAgent,TCGA_LUNG_Classification,0.05,11,True,1.0,1.0,0.9847545454545454,1.0,0.9847545454545454,0.9848,0.1338,0.1335,/work/Agent_benchmark/PathAgent/post_eval/TCGA_LUNG_Classification/ROI/roi_overlap_results.csv,False,True
TCGA-55-6980-01Z-00-DX1.2f1d1858-42b9-4e3b-966d-2f3f429570a6,PathAgent,TCGA_LUNG_Classification,0.05,23,True,1.0,1.0,0.8987565217391303,1.0,0.9396090909090908,0.8988,0.1418,0.1396,/work/Agent_benchmark/PathAgent/post_eval/TCGA_LUNG_Classification/ROI/roi_overlap_results.csv,False,True
TCGA-55-6981-01Z-00-DX1.5fecd134-42a0-40a2-be75-1e8bd14c5b30,PathAgent,TCGA_LUNG_Classification,0.05,4,True,1.0,1.0,1.0,1.0,1.0,1.0,0.0865,0.0865,/work/Agent_benchmark/PathAgent/post_eval/TCGA_LUNG_Classification/ROI/roi_overlap_results.csv,True,True
TCGA-55-6982-01Z-00-DX1.055aeec1-2fc1-4796-b5df-c159335e0300,PathAgent,TCGA_LUNG_Classification,0.05,6,True,1.0,0.2646,0.21396666666666664,0.2646,0.21396666666666664,0.2021,0.0218,0.0201,/work/Agent_benchmark/PathAgent/post_eval/TCGA_LUNG_Classification/ROI/roi_overlap_results.csv,True,True
TCGA-55-6983-01Z-00-DX1.8f940a64-1f1b-4e6e-99ea-418175be2b3f,PathAgent,TCGA_LUNG_Classification,0.05,6,True,1.0,1.0,0.6588166666666667,1.0,0.988225,0.6588,0.0027,0.0027,/work/Agent_benchmark/PathAgent/post_eval/TCGA_LUNG_Classification/ROI/roi_overlap_results.csv,True,True
TCGA-55-6984-01Z-00-DX1.d53e387a-9618-4486-98f3-a75604f25a7d,PathAgent,TCGA_LUNG_Classification,0.05,36,True,23.0,0.797,0.04427777777777778,0.797,0.797,0.0333,0.01,0.0078,/work/Agent_benchmark/PathAgent/post_eval/TCGA_LUNG_Classification/ROI/roi_overlap_results.csv,True,True
TCGA-55-6985-01Z-00-DX1.428ad69e-c0ea-445e-8d38-fa2dab6eb81f,PathAgent,TCGA_LUNG_Classification,0.05,3,False,,0.0,0.0,,,0.0,0.0,0.0,/work/Agent_benchmark/PathAgent/post_eval/TCGA_LUNG_Classification/ROI/roi_overlap_results.csv,True,True
TCGA-55-6986-01Z-00-DX1.ae52d41e-3cd6-4d36-b04b-2ea7d29bd8da,PathAgent,TCGA_LUNG_Classification,0.05,9,True,1.0,1.0,0.6662333333333333,1.0,0.6662333333333333,0.6662,0.11,0.1043,/work/Agent_benchmark/PathAgent/post_eval/TCGA_LUNG_Classification/ROI/roi_overlap_results.csv,True,True
TCGA-55-6987-01Z-00-DX1.0c52b721-2209-4818-af8f-b22d37e6e81e,PathAgent,TCGA_LUNG_Classification,0.05,5,True,1.0,0.698,0.43570000000000003,0.698,0.544625,0.4357,0.2282,0.1761,/work/Agent_benchmark/PathAgent/post_eval/TCGA_LUNG_Classification/ROI/roi_overlap_results.csv,False,True
TCGA-55-7227-01Z-00-DX1.e1a9e09c-4a50-4ee5-b1e4-2c7ae34dc913,PathAgent,TCGA_LUNG_Classification,0.05,7,True,1.0,1.0,1.0,1.0,1.0,1.0,0.1023,0.1023,/work/Agent_benchmark/PathAgent/post_eval/TCGA_LUNG_Classification/ROI/roi_overlap_results.csv,True,True
TCGA-55-7281-01Z-00-DX1.a92dafa4-3a65-4f5c-97f0-83aff231274a,PathAgent,TCGA_LUNG_Classification,0.05,5,True,1.0,0.7406,0.20302000000000003,0.7406,0.33183333333333337,0.203,0.0528,0.0437,/work/Agent_benchmark/PathAgent/post_eval/TCGA_LUNG_Classification/ROI/roi_overlap_results.csv,True,True
TCGA-55-7283-01Z-00-DX1.0f716216-0a46-404e-a4d4-5bb6d7e3f0d1,PathAgent,TCGA_LUNG_Classification,0.05,5,True,1.0,1.0,0.8429800000000001,1.0,0.8429800000000001,0.843,0.1149,0.1125,/work/Agent_benchmark/PathAgent/post_eval/TCGA_LUNG_Classification/ROI/roi_overlap_results.csv,False,True
TCGA-55-7284-01Z-00-DX1.68b95b9b-1aab-4f03-aad3-1132467b7499,PathAgent,TCGA_LUNG_Classification,0.05,11,True,3.0,1.0,0.4325545454545455,1.0,0.6716857142857143,0.4326,0.0711,0.065,/work/Agent_benchmark/PathAgent/post_eval/TCGA_LUNG_Classification/ROI/roi_overlap_results.csv,True,True
TCGA-55-7573-01Z-00-DX1.43a4bbd2-6a3b-4910-9356-2d750a736817,PathAgent,TCGA_LUNG_Classification,0.05,10,True,1.0,1.0,0.46322,1.0,0.579025,0.4632,0.1618,0.1363,/work/Agent_benchmark/PathAgent/post_eval/TCGA_LUNG_Classification/ROI/roi_overlap_results.csv,False,True
TCGA-55-7574-01Z-00-DX1.09639e6a-d85f-4d84-abbc-0f5a6d679683,PathAgent,TCGA_LUNG_Classification,0.05,9,False,,0.0047,0.0005222222222222222,,,0.0008,0.0002,0.0002,/work/Agent_benchmark/PathAgent/post_eval/TCGA_LUNG_Classification/ROI/roi_overlap_results.csv,True,True
TCGA-55-7576-01Z-00-DX1.3a6142e9-c90a-4938-a1d1-061c2ac261f0,PathAgent,TCGA_LUNG_Classification,0.05,8,True,2.0,0.721,0.2395875,0.721,0.479175,0.3195,0.0964,0.0799,/work/Agent_benchmark/PathAgent/post_eval/TCGA_LUNG_Classification/ROI/roi_overlap_results.csv,False,True
TCGA-55-7724-01Z-00-DX1.31a194ac-62e3-4225-8e32-8c2a83dcdd10,PathAgent,TCGA_LUNG_Classification,0.05,5,True,4.0,0.5723,0.21295999999999998,0.5723,0.5324,0.213,0.1671,0.1033,/work/Agent_benchmark/PathAgent/post_eval/TCGA_LUNG_Classification/ROI/roi_overlap_results.csv,True,True
TCGA-55-7725-01Z-00-DX1.4d678777-63b1-4f4a-932a-7fccabf504c7,PathAgent,TCGA_LUNG_Classification,0.05,2,True,1.0,1.0,0.80525,1.0,0.80525,0.8053,0.087,0.0852,/work/Agent_benchmark/PathAgent/post_eval/TCGA_LUNG_Classification/ROI/roi_overlap_results.csv,True,True
TCGA-55-7726-01Z-00-DX1.37df197b-d4fb-41c4-ac6a-72dbaa31027b,PathAgent,TCGA_LUNG_Classification,0.05,3,True,1.0,1.0,1.0,1.0,1.0,1.0,0.0234,0.0234,/work/Agent_benchmark/PathAgent/post_eval/TCGA_LUNG_Classification/ROI/roi_overlap_results.csv,True,True
TCGA-55-7727-01Z-00-DX1.0c7a4953-16dc-41e0-845b-b89167ec17d7,PathAgent,TCGA_LUNG_Classification,0.05,38,True,1.0,1.0,0.6209973684210525,1.0,0.8137206896551723,0.621,0.3345,0.2778,/work/Agent_benchmark/PathAgent/post_eval/TCGA_LUNG_Classification/ROI/roi_overlap_results.csv,True,True
TCGA-55-7728-01Z-00-DX1.1d47a5fe-cab5-4d5a-a62b-16f345334d25,PathAgent,TCGA_LUNG_Classification,0.05,2,False,,0.0,0.0,,,0.0,0.0,0.0,/work/Agent_benchmark/PathAgent/post_eval/TCGA_LUNG_Classification/ROI/roi_overlap_results.csv,True,True
TCGA-55-7815-01Z-00-DX1.288408e6-f6b3-4de4-a1ce-cb2498d9d46d,PathAgent,TCGA_LUNG_Classification,0.05,8,True,1.0,1.0,1.0,1.0,1.0,1.0,0.0175,0.0175,/work/Agent_benchmark/PathAgent/post_eval/TCGA_LUNG_Classification/ROI/roi_overlap_results.csv,True,True
TCGA-55-7816-01Z-00-DX1.A58C6196-E1A0-48B3-9B77-2EDCD7A43CBA,PathAgent,TCGA_LUNG_Classification,0.05,29,True,2.0,1.0,0.6714655172413793,1.0,0.973625,0.6715,0.0014,0.0014,/work/Agent_benchmark/PathAgent/post_eval/TCGA_LUNG_Classification/ROI/roi_overlap_results.csv,False,True
TCGA-55-7903-01Z-00-DX1.40fc5dcb-b5bb-46b4-90bd-2eeb3ea880f5,PathAgent,TCGA_LUNG_Classification,0.05,3,True,1.0,0.1619,0.0821,0.1619,0.1619,0.102,0.0137,0.0122,/work/Agent_benchmark/PathAgent/post_eval/TCGA_LUNG_Classification/ROI/roi_overlap_results.csv,True,True
TCGA-55-7907-01Z-00-DX1.f5a264f5-3926-4d09-82f3-cd38d554f3db,PathAgent,TCGA_LUNG_Classification,0.05,20,True,2.0,0.5952,0.073755,0.5952,0.36877499999999996,0.0983,0.0318,0.0246,/work/Agent_benchmark/PathAgent/post_eval/TCGA_LUNG_Classification/ROI/roi_overlap_results.csv,True,True
TCGA-55-7910-01Z-00-DX1.041e15d5-4852-49f6-85d9-74b510497651,PathAgent,TCGA_LUNG_Classification,0.05,56,True,1.0,1.0,0.5989660714285714,1.0,0.7623090909090909,0.558,0.0989,0.0917,/work/Agent_benchmark/PathAgent/post_eval/TCGA_LUNG_Classification/ROI/roi_overlap_results.csv,False,True
TCGA-55-7911-01Z-00-DX1.081bc002-06ee-4218-a25f-26c0e6c4b333,PathAgent,TCGA_LUNG_Classification,0.05,15,True,1.0,1.0,0.2399,1.0,0.5138142857142858,0.2399,0.0828,0.0656,/work/Agent_benchmark/PathAgent/post_eval/TCGA_LUNG_Classification/ROI/roi_overlap_results.csv,True,True
TCGA-55-7913-01Z-00-DX1.2295fcc5-70b0-412e-a1fd-b5366fce0739,PathAgent,TCGA_LUNG_Classification,0.05,2,False,,0.0,0.0,,,0.0,0.0,0.0,/work/Agent_benchmark/PathAgent/post_eval/TCGA_LUNG_Classification/ROI/roi_overlap_results.csv,True,True
TCGA-55-7914-01Z-00-DX1.875bffe1-8c56-4c29-ab11-6840ee3a643c,PathAgent,TCGA_LUNG_Classification,0.05,2,True,2.0,0.2251,0.12035,0.2251,0.2251,0.1203,0.0115,0.0106,/work/Agent_benchmark/PathAgent/post_eval/TCGA_LUNG_Classification/ROI/roi_overlap_results.csv,False,True
TCGA-55-7994-01Z-00-DX1.a0858080-c471-4337-bc57-7af57e9d92d8,PathAgent,TCGA_LUNG_Classification,0.05,9,True,1.0,1.0,0.6469666666666666,1.0,0.6469666666666666,0.6897,0.0748,0.0723,/work/Agent_benchmark/PathAgent/post_eval/TCGA_LUNG_Classification/ROI/roi_overlap_results.csv,False,True
TCGA-55-7995-01Z-00-DX1.fef24d04-35a0-4f57-8f51-7ad602a78871,PathAgent,TCGA_LUNG_Classification,0.05,8,True,2.0,0.5887,0.329225,0.5887,0.3752571428571429,0.2736,0.0471,0.0419,/work/Agent_benchmark/PathAgent/post_eval/TCGA_LUNG_Classification/ROI/roi_overlap_results.csv,True,True
TCGA-55-8085-01Z-00-DX1.ff220eba-3515-4d2e-b317-76337dd3d206,PathAgent,TCGA_LUNG_Classification,0.05,5,True,2.0,0.4042,0.17894000000000002,0.4042,0.29823333333333335,0.1789,0.0524,0.0423,/work/Agent_benchmark/PathAgent/post_eval/TCGA_LUNG_Classification/ROI/roi_overlap_results.csv,False,True
TCGA-55-8087-01Z-00-DX1.548f2800-8caf-4c0e-a7b5-6d3d28315d9c,PathAgent,TCGA_LUNG_Classification,0.05,6,True,1.0,1.0,0.53845,1.0,0.64614,0.4102,0.023,0.0223,/work/Agent_benchmark/PathAgent/post_eval/TCGA_LUNG_Classification/ROI/roi_overlap_results.csv,True,True
TCGA-55-8089-01Z-00-DX1.da4d99ff-4a7c-45a3-b79c-039c0c9e9712,PathAgent,TCGA_LUNG_Classification,0.05,5,True,1.0,0.7252,0.5877600000000001,0.7252,0.5877600000000001,0.5878,0.2105,0.1834,/work/Agent_benchmark/PathAgent/post_eval/TCGA_LUNG_Classification/ROI/roi_overlap_results.csv,False,True
TCGA-55-8090-01Z-00-DX1.83f86d5f-7cb9-443a-a812-b19ba4aea836,PathAgent,TCGA_LUNG_Classification,0.05,4,True,1.0,0.7179,0.301725,0.7179,0.3897,0.163,0.0256,0.0226,/work/Agent_benchmark/PathAgent/post_eval/TCGA_LUNG_Classification/ROI/roi_overlap_results.csv,True,True
TCGA-55-8091-01Z-00-DX1.0996c58a-6e93-4092-8cb8-014d548fe60c,PathAgent,TCGA_LUNG_Classification,0.05,6,True,1.0,1.0,0.88955,1.0,0.88955,0.8895,0.1673,0.1639,/work/Agent_benchmark/PathAgent/post_eval/TCGA_LUNG_Classification/ROI/roi_overlap_results.csv,False,True
TCGA-55-8092-01Z-00-DX1.04e44341-c4bb-4b0b-965c-7ec83f3877a6,PathAgent,TCGA_LUNG_Classification,0.05,2,True,1.0,0.0654,0.0654,0.0654,0.0654,0.0654,0.0039,0.0037,/work/Agent_benchmark/PathAgent/post_eval/TCGA_LUNG_Classification/ROI/roi_overlap_results.csv,False,True
TCGA-55-8094-01Z-00-DX1.8dc29615-e124-4f17-81a1-c0b20c38d12c,PathAgent,TCGA_LUNG_Classification,0.05,5,True,4.0,0.4296,0.08818,0.4296,0.4296,0.0882,0.0596,0.0369,/work/Agent_benchmark/PathAgent/post_eval/TCGA_LUNG_Classification/ROI/roi_overlap_results.csv,False,True
TCGA-55-8096-01Z-00-DX1.c833417d-10c1-4430-a241-d6f5496e1cd9,PathAgent,TCGA_LUNG_Classification,0.05,4,True,1.0,1.0,0.44065,1.0,0.5752,0.4406,0.0582,0.0542,/work/Agent_benchmark/PathAgent/post_eval/TCGA_LUNG_Classification/ROI/roi_overlap_results.csv,True,True
TCGA-55-8097-01Z-00-DX1.2f847b65-a5dc-41be-9dd0-a1e11df3cd10,PathAgent,TCGA_LUNG_Classification,0.05,5,True,2.0,0.9497,0.4662,0.9497,0.574125,0.4349,0.0986,0.0874,/work/Agent_benchmark/PathAgent/post_eval/TCGA_LUNG_Classification/ROI/roi_overlap_results.csv,True,True
TCGA-55-8203-01Z-00-DX1.f530d261-be19-4ff0-98d0-27b789dffb23,PathAgent,TCGA_LUNG_Classification,0.05,2,True,1.0,1.0,1.0,1.0,1.0,1.0,0.1601,0.1601,/work/Agent_benchmark/PathAgent/post_eval/TCGA_LUNG_Classification/ROI/roi_overlap_results.csv,False,True
TCGA-55-8204-01Z-00-DX1.30ba69f3-53f1-41cc-826c-20dce3cfe86b,PathAgent,TCGA_LUNG_Classification,0.05,2,True,1.0,0.2444,0.2444,0.2444,0.2444,0.2444,0.032,0.0291,/work/Agent_benchmark/PathAgent/post_eval/TCGA_LUNG_Classification/ROI/roi_overlap_results.csv,False,True
TCGA-55-8205-01Z-00-DX1.6df6d499-f325-409d-acb1-9e13172f2bb4,PathAgent,TCGA_LUNG_Classification,0.05,9,True,6.0,0.7757,0.08758888888888888,0.7757,0.7757,0.1314,0.0226,0.0197,/work/Agent_benchmark/PathAgent/post_eval/TCGA_LUNG_Classification/ROI/roi_overlap_results.csv,True,True
TCGA-55-8206-01Z-00-DX1.1216f330-c4e9-41b5-a2b7-9cafd960fa11,PathAgent,TCGA_LUNG_Classification,0.05,6,True,1.0,1.0,0.4847666666666666,1.0,0.72715,0.4848,0.0831,0.0764,/work/Agent_benchmark/PathAgent/post_eval/TCGA_LUNG_Classification/ROI/roi_overlap_results.csv,True,True
TCGA-55-8207-01Z-00-DX1.2dafc442-f927-4b0d-b197-cc8c5f86d0fc,PathAgent,TCGA_LUNG_Classification,0.05,2,True,1.0,0.2082,0.2082,0.2082,0.2082,0.2082,0.1331,0.0884,/work/Agent_benchmark/PathAgent/post_eval/TCGA_LUNG_Classification/ROI/roi_overlap_results.csv,False,True
TCGA-55-8208-01Z-00-DX1.6eccb7e2-16e4-4d25-9a1e-b370e016020f,PathAgent,TCGA_LUNG_Classification,0.05,30,False,,0.0,0.0,,,0.0,0.0,0.0,/work/Agent_benchmark/PathAgent/post_eval/TCGA_LUNG_Classification/ROI/roi_overlap_results.csv,True,True
TCGA-55-8301-01Z-00-DX1.2A66E0FC-84F2-4DF8-B06E-D7CDD7AA82C7,PathAgent,TCGA_LUNG_Classification,0.05,1,True,1.0,0.9625,0.9625,0.9625,0.9625,0.9625,0.0015,0.0015,/work/Agent_benchmark/PathAgent/post_eval/TCGA_LUNG_Classification/ROI/roi_overlap_results.csv,True,True
TCGA-55-8302-01Z-00-DX1.E0C2B152-BBA9-4AA7-9E6B-BD57B68163CB,PathAgent,TCGA_LUNG_Classification,0.05,4,True,1.0,1.0,0.335525,1.0,0.6703,0.3355,0.097,0.0813,/work/Agent_benchmark/PathAgent/post_eval/TCGA_LUNG_Classification/ROI/roi_overlap_results.csv,True,True
TCGA-55-8505-01Z-00-DX1.D364C30D-BFB8-486B-A0D3-948FF8E90C3E,PathAgent,TCGA_LUNG_Classification,0.05,1,True,1.0,0.2238,0.2238,0.2238,0.2238,0.2238,0.0351,0.0313,/work/Agent_benchmark/PathAgent/post_eval/TCGA_LUNG_Classification/ROI/roi_overlap_results.csv,True,True
TCGA-55-8506-01Z-00-DX1.A908E3D2-91F7-4DE2-98C9-95D1038B9F49,PathAgent,TCGA_LUNG_Classification,0.05,5,True,1.0,1.0,0.87302,1.0,0.87302,0.873,0.1058,0.1042,/work/Agent_benchmark/PathAgent/post_eval/TCGA_LUNG_Classification/ROI/roi_overlap_results.csv,False,True
TCGA-55-8507-01Z-00-DX1.3C6198CF-3E13-4C4C-B851-5BDFF8552621,PathAgent,TCGA_LUNG_Classification,0.05,20,True,6.0,1.0,0.105755,1.0,0.528775,0.1061,0.0109,0.01,/work/Agent_benchmark/PathAgent/post_eval/TCGA_LUNG_Classification/ROI/roi_overlap_results.csv,True,True
TCGA-55-8508-01Z-00-DX1.96B173E2-A298-4017-9AEC-113E547A3272,PathAgent,TCGA_LUNG_Classification,0.05,16,True,2.0,1.0,0.43245,1.0,0.68842,0.4325,0.0252,0.0244,/work/Agent_benchmark/PathAgent/post_eval/TCGA_LUNG_Classification/ROI/roi_overlap_results.csv,False,True
TCGA-55-8510-01Z-00-DX1.BB1EAC72-6215-400B-BCBF-E3D51A60182D,PathAgent,TCGA_LUNG_Classification,0.05,4,True,1.0,1.0,0.9133249999999999,1.0,0.9133249999999999,0.9133,0.17,0.1673,/work/Agent_benchmark/PathAgent/post_eval/TCGA_LUNG_Classification/ROI/roi_overlap_results.csv,False,True
TCGA-55-8511-01Z-00-DX1.8EDFB05B-5B59-46EA-973C-1048B1E284D2,PathAgent,TCGA_LUNG_Classification,0.05,5,True,1.0,1.0,1.0,1.0,1.0,1.0,0.0015,0.0015,/work/Agent_benchmark/PathAgent/post_eval/TCGA_LUNG_Classification/ROI/roi_overlap_results.csv,True,True
TCGA-55-8512-01Z-00-DX1.FD4B9CF5-1955-420E-A955-6D284772D2BE,PathAgent,TCGA_LUNG_Classification,0.05,16,True,8.0,0.33,0.021225,0.33,0.33,0.0283,0.0087,0.0067,/work/Agent_benchmark/PathAgent/post_eval/TCGA_LUNG_Classification/ROI/roi_overlap_results.csv,True,True
TCGA-55-8513-01Z-00-DX1.E21776FE-DF49-48D1-90D6-6F71D0764492,PathAgent,TCGA_LUNG_Classification,0.05,7,True,1.0,1.0,0.8814285714285716,1.0,0.8814285714285716,0.8814,0.1011,0.0998,/work/Agent_benchmark/PathAgent/post_eval/TCGA_LUNG_Classification/ROI/roi_overlap_results.csv,True,True
TCGA-55-8514-01Z-00-DX1.499CF563-B404-4061-9D1A-57954BBE2CE7,PathAgent,TCGA_LUNG_Classification,0.05,16,True,2.0,0.4718,0.04126875,0.4718,0.33015,0.0905,0.0191,0.016,/work/Agent_benchmark/PathAgent/post_eval/TCGA_LUNG_Classification/ROI/roi_overlap_results.csv,True,True
TCGA-55-8614-01Z-00-DX1.043DE2B5-A453-4570-8830-99170450658C,PathAgent,TCGA_LUNG_Classification,0.05,9,True,1.0,1.0,0.4267777777777778,1.0,0.96025,0.4268,0.0174,0.017,/work/Agent_benchmark/PathAgent/post_eval/TCGA_LUNG_Classification/ROI/roi_overlap_results.csv,False,True
TCGA-55-8615-01Z-00-DX1.928CFCA6-059D-4901-8D6A-BC7D9486C29F,PathAgent,TCGA_LUNG_Classification,0.05,9,True,1.0,1.0,0.5821111111111111,1.0,0.654875,0.5824,0.0684,0.0652,/work/Agent_benchmark/PathAgent/post_eval/TCGA_LUNG_Classification/ROI/roi_overlap_results.csv,True,True
TCGA-55-8616-01Z-00-DX1.4F53B2AB-8221-4E67-80D2-7A8E3815B730,PathAgent,TCGA_LUNG_Classification,0.05,8,True,1.0,1.0,0.849575,1.0,0.849575,0.8496,0.0885,0.0871,/work/Agent_benchmark/PathAgent/post_eval/TCGA_LUNG_Classification/ROI/roi_overlap_results.csv,False,True
TCGA-55-8619-01Z-00-DX1.46C7678A-6032-4C95-B535-85C87B92B6ED,PathAgent,TCGA_LUNG_Classification,0.05,20,True,4.0,0.6629,0.25173,0.6629,0.38320769230769236,0.2517,0.108,0.0818,/work/Agent_benchmark/PathAgent/post_eval/TCGA_LUNG_Classification/ROI/roi_overlap_results.csv,True,True
TCGA-55-8620-01Z-00-DX1.6591EEC4-D696-4826-80BD-99BE1D99EBB8,PathAgent,TCGA_LUNG_Classification,0.05,12,True,6.0,0.2196,0.019283333333333333,0.2196,0.2196,0.0257,0.0072,0.0056,/work/Agent_benchmark/PathAgent/post_eval/TCGA_LUNG_Classification/ROI/roi_overlap_results.csv,True,True
TCGA-55-8621-01Z-00-DX1.7C519007-D59D-432A-BF4D-23D14A1C8BB6,PathAgent,TCGA_LUNG_Classification,0.05,5,True,3.0,1.0,0.40044,1.0,1.0,0.4004,0.0749,0.0673,/work/Agent_benchmark/PathAgent/post_eval/TCGA_LUNG_Classification/ROI/roi_overlap_results.csv,False,True
TCGA-55-A48X-01Z-00-DX1.A46C6373-8458-4D55-88C3-4C70A05F9F47,PathAgent,TCGA_LUNG_Classification,0.05,2,True,1.0,0.9574,0.59535,0.9574,0.59535,0.5954,0.0739,0.0704,/work/Agent_benchmark/PathAgent/post_eval/TCGA_LUNG_Classification/ROI/roi_overlap_results.csv,False,True
TCGA-55-A48Y-01Z-00-DX1.D8735347-E060-439F-B5A1-1E47A958A392,PathAgent,TCGA_LUNG_Classification,0.05,3,False,,0.0482,0.016066666666666667,,,0.0161,0.0036,0.0029,/work/Agent_benchmark/PathAgent/post_eval/TCGA_LUNG_Classification/ROI/roi_overlap_results.csv,True,True
TCGA-55-A48Z-01Z-00-DX1.0867DC6A-2A51-4CF1-AE3F-0526CE2DD740,PathAgent,TCGA_LUNG_Classification,0.05,13,True,2.0,1.0,0.43826923076923074,1.0,0.9495833333333333,0.4383,0.1763,0.1438,/work/Agent_benchmark/PathAgent/post_eval/TCGA_LUNG_Classification/ROI/roi_overlap_results.csv,False,True
TCGA-55-A490-01Z-00-DX1.07D77502-7216-4C23-9BB8-8DE99AECC920,PathAgent,TCGA_LUNG_Classification,0.05,16,True,1.0,0.2965,0.1210125,0.2965,0.16134999999999997,0.121,0.0085,0.008,/work/Agent_benchmark/PathAgent/post_eval/TCGA_LUNG_Classification/ROI/roi_overlap_results.csv,True,True
TCGA-55-A491-01Z-00-DX1.E5F3B4E5-18EA-4067-AE28-119DABCE739A,PathAgent,TCGA_LUNG_Classification,0.05,4,True,1.0,1.0,0.76505,1.0,0.76505,0.765,0.1598,0.1524,/work/Agent_benchmark/PathAgent/post_eval/TCGA_LUNG_Classification/ROI/roi_overlap_results.csv,False,True
TCGA-55-A492-01Z-00-DX1.31B23842-7F8B-4311-88DF-C51CB4F54AED,PathAgent,TCGA_LUNG_Classification,0.05,30,False,,0.0315,0.0017399999999999998,,,0.0026,0.0016,0.001,/work/Agent_benchmark/PathAgent/post_eval/TCGA_LUNG_Classification/ROI/roi_overlap_results.csv,True,True
TCGA-55-A493-01Z-00-DX1.1CF94B85-7A64-4213-9B04-16504512DE2E,PathAgent,TCGA_LUNG_Classification,0.05,10,True,1.0,1.0,0.5223599999999999,1.0,0.65295,0.4029,0.1247,0.1053,/work/Agent_benchmark/PathAgent/post_eval/TCGA_LUNG_Classification/ROI/roi_overlap_results.csv,True,True
TCGA-55-A494-01Z-00-DX1.8C7C4BE0-791A-47CA-B0A8-1935366350E0,PathAgent,TCGA_LUNG_Classification,0.05,36,True,3.0,1.0,0.40407777777777776,1.0,0.6049666666666667,0.3735,0.1496,0.1196,/work/Agent_benchmark/PathAgent/post_eval/TCGA_LUNG_Classification/ROI/roi_overlap_results.csv,True,True
TCGA-55-A4DF-01Z-00-DX1.C945E1AD-BEF4-403F-BB11-BAC831D24CDA,PathAgent,TCGA_LUNG_Classification,0.05,4,True,1.0,0.305,0.110475,0.305,0.2127,0.2127,0.0255,0.0233,/work/Agent_benchmark/PathAgent/post_eval/TCGA_LUNG_Classification/ROI/roi_overlap_results.csv,True,True
TCGA-55-A4DG-01Z-00-DX1.9CE9B7BE-48EF-44F1-9C25-F15700A3E5DE,PathAgent,TCGA_LUNG_Classification,0.05,2,False,,0.0,0.0,,,0.0,0.0,0.0,/work/Agent_benchmark/PathAgent/post_eval/TCGA_LUNG_Classification/ROI/roi_overlap_results.csv,True,True
TCGA-55-A57B-01Z-00-DX1.8D3C7063-3AF6-4839-A656-F844EC0AF9DB,PathAgent,TCGA_LUNG_Classification,0.05,3,False,,0.0,0.0,,,0.0,0.0,0.0,/work/Agent_benchmark/PathAgent/post_eval/TCGA_LUNG_Classification/ROI/roi_overlap_results.csv,False,True
TCGA-56-1622-01Z-00-DX1.d4178664-1e21-452f-9dbf-1b23467ddabc,PathAgent,TCGA_LUNG_Classification,0.05,5,True,4.0,0.1037,0.04148,0.1037,0.1037,0.0259,0.0104,0.0075,/work/Agent_benchmark/PathAgent/post_eval/TCGA_LUNG_Classification/ROI/roi_overlap_results.csv,True,True
TCGA-56-5897-01Z-00-DX1.776271b1-77a9-4653-8ed3-13294c9fc056,PathAgent,TCGA_LUNG_Classification,0.05,4,False,,0.0484,0.0148,,,0.0242,0.0016,0.0015,/work/Agent_benchmark/PathAgent/post_eval/TCGA_LUNG_Classification/ROI/roi_overlap_results.csv,True,True
TCGA-56-5898-01Z-00-DX1.d539fc8b-ae31-4820-8c2e-5cf587958eb3,PathAgent,TCGA_LUNG_Classification,0.05,2,True,1.0,0.0892,0.0892,0.0892,0.0892,0.0892,0.0223,0.0182,/work/Agent_benchmark/PathAgent/post_eval/TCGA_LUNG_Classification/ROI/roi_overlap_results.csv,False,True
TCGA-56-6545-01Z-00-DX1.24a6678b-2dbf-4539-844e-1e3786c3fac3,PathAgent,TCGA_LUNG_Classification,0.05,8,True,1.0,1.0,0.6136874999999999,1.0,0.81825,0.6137,0.1518,0.1386,/work/Agent_benchmark/PathAgent/post_eval/TCGA_LUNG_Classification/ROI/roi_overlap_results.csv,True,True
TCGA-56-6546-01Z-00-DX1.4fecf41b-6757-4c0d-98c4-24b9a65144f1,PathAgent,TCGA_LUNG_Classification,0.05,6,True,1.0,1.0,0.6666666666666666,1.0,1.0,0.6667,0.1108,0.105,/work/Agent_benchmark/PathAgent/post_eval/TCGA_LUNG_Classification/ROI/roi_overlap_results.csv,True,True
TCGA-56-7221-01Z-00-DX1.f897f1ee-2796-4183-9312-f47871383327,PathAgent,TCGA_LUNG_Classification,0.05,3,True,1.0,1.0,0.6305666666666666,1.0,0.6305666666666666,0.6305,0.1072,0.1009,/work/Agent_benchmark/PathAgent/post_eval/TCGA_LUNG_Classification/ROI/roi_overlap_results.csv,True,True
TCGA-56-7222-01Z-00-DX1.f932abe9-4f5c-46d8-908b-29669681d2db,PathAgent,TCGA_LUNG_Classification,0.05,10,True,4.0,0.9993,0.19985999999999998,0.9993,0.9993,0.1999,0.0335,0.0295,/work/Agent_benchmark/PathAgent/post_eval/TCGA_LUNG_Classification/ROI/roi_overlap_results.csv,False,True
TCGA-56-7223-01Z-00-DX1.dd01c478-6dfa-4757-85fd-d956d70ec372,PathAgent,TCGA_LUNG_Classification,0.05,26,True,23.0,1.0,0.13706923076923078,1.0,0.89095,0.1371,0.0048,0.0046,/work/Agent_benchmark/PathAgent/post_eval/TCGA_LUNG_Classification/ROI/roi_overlap_results.csv,False,True
TCGA-56-7579-01Z-00-DX1.627f65b9-ac66-4f71-a6f4-394338b647f0,PathAgent,TCGA_LUNG_Classification,0.05,4,True,1.0,0.4589,0.20737499999999998,0.4589,0.27649999999999997,0.1853,0.0125,0.0118,/work/Agent_benchmark/PathAgent/post_eval/TCGA_LUNG_Classification/ROI/roi_overlap_results.csv,True,True
TCGA-56-7582-01Z-00-DX1.81e6c419-f6a1-49cf-9a83-7c1a679fbfc6,PathAgent,TCGA_LUNG_Classification,0.05,9,True,1.0,1.0,0.9180444444444444,1.0,0.9180444444444444,0.918,0.1282,0.1268,/work/Agent_benchmark/PathAgent/post_eval/TCGA_LUNG_Classification/ROI/roi_overlap_results.csv,True,True
TCGA-56-7730-01Z-00-DX1.6f127663-c517-4b5d-99a6-a3cd314304b1,PathAgent,TCGA_LUNG_Classification,0.05,10,False,,0.0,0.0,,,0.0,0.0,0.0,/work/Agent_benchmark/PathAgent/post_eval/TCGA_LUNG_Classification/ROI/roi_overlap_results.csv,True,True
TCGA-56-7731-01Z-00-DX1.e205943f-cb2e-4006-b3be-b07d95fea663,PathAgent,TCGA_LUNG_Classification,0.05,4,False,,0.0061,0.001525,,,0.0031,0.0003,0.0003,/work/Agent_benchmark/PathAgent/post_eval/TCGA_LUNG_Classification/ROI/roi_overlap_results.csv,False,True
TCGA-56-7823-01Z-00-DX1.354861d2-79f1-4b70-a74e-20cb0f78468e,PathAgent,TCGA_LUNG_Classification,0.05,6,True,5.0,1.0,0.29773333333333335,1.0,0.8932,0.2977,0.1072,0.0855,/work/Agent_benchmark/PathAgent/post_eval/TCGA_LUNG_Classification/ROI/roi_overlap_results.csv,False,True
TCGA-56-8082-01Z-00-DX1.f0056ce7-58cf-4fc7-b249-ddeadeafafb3,PathAgent,TCGA_LUNG_Classification,0.05,3,True,1.0,0.3127,0.19673333333333334,0.3127,0.29510000000000003,0.2951,0.1225,0.0947,/work/Agent_benchmark/PathAgent/post_eval/TCGA_LUNG_Classification/ROI/roi_overlap_results.csv,False,True
TCGA-56-8083-01Z-00-DX1.140c8d5b-f660-4fef-b8da-6bb2c119c021,PathAgent,TCGA_LUNG_Classification,0.05,4,False,,0.0,0.0,,,0.0,0.0,0.0,/work/Agent_benchmark/PathAgent/post_eval/TCGA_LUNG_Classification/ROI/roi_overlap_results.csv,True,True
TCGA-56-8201-01Z-00-DX1.883903fb-d70d-4c72-be76-6788b1bc3b35,PathAgent,TCGA_LUNG_Classification,0.05,2,True,1.0,0.2473,0.2473,0.2473,0.2473,0.2473,0.0152,0.0145,/work/Agent_benchmark/PathAgent/post_eval/TCGA_LUNG_Classification/ROI/roi_overlap_results.csv,True,True
TCGA-56-8304-01Z-00-DX1.F7A7975D-C8AB-49C0-B9CD-18CFD01A0655,PathAgent,TCGA_LUNG_Classification,0.05,4,True,2.0,1.0,0.29725,1.0,0.5945,0.2973,0.0553,0.0489,/work/Agent_benchmark/PathAgent/post_eval/TCGA_LUNG_Classification/ROI/roi_overlap_results.csv,False,True
TCGA-56-8305-01Z-00-DX1.2C1D792D-79E0-48D7-9938-DFD44428874E,PathAgent,TCGA_LUNG_Classification,0.05,8,True,6.0,1.0,0.125,1.0,1.0,0.125,0.0004,0.0004,/work/Agent_benchmark/PathAgent/post_eval/TCGA_LUNG_Classification/ROI/roi_overlap_results.csv,False,True
TCGA-56-8307-01Z-00-DX1.20EE4B4C-403F-44AA-8B0E-711003E60B8F,PathAgent,TCGA_LUNG_Classification,0.05,6,True,1.0,0.8517,0.5362333333333335,0.8517,0.5362333333333335,0.5362,0.0295,0.0288,/work/Agent_benchmark/PathAgent/post_eval/TCGA_LUNG_Classification/ROI/roi_overlap_results.csv,True,True
TCGA-56-8308-01Z-00-DX1.48CAE02B-05B1-4681-B68C-DD32C414FD2D,PathAgent,TCGA_LUNG_Classification,0.05,22,True,1.0,1.0,0.8993090909090907,1.0,0.9421333333333332,0.8993,0.1833,0.1797,/work/Agent_benchmark/PathAgent/post_eval/TCGA_LUNG_Classification/ROI/roi_overlap_results.csv,True,True
TCGA-56-8309-01Z-00-DX1.5FC5FA81-405A-48AB-AA7D-2D38003A8942,PathAgent,TCGA_LUNG_Classification,0.05,4,True,2.0,0.1312,0.03735,0.1312,0.1312,0.0747,0.0087,0.0079,/work/Agent_benchmark/PathAgent/post_eval/TCGA_LUNG_Classification/ROI/roi_overlap_results.csv,False,True
TCGA-56-8503-01Z-00-DX1.87FEB654-FC88-4CDA-8F52-ACF0D9A19191,PathAgent,TCGA_LUNG_Classification,0.05,8,True,1.0,1.0,0.23097499999999999,1.0,0.6159333333333333,0.212,0.0121,0.0116,/work/Agent_benchmark/PathAgent/post_eval/TCGA_LUNG_Classification/ROI/roi_overlap_results.csv,False,True
TCGA-56-8504-01Z-00-DX1.032AF45F-89C3-4265-8287-A455780DA887,PathAgent,TCGA_LUNG_Classification,0.05,6,True,1.0,1.0,0.6611666666666667,1.0,0.99175,0.6612,0.075,0.0722,/work/Agent_benchmark/PathAgent/post_eval/TCGA_LUNG_Classification/ROI/roi_overlap_results.csv,True,True
TCGA-56-8622-01Z-00-DX1.62B552C4-5CBE-4469-8DBB-E27497FF95F4,PathAgent,TCGA_LUNG_Classification,0.05,10,True,2.0,1.0,0.49188,1.0,0.61485,0.4919,0.0344,0.0333,/work/Agent_benchmark/PathAgent/post_eval/TCGA_LUNG_Classification/ROI/roi_overlap_results.csv,True,True
TCGA-56-8623-01Z-00-DX1.119C11E2-16E4-48A9-B8BD-6F1E8CBFEBA1,PathAgent,TCGA_LUNG_Classification,0.05,20,True,8.0,1.0,0.11642999999999999,1.0,0.58215,0.1197,0.0138,0.0125,/work/Agent_benchmark/PathAgent/post_eval/TCGA_LUNG_Classification/ROI/roi_overlap_results.csv,True,True
TCGA-56-8624-01Z-00-DX1.18DFDAB8-1701-4E15-9321-7D99CD15E4B0,PathAgent,TCGA_LUNG_Classification,0.05,6,True,1.0,0.6652,0.32653333333333334,0.6652,0.32653333333333334,0.3265,0.0377,0.035,/work/Agent_benchmark/PathAgent/post_eval/TCGA_LUNG_Classification/ROI/roi_overlap_results.csv,True,True
TCGA-56-8625-01Z-00-DX1.11AADFB3-33FF-4EAA-B423-CD0F07163747,PathAgent,TCGA_LUNG_Classification,0.05,5,True,1.0,1.0,0.49811999999999995,1.0,0.6226499999999999,0.4981,0.0079,0.0079,/work/Agent_benchmark/PathAgent/post_eval/TCGA_LUNG_Classification/ROI/roi_overlap_results.csv,True,True
TCGA-56-8626-01Z-00-DX1.C9836EAF-F005-40E9-B781-1D5586141F0D,PathAgent,TCGA_LUNG_Classification,0.05,7,True,1.0,1.0,1.0,1.0,1.0,1.0,0.1342,0.1342,/work/Agent_benchmark/PathAgent/post_eval/TCGA_LUNG_Classification/ROI/roi_overlap_results.csv,True,True
TCGA-56-8628-01Z-00-DX1.AAC57164-E0F9-4DF0-87EA-5C50FB201895,PathAgent,TCGA_LUNG_Classification,0.05,1,True,1.0,0.1274,0.1274,0.1274,0.1274,0.1274,0.0141,0.0129,/work/Agent_benchmark/PathAgent/post_eval/TCGA_LUNG_Classification/ROI/roi_overlap_results.csv,False,True
TCGA-56-8629-01Z-00-DX1.6F79BFD6-36B0-46F4-918B-2F4FF083E3E3,PathAgent,TCGA_LUNG_Classification,0.05,6,True,1.0,1.0,0.8257166666666667,1.0,0.8257166666666667,0.8257,0.0859,0.0843,/work/Agent_benchmark/PathAgent/post_eval/TCGA_LUNG_Classification/ROI/roi_overlap_results.csv,True,True
TCGA-56-A49D-01Z-00-DX1.1ECF40A0-1490-42B3-8924-A80E4ED35F93,PathAgent,TCGA_LUNG_Classification,0.05,31,True,2.0,1.0,0.7802354838709677,1.0,0.9302807692307693,0.7802,0.3786,0.3421,/work/Agent_benchmark/PathAgent/post_eval/TCGA_LUNG_Classification/ROI/roi_overlap_results.csv,True,True
TCGA-56-A4BW-01Z-00-DX1.8ED20788-092B-4C21-9D83-5423D853422F,PathAgent,TCGA_LUNG_Classification,0.05,22,False,,0.0123,0.0006727272727272728,,,0.0013,0.0003,0.0002,/work/Agent_benchmark/PathAgent/post_eval/TCGA_LUNG_Classification/ROI/roi_overlap_results.csv,False,True
TCGA-56-A4BY-01Z-00-DX1.DCA0D153-7DB7-44FB-A87A-20931D36856A,PathAgent,TCGA_LUNG_Classification,0.05,25,True,2.0,0.7976,0.303072,0.7976,0.46581874999999995,0.2926,0.1174,0.0915,/work/Agent_benchmark/PathAgent/post_eval/TCGA_LUNG_Classification/ROI/roi_overlap_results.csv,True,True
TCGA-56-A4ZJ-01Z-00-DX1.6BB25D9D-75E7-4B44-8560-8A3C3EC9F118,PathAgent,TCGA_LUNG_Classification,0.05,5,True,2.0,1.0,0.38178,1.0,0.47140000000000004,0.3818,0.1836,0.1415,/work/Agent_benchmark/PathAgent/post_eval/TCGA_LUNG_Classification/ROI/roi_overlap_results.csv,False,True
TCGA-56-A4ZK-01Z-00-DX1.D6B1AC68-BF70-4C49-A5A1-233D6DA4AE27,PathAgent,TCGA_LUNG_Classification,0.05,5,True,1.0,1.0,0.62948,1.0,0.62948,0.6295,0.0836,0.0796,/work/Agent_benchmark/PathAgent/post_eval/TCGA_LUNG_Classification/ROI/roi_overlap_results.csv,True,True
TCGA-56-A5DS-01Z-00-DX1.952C8777-4B8F-415A-9D27-C155D1623A86,PathAgent,TCGA_LUNG_Classification,0.05,9,False,,0.0,0.0,,,0.0,0.0,0.0,/work/Agent_benchmark/PathAgent/post_eval/TCGA_LUNG_Classification/ROI/roi_overlap_results.csv,False,True
TCGA-56-A62T-01Z-00-DX1.05B9E747-DF22-4FFB-A79A-C023AB667CA0,PathAgent,TCGA_LUNG_Classification,0.05,8,True,1.0,1.0,0.67195,1.0,0.7679428571428571,0.672,0.1372,0.1286,/work/Agent_benchmark/PathAgent/post_eval/TCGA_LUNG_Classification/ROI/roi_overlap_results.csv,True,True
TCGA-58-A46J-01Z-00-DX1.4BF4AAC3-2020-41EA-A181-5E90A23DA024,PathAgent,TCGA_LUNG_Classification,0.05,42,True,1.0,0.4221,0.07450476190476191,0.4221,0.3476888888888888,0.0665,0.0103,0.009,/work/Agent_benchmark/PathAgent/post_eval/TCGA_LUNG_Classification/ROI/roi_overlap_results.csv,True,True
TCGA-58-A46K-01Z-00-DX1.A293339A-A592-4CA2-AE49-CDDD0810C624,PathAgent,TCGA_LUNG_Classification,0.05,30,True,6.0,0.7015,0.14142666666666667,0.7015,0.53035,0.1414,0.0091,0.0086,/work/Agent_benchmark/PathAgent/post_eval/TCGA_LUNG_Classification/ROI/roi_overlap_results.csv,False,True
TCGA-58-A46L-01Z-00-DX1.DA77E0D9-23A2-4D54-81E9-36849E04FBC8,PathAgent,TCGA_LUNG_Classification,0.05,29,True,1.0,1.0,0.9062,1.0,0.9062,0.9062,0.1356,0.1337,/work/Agent_benchmark/PathAgent/post_eval/TCGA_LUNG_Classification/ROI/roi_overlap_results.csv,True,True
TCGA-58-A46M-01Z-00-DX1.DCC711DA-EB83-498E-9AFA-33E874EA537C,PathAgent,TCGA_LUNG_Classification,0.05,32,True,9.0,0.1039,0.00649375,0.1039,0.1039,0.0065,0.0006,0.0005,/work/Agent_benchmark/PathAgent/post_eval/TCGA_LUNG_Classification/ROI/roi_overlap_results.csv,False,True
TCGA-58-A46N-01Z-00-DX1.5D51252C-5294-4E40-ABB2-31C3BE1039F8,PathAgent,TCGA_LUNG_Classification,0.05,44,True,5.0,1.0,0.47755227272727274,1.0,1.0,0.4776,0.0205,0.02,/work/Agent_benchmark/PathAgent/post_eval/TCGA_LUNG_Classification/ROI/roi_overlap_results.csv,False,True
TCGA-60-2696-01Z-00-DX1.17748315-09b2-4abd-97f1-93c9951b0a70,PathAgent,TCGA_LUNG_Classification,0.05,6,True,1.0,1.0,0.9631666666666666,1.0,0.9631666666666666,0.9632,0.1088,0.1083,/work/Agent_benchmark/PathAgent/post_eval/TCGA_LUNG_Classification/ROI/roi_overlap_results.csv,True,True
TCGA-60-2697-01Z-00-DX1.e11a5b5b-c4be-4fe1-b7db-08879e55d552,PathAgent,TCGA_LUNG_Classification,0.05,34,True,1.0,1.0,0.9410499999999999,1.0,0.999865625,0.9411,0.1603,0.1587,/work/Agent_benchmark/PathAgent/post_eval/TCGA_LUNG_Classification/ROI/roi_overlap_results.csv,True,True
TCGA-60-2703-01Z-00-DX1.13cdede5-0135-4e05-9478-3b728cad247e,PathAgent,TCGA_LUNG_Classification,0.05,29,True,1.0,1.0,0.9655172413793104,1.0,1.0,0.9655,0.027,0.027,/work/Agent_benchmark/PathAgent/post_eval/TCGA_LUNG_Classification/ROI/roi_overlap_results.csv,True,True
TCGA-60-2704-01Z-00-DX1.e904afb3-7935-4df5-90dc-f7151e15b31b,PathAgent,TCGA_LUNG_Classification,0.05,34,True,1.0,1.0,0.9177117647058823,1.0,0.9455212121212122,0.9177,0.1728,0.1702,/work/Agent_benchmark/PathAgent/post_eval/TCGA_LUNG_Classification/ROI/roi_overlap_results.csv,True,True
TCGA-60-2706-01Z-00-DX1.db003232-66ab-437e-81c7-f490310ca03a,PathAgent,TCGA_LUNG_Classification,0.05,12,True,3.0,1.0,0.2665416666666667,1.0,0.799625,0.2665,0.0633,0.0539,/work/Agent_benchmark/PathAgent/post_eval/TCGA_LUNG_Classification/ROI/roi_overlap_results.csv,False,True
TCGA-60-2707-01Z-00-DX1.4aafd76b-eb0e-4ab9-a740-682c169a3c3d,PathAgent,TCGA_LUNG_Classification,0.05,9,True,2.0,1.0,0.6903111111111112,1.0,0.7752,0.6903,0.2723,0.2426,/work/Agent_benchmark/PathAgent/post_eval/TCGA_LUNG_Classification/ROI/roi_overlap_results.csv,False,True
TCGA-60-2708-01Z-00-DX1.3b59f6dc-02f8-4118-9037-f18ebb9bd539,PathAgent,TCGA_LUNG_Classification,0.05,6,True,1.0,1.0,0.5874333333333334,1.0,0.5874333333333334,0.7087,0.0348,0.0343,/work/Agent_benchmark/PathAgent/post_eval/TCGA_LUNG_Classification/ROI/roi_overlap_results.csv,False,True
TCGA-60-2709-01Z-00-DX1.ded10e7c-c1ca-4402-be0e-f3978994d4af,PathAgent,TCGA_LUNG_Classification,0.05,26,True,1.0,1.0,0.3232499999999999,1.0,0.6465000000000001,0.3898,0.0228,0.022,/work/Agent_benchmark/PathAgent/post_eval/TCGA_LUNG_Classification/ROI/roi_overlap_results.csv,False,True
TCGA-60-2711-01Z-00-DX1.186b9a92-fcae-45b6-a52c-e8da0c1a419c,PathAgent,TCGA_LUNG_Classification,0.05,28,True,1.0,1.0,0.9975678571428571,1.0,0.9975678571428571,0.9976,0.1136,0.1136,/work/Agent_benchmark/PathAgent/post_eval/TCGA_LUNG_Classification/ROI/roi_overlap_results.csv,False,True
TCGA-60-2712-01Z-00-DX1.97003dfc-4b37-4491-86e8-0801e6825aae,PathAgent,TCGA_LUNG_Classification,0.05,10,True,1.0,1.0,0.54401,1.0,0.9066833333333334,0.544,0.38,0.2882,/work/Agent_benchmark/PathAgent/post_eval/TCGA_LUNG_Classification/ROI/roi_overlap_results.csv,True,True
TCGA-60-2713-01Z-00-DX1.8cc5fb8d-be9c-4f25-b088-85e1feff834a,PathAgent,TCGA_LUNG_Classification,0.05,11,True,1.0,1.0,0.953790909090909,1.0,0.953790909090909,0.9538,0.1535,0.1524,/work/Agent_benchmark/PathAgent/post_eval/TCGA_LUNG_Classification/ROI/roi_overlap_results.csv,True,True
TCGA-60-2715-01Z-00-DX1.22710dc4-eaf5-44c2-8438-c6dcfae1d452,PathAgent,TCGA_LUNG_Classification,0.05,8,False,,0.0,0.0,,,0.0,0.0,0.0,/work/Agent_benchmark/PathAgent/post_eval/TCGA_LUNG_Classification/ROI/roi_overlap_results.csv,False,True
TCGA-60-2716-01Z-00-DX1.28642302-a114-4e80-b9db-c04eee7d92d8,PathAgent,TCGA_LUNG_Classification,0.05,8,True,2.0,0.4452,0.2322,0.4452,0.29673333333333335,0.2322,0.0114,0.011,/work/Agent_benchmark/PathAgent/post_eval/TCGA_LUNG_Classification/ROI/roi_overlap_results.csv,True,True
TCGA-60-2719-01Z-00-DX1.e834671a-7468-4517-bf95-4e100f87e9a3,PathAgent,TCGA_LUNG_Classification,0.05,8,True,1.0,1.0,0.93255,1.0,0.93255,0.9326,0.0233,0.0233,/work/Agent_benchmark/PathAgent/post_eval/TCGA_LUNG_Classification/ROI/roi_overlap_results.csv,False,True
TCGA-60-2720-01Z-00-DX1.5ff16714-210d-44c3-856a-5877fd06e986,PathAgent,TCGA_LUNG_Classification,0.05,8,True,2.0,0.4431,0.0553875,0.4431,0.4431,0.1108,0.0068,0.0064,/work/Agent_benchmark/PathAgent/post_eval/TCGA_LUNG_Classification/ROI/roi_overlap_results.csv,True,True
TCGA-60-2721-01Z-00-DX1.8ea139d5-018b-4a66-915e-4784c808742e,PathAgent,TCGA_LUNG_Classification,0.05,27,True,6.0,0.1242,0.011685185185185186,0.1242,0.08660000000000001,0.0131,0.0049,0.0036,/work/Agent_benchmark/PathAgent/post_eval/TCGA_LUNG_Classification/ROI/roi_overlap_results.csv,False,True
TCGA-60-2722-01Z-00-DX1.f3781266-e8dc-4386-9702-5b29e6f2cfa3,PathAgent,TCGA_LUNG_Classification,0.05,8,False,,0.0,0.0,,,0.0,0.0,0.0,/work/Agent_benchmark/PathAgent/post_eval/TCGA_LUNG_Classification/ROI/roi_overlap_results.csv,False,True
TCGA-60-2723-01Z-00-DX1.1c12de5a-5d31-468e-9169-feb23d24e7d6,PathAgent,TCGA_LUNG_Classification,0.05,20,False,,0.0,0.0,,,0.0,0.0,0.0,/work/Agent_benchmark/PathAgent/post_eval/TCGA_LUNG_Classification/ROI/roi_overlap_results.csv,False,True
TCGA-60-2725-01Z-00-DX1.b9d038d6-c2fb-4e46-a4ef-80fdbfb56d0a,PathAgent,TCGA_LUNG_Classification,0.05,29,True,1.0,1.0,0.961955172413793,1.0,0.961955172413793,0.962,0.1079,0.1075,/work/Agent_benchmark/PathAgent/post_eval/TCGA_LUNG_Classification/ROI/roi_overlap_results.csv,False,True
TCGA-60-2726-01Z-00-DX1.3c30934b-c93a-4dad-9c44-b417eae17137,PathAgent,TCGA_LUNG_Classification,0.05,15,True,3.0,0.5926,0.15368,0.5926,0.37835,0.1546,0.0471,0.0375,/work/Agent_benchmark/PathAgent/post_eval/TCGA_LUNG_Classification/ROI/roi_overlap_results.csv,True,True
TCGA-62-A46O-01Z-00-DX1.39B361AD-ED1D-4C0C-8611-0E8CCBDBD252,PathAgent,TCGA_LUNG_Classification,0.05,36,True,18.0,0.1903,0.010572222222222222,0.1903,0.1903,0.0106,0.0018,0.0016,/work/Agent_benchmark/PathAgent/post_eval/TCGA_LUNG_Classification/ROI/roi_overlap_results.csv,False,True
TCGA-62-A46P-01Z-00-DX1.9136CC96-51B9-4FEB-8BCF-2C3676C708B1,PathAgent,TCGA_LUNG_Classification,0.05,72,True,11.0,1.0,0.052620833333333325,1.0,0.541042857142857,0.039,0.0081,0.0067,/work/Agent_benchmark/PathAgent/post_eval/TCGA_LUNG_Classification/ROI/roi_overlap_results.csv,True,True
TCGA-62-A46R-01Z-00-DX1.AD823FBA-A63F-4D36-8B84-2C995DE5FC47,PathAgent,TCGA_LUNG_Classification,0.05,21,True,4.0,1.0,0.3728952380952381,1.0,0.7786,0.3729,0.0527,0.0484,/work/Agent_benchmark/PathAgent/post_eval/TCGA_LUNG_Classification/ROI/roi_overlap_results.csv,True,True
TCGA-62-A46S-01Z-00-DX1.7A8A6F38-76EA-4F43-BC03-1C42E6787E33,PathAgent,TCGA_LUNG_Classification,0.05,28,True,1.0,1.0,1.0,1.0,1.0,1.0,0.0011,0.0011,/work/Agent_benchmark/PathAgent/post_eval/TCGA_LUNG_Classification/ROI/roi_overlap_results.csv,True,True
TCGA-62-A46U-01Z-00-DX1.5129535F-8B6A-4647-8A88-3EE125642874,PathAgent,TCGA_LUNG_Classification,0.05,31,True,3.0,1.0,0.31950645161290325,1.0,0.7580307692307693,0.3195,0.0644,0.0567,/work/Agent_benchmark/PathAgent/post_eval/TCGA_LUNG_Classification/ROI/roi_overlap_results.csv,True,True
TCGA-62-A470-01Z-00-DX1.3983A979-E756-413C-941A-C8B83AD3BBA7,PathAgent,TCGA_LUNG_Classification,0.05,33,True,1.0,1.0,0.5833272727272727,1.0,0.769756,0.5833,0.1311,0.1199,/work/Agent_benchmark/PathAgent/post_eval/TCGA_LUNG_Classification/ROI/roi_overlap_results.csv,True,True
TCGA-62-A471-01Z-00-DX1.51A235BB-7F67-4C0D-8B15-2E26116D8822,PathAgent,TCGA_LUNG_Classification,0.05,26,False,,0.0129,0.0009923076923076923,,,0.001,0.0001,0.0001,/work/Agent_benchmark/PathAgent/post_eval/TCGA_LUNG_Classification/ROI/roi_overlap_results.csv,False,True
TCGA-62-A472-01Z-00-DX1.C2F76C9A-C51A-4521-9B95-2A20063E9931,PathAgent,TCGA_LUNG_Classification,0.05,24,True,1.0,1.0,0.6045541666666666,1.0,0.803838888888889,0.6046,0.1528,0.1389,/work/Agent_benchmark/PathAgent/post_eval/TCGA_LUNG_Classification/ROI/roi_overlap_results.csv,True,True
TCGA-63-5128-01Z-00-DX1.7D6C6ABF-D035-4F48-811B-629A0B4AD597,PathAgent,TCGA_LUNG_Classification,0.05,2,False,,0.0324,0.0162,,,0.0324,0.0015,0.0014,/work/Agent_benchmark/PathAgent/post_eval/TCGA_LUNG_Classification/ROI/roi_overlap_results.csv,True,True
TCGA-63-5131-01Z-00-DX1.C1C3724A-D9FC-46D6-9D7B-9357A58ACAEF,PathAgent,TCGA_LUNG_Classification,0.05,4,False,,0.0,0.0,,,0.0,0.0,0.0,/work/Agent_benchmark/PathAgent/post_eval/TCGA_LUNG_Classification/ROI/roi_overlap_results.csv,True,True
TCGA-63-6202-01Z-00-DX1.A0A13923-E41B-4A6D-BC55-532D8E90DE0F,PathAgent,TCGA_LUNG_Classification,0.05,6,False,,0.0,0.0,,,0.0,0.0,0.0,/work/Agent_benchmark/PathAgent/post_eval/TCGA_LUNG_Classification/ROI/roi_overlap_results.csv,False,True
TCGA-63-7020-01Z-00-DX1.33435AC2-9EBC-422C-89DB-962153E8F3F6,PathAgent,TCGA_LUNG_Classification,0.05,1,True,1.0,0.4365,0.4365,0.4365,0.4365,0.4365,0.0316,0.0304,/work/Agent_benchmark/PathAgent/post_eval/TCGA_LUNG_Classification/ROI/roi_overlap_results.csv,False,True
TCGA-63-7021-01Z-00-DX1.568DD2DB-2196-4817-AA00-8843F9A24A62,PathAgent,TCGA_LUNG_Classification,0.05,5,True,2.0,0.7792,0.30566,0.7792,0.5094333333333333,0.3056,0.1296,0.1001,/work/Agent_benchmark/PathAgent/post_eval/TCGA_LUNG_Classification/ROI/roi_overlap_results.csv,True,True
TCGA-63-7022-01Z-00-DX1.93EE6221-32E1-4E97-ABDB-E1814B655852,PathAgent,TCGA_LUNG_Classification,0.05,2,True,1.0,0.2594,0.2594,0.2594,0.2594,0.2594,0.0363,0.0329,/work/Agent_benchmark/PathAgent/post_eval/TCGA_LUNG_Classification/ROI/roi_overlap_results.csv,True,True
TCGA-63-A5M9-01Z-00-DX1.4E04AC12-6DAC-4DA2-A991-AFCD42FA1CF2,PathAgent,TCGA_LUNG_Classification,0.05,5,True,1.0,0.9676,0.3425,0.9676,0.42812500000000003,0.3496,0.292,0.1892,/work/Agent_benchmark/PathAgent/post_eval/TCGA_LUNG_Classification/ROI/roi_overlap_results.csv,False,True
TCGA-63-A5MB-01Z-00-DX1.BA2648E1-4683-4992-A00C-96179C51A002,PathAgent,TCGA_LUNG_Classification,0.05,6,True,1.0,1.0,0.9876,1.0,0.9876,0.9876,0.1236,0.1235,/work/Agent_benchmark/PathAgent/post_eval/TCGA_LUNG_Classification/ROI/roi_overlap_results.csv,True,True
TCGA-63-A5MG-01Z-00-DX1.EC6B6782-C52F-42B5-AD91-AB718B7EE1A6,PathAgent,TCGA_LUNG_Classification,0.05,5,True,1.0,0.5514,0.24652000000000002,0.5514,0.30265,0.2465,0.0697,0.0575,/work/Agent_benchmark/PathAgent/post_eval/TCGA_LUNG_Classification/ROI/roi_overlap_results.csv,True,True
TCGA-63-A5MH-01Z-00-DX1.596077FF-9CE1-4EA7-9BB6-222C69872CA4,PathAgent,TCGA_LUNG_Classification,0.05,1,True,1.0,0.4496,0.4496,0.4496,0.4496,0.4496,0.2104,0.1673,/work/Agent_benchmark/PathAgent/post_eval/TCGA_LUNG_Classification/ROI/roi_overlap_results.csv,True,True
TCGA-63-A5MI-01Z-00-DX1.D9A91E42-FF46-4A88-90A0-2A0214634EB4,PathAgent,TCGA_LUNG_Classification,0.05,2,True,1.0,0.5564,0.5564,0.5564,0.5564,0.5564,0.0492,0.0474,/work/Agent_benchmark/PathAgent/post_eval/TCGA_LUNG_Classification/ROI/roi_overlap_results.csv,True,True
TCGA-63-A5MJ-01Z-00-DX1.4F060025-3A21-4FEB-8A63-F55A95BFBA30,PathAgent,TCGA_LUNG_Classification,0.05,5,True,1.0,0.2289,0.11173999999999999,0.2289,0.18623333333333333,0.0985,0.0476,0.0331,/work/Agent_benchmark/PathAgent/post_eval/TCGA_LUNG_Classification/ROI/roi_overlap_results.csv,True,True
TCGA-63-A5ML-01Z-00-DX1.14703756-F6F7-4EEF-A462-7D40910AE04D,PathAgent,TCGA_LUNG_Classification,0.05,2,True,1.0,0.9987,0.96485,0.9987,0.96485,0.9649,0.1142,0.1137,/work/Agent_benchmark/PathAgent/post_eval/TCGA_LUNG_Classification/ROI/roi_overlap_results.csv,True,True
TCGA-63-A5MM-01Z-00-DX1.F385687A-3741-4E73-87F1-D9B00B1B6186,PathAgent,TCGA_LUNG_Classification,0.05,5,True,2.0,0.5665,0.13916,0.5665,0.3322,0.1391,0.0597,0.0436,/work/Agent_benchmark/PathAgent/post_eval/TCGA_LUNG_Classification/ROI/roi_overlap_results.csv,True,True
TCGA-63-A5MN-01Z-00-DX1.34F9BFA5-847A-456B-8159-7993A0F78543,PathAgent,TCGA_LUNG_Classification,0.05,2,True,1.0,0.2522,0.2522,0.2522,0.2522,0.2522,0.0118,0.0114,/work/Agent_benchmark/PathAgent/post_eval/TCGA_LUNG_Classification/ROI/roi_overlap_results.csv,True,True
TCGA-63-A5MP-01Z-00-DX1.BBA62567-2E99-4AE4-83DB-DCF044F21C5E,PathAgent,TCGA_LUNG_Classification,0.05,8,True,4.0,0.4296,0.21323750000000002,0.4296,0.33256,0.1816,0.0319,0.0279,/work/Agent_benchmark/PathAgent/post_eval/TCGA_LUNG_Classification/ROI/roi_overlap_results.csv,False,True
TCGA-63-A5MR-01Z-00-DX1.CCF83112-AEEA-4F76-A43F-2AADE321CE68,PathAgent,TCGA_LUNG_Classification,0.05,3,True,2.0,0.204,0.13599999999999998,0.204,0.204,0.102,0.0172,0.015,/work/Agent_benchmark/PathAgent/post_eval/TCGA_LUNG_Classification/ROI/roi_overlap_results.csv,True,True
TCGA-63-A5MS-01Z-00-DX1.F58D7779-B8E0-4086-AF14-256B812F83CE,PathAgent,TCGA_LUNG_Classification,0.05,5,True,2.0,0.4801,0.2508,0.4801,0.30262500000000003,0.2508,0.0761,0.062,/work/Agent_benchmark/PathAgent/post_eval/TCGA_LUNG_Classification/ROI/roi_overlap_results.csv,True,True
TCGA-63-A5MT-01Z-00-DX1.9F168173-804C-49CA-B157-7970CB55ED93,PathAgent,TCGA_LUNG_Classification,0.05,8,True,2.0,0.2552,0.041299999999999996,0.2552,0.16519999999999999,0.0551,0.0194,0.0145,/work/Agent_benchmark/PathAgent/post_eval/TCGA_LUNG_Classification/ROI/roi_overlap_results.csv,True,True
TCGA-63-A5MU-01Z-00-DX1.C80B700E-D924-4A6F-AC8E-D9C91D452A57,PathAgent,TCGA_LUNG_Classification,0.05,3,True,2.0,1.0,0.3333333333333333,1.0,1.0,0.3333,0.0623,0.0554,/work/Agent_benchmark/PathAgent/post_eval/TCGA_LUNG_Classification/ROI/roi_overlap_results.csv,True,True
TCGA-63-A5MV-01Z-00-DX1.72B97C7E-0AE9-468B-9E85-C98BA40CBBCB,PathAgent,TCGA_LUNG_Classification,0.05,3,True,1.0,1.0,1.0,1.0,1.0,1.0,0.0203,0.0203,/work/Agent_benchmark/PathAgent/post_eval/TCGA_LUNG_Classification/ROI/roi_overlap_results.csv,True,True
TCGA-63-A5MY-01Z-00-DX1.D3753889-13DC-40D4-8845-22A168F35256,PathAgent,TCGA_LUNG_Classification,0.05,5,True,3.0,0.1534,0.030680000000000002,0.1534,0.1534,0.0383,0.0259,0.0157,/work/Agent_benchmark/PathAgent/post_eval/TCGA_LUNG_Classification/ROI/roi_overlap_results.csv,True,True
TCGA-64-1676-01Z-00-DX1.3B8F1FAC-0FB2-45DE-AFA1-6ED451A4A61B,PathAgent,TCGA_LUNG_Classification,0.05,7,True,3.0,1.0,0.42857142857142855,1.0,1.0,0.4286,0.0001,0.0001,/work/Agent_benchmark/PathAgent/post_eval/TCGA_LUNG_Classification/ROI/roi_overlap_results.csv,True,True
TCGA-64-1677-01Z-00-DX1.7720D42B-1F57-4C23-9BC5-87C456E7737B,PathAgent,TCGA_LUNG_Classification,0.05,13,True,2.0,1.0,0.5425076923076924,1.0,0.6411454545454546,0.5425,0.0991,0.0915,/work/Agent_benchmark/PathAgent/post_eval/TCGA_LUNG_Classification/ROI/roi_overlap_results.csv,True,True
TCGA-64-1678-01Z-00-DX1.92C851BD-37AC-4C4C-9920-DF394411CC2C,PathAgent,TCGA_LUNG_Classification,0.05,4,False,,0.0,0.0,,,0.0,0.0,0.0,/work/Agent_benchmark/PathAgent/post_eval/TCGA_LUNG_Classification/ROI/roi_overlap_results.csv,False,True
TCGA-64-1679-01Z-00-DX1.f9fd24ef-d51c-4530-9fb5-e8a8f09dba73,PathAgent,TCGA_LUNG_Classification,0.05,8,True,1.0,1.0,0.58455,1.0,0.93528,0.5845,0.0191,0.0188,/work/Agent_benchmark/PathAgent/post_eval/TCGA_LUNG_Classification/ROI/roi_overlap_results.csv,False,True
TCGA-64-1680-01Z-00-DX1.9CB14F20-E7B0-49A1-A327-404B3160FD65,PathAgent,TCGA_LUNG_Classification,0.05,9,True,2.0,1.0,0.44414444444444445,1.0,0.5629857142857143,0.4441,0.0505,0.0475,/work/Agent_benchmark/PathAgent/post_eval/TCGA_LUNG_Classification/ROI/roi_overlap_results.csv,True,True
TCGA-64-1681-01Z-00-DX1.fb0244f6-51a8-4da2-b45c-38d8e02edab7,PathAgent,TCGA_LUNG_Classification,0.05,5,True,1.0,1.0,0.90184,1.0,0.90184,0.9018,0.1004,0.0994,/work/Agent_benchmark/PathAgent/post_eval/TCGA_LUNG_Classification/ROI/roi_overlap_results.csv,True,True
TCGA-64-5774-01Z-00-DX1.5E3B95EB-BF45-4687-BCF7-AA2A41AA806C,PathAgent,TCGA_LUNG_Classification,0.05,6,True,1.0,1.0,1.0,1.0,1.0,1.0,0.1068,0.1068,/work/Agent_benchmark/PathAgent/post_eval/TCGA_LUNG_Classification/ROI/roi_overlap_results.csv,True,True
TCGA-64-5775-01Z-00-DX1.9A338C1A-CDB6-41AF-B6D5-EDE608B5E3E1,PathAgent,TCGA_LUNG_Classification,0.05,14,True,1.0,1.0,0.7715428571428571,1.0,0.8308923076923076,0.7715,0.1408,0.1352,/work/Agent_benchmark/PathAgent/post_eval/TCGA_LUNG_Classification/ROI/roi_overlap_results.csv,True,True
TCGA-64-5778-01Z-00-DX1.96C39819-8A65-4651-BE83-39959F6FAD05,PathAgent,TCGA_LUNG_Classification,0.05,6,True,1.0,0.9571,0.4223666666666667,0.9571,0.5068400000000001,0.233,0.0121,0.0117,/work/Agent_benchmark/PathAgent/post_eval/TCGA_LUNG_Classification/ROI/roi_overlap_results.csv,True,True
TCGA-64-5779-01Z-00-DX1.B3268447-DCE0-4927-B5A9-EC4D61E9B17D,PathAgent,TCGA_LUNG_Classification,0.05,20,True,1.0,1.0,0.46595,1.0,0.5476235294117648,0.424,0.0228,0.0221,/work/Agent_benchmark/PathAgent/post_eval/TCGA_LUNG_Classification/ROI/roi_overlap_results.csv,True,True
TCGA-64-5781-01Z-00-DX1.81474D4D-6B48-473F-BAA9-ABD75C9223C3,PathAgent,TCGA_LUNG_Classification,0.05,6,True,1.0,0.0677,0.011733333333333332,0.0677,0.0677,0.0226,0.0012,0.0011,/work/Agent_benchmark/PathAgent/post_eval/TCGA_LUNG_Classification/ROI/roi_overlap_results.csv,False,True
TCGA-64-5815-01Z-00-DX1.1E3600B5-7E83-47BE-AC70-E0C2D623740B,PathAgent,TCGA_LUNG_Classification,0.05,10,True,2.0,0.2912,0.07766,0.2912,0.188375,0.138,0.0087,0.0082,/work/Agent_benchmark/PathAgent/post_eval/TCGA_LUNG_Classification/ROI/roi_overlap_results.csv,True,True
TCGA-66-2727-01Z-00-DX1.cab55166-3a9a-4f2e-9f7a-33859ab32d12,PathAgent,TCGA_LUNG_Classification,0.05,8,True,1.0,0.1365,0.034125,0.1365,0.1365,0.0341,0.0032,0.003,/work/Agent_benchmark/PathAgent/post_eval/TCGA_LUNG_Classification/ROI/roi_overlap_results.csv,True,True
TCGA-66-2734-01Z-00-DX1.2c23bc49-e2be-480a-b6a8-d3259a584930,PathAgent,TCGA_LUNG_Classification,0.05,15,True,1.0,1.0,0.5192866666666666,1.0,0.5192866666666666,0.5193,0.1112,0.1008,/work/Agent_benchmark/PathAgent/post_eval/TCGA_LUNG_Classification/ROI/roi_overlap_results.csv,True,True
TCGA-66-2737-01Z-00-DX1.3c508c22-fadc-4b05-ada4-b447b21e098c,PathAgent,TCGA_LUNG_Classification,0.05,17,True,1.0,1.0,0.9859058823529412,1.0,0.9859058823529412,0.9859,0.0201,0.02,/work/Agent_benchmark/PathAgent/post_eval/TCGA_LUNG_Classification/ROI/roi_overlap_results.csv,False,True
TCGA-66-2742-01Z-00-DX1.8fdd6990-a08c-457b-80e4-586c619a784e,PathAgent,TCGA_LUNG_Classification,0.05,11,True,1.0,1.0,1.0,1.0,1.0,1.0,0.1438,0.1438,/work/Agent_benchmark/PathAgent/post_eval/TCGA_LUNG_Classification/ROI/roi_overlap_results.csv,True,True
TCGA-66-2744-01Z-00-DX1.e67796a0-fc9e-4137-8cbf-fae91ea90a7c,PathAgent,TCGA_LUNG_Classification,0.05,10,True,3.0,0.6646,0.25804,0.6646,0.42435,0.258,0.0749,0.0616,/work/Agent_benchmark/PathAgent/post_eval/TCGA_LUNG_Classification/ROI/roi_overlap_results.csv,False,True
TCGA-66-2753-01Z-00-DX1.ae9d8372-adb8-46f9-a140-2f0a1ddff579,PathAgent,TCGA_LUNG_Classification,0.05,6,True,1.0,1.0,0.9035166666666666,1.0,0.9035166666666666,0.9035,0.1112,0.1099,/work/Agent_benchmark/PathAgent/post_eval/TCGA_LUNG_Classification/ROI/roi_overlap_results.csv,True,True
TCGA-66-2755-01Z-00-DX1.ccc904f0-4cd3-44a5-8b68-7272f2a7558f,PathAgent,TCGA_LUNG_Classification,0.05,20,True,1.0,1.0,0.5163650000000001,1.0,0.5435421052631579,0.5164,0.138,0.1222,/work/Agent_benchmark/PathAgent/post_eval/TCGA_LUNG_Classification/ROI/roi_overlap_results.csv,False,True
TCGA-66-2756-01Z-00-DX1.e6bda67d-2647-4751-9c16-b711933a1d6c,PathAgent,TCGA_LUNG_Classification,0.05,10,True,1.0,1.0,1.0,1.0,1.0,1.0,0.1089,0.1089,/work/Agent_benchmark/PathAgent/post_eval/TCGA_LUNG_Classification/ROI/roi_overlap_results.csv,False,True
TCGA-66-2757-01Z-00-DX1.fa182184-fbf1-46ab-bdae-6f383441fd85,PathAgent,TCGA_LUNG_Classification,0.05,2,False,,0.0,0.0,,,0.0,0.0,0.0,/work/Agent_benchmark/PathAgent/post_eval/TCGA_LUNG_Classification/ROI/roi_overlap_results.csv,False,True
TCGA-66-2759-01Z-00-DX1.10135ce3-22d5-4802-907d-057fe54f5554,PathAgent,TCGA_LUNG_Classification,0.05,10,True,1.0,1.0,1.0,1.0,1.0,1.0,0.0204,0.0204,/work/Agent_benchmark/PathAgent/post_eval/TCGA_LUNG_Classification/ROI/roi_overlap_results.csv,False,True
TCGA-66-2763-01Z-00-DX1.99bc6dec-4e57-45bb-8d94-4dc38657d852,PathAgent,TCGA_LUNG_Classification,0.05,8,True,1.0,1.0,0.884625,1.0,0.884625,0.8846,0.1167,0.1149,/work/Agent_benchmark/PathAgent/post_eval/TCGA_LUNG_Classification/ROI/roi_overlap_results.csv,True,True
TCGA-66-2765-01Z-00-DX1.c9d8b0f7-b2c8-45ea-8bd1-81e231fd6e91,PathAgent,TCGA_LUNG_Classification,0.05,4,True,1.0,1.0,0.8948,1.0,0.8948,0.8948,0.1181,0.1165,/work/Agent_benchmark/PathAgent/post_eval/TCGA_LUNG_Classification/ROI/roi_overlap_results.csv,True,True
TCGA-66-2766-01Z-00-DX1.05729d5f-7c12-44e1-9a61-90296f555e89,PathAgent,TCGA_LUNG_Classification,0.05,10,True,1.0,1.0,0.44414,1.0,0.44414,0.4441,0.0209,0.0204,/work/Agent_benchmark/PathAgent/post_eval/TCGA_LUNG_Classification/ROI/roi_overlap_results.csv,True,True
TCGA-66-2767-01Z-00-DX1.7bcc7633-3e70-46e3-8689-542c23577ed1,PathAgent,TCGA_LUNG_Classification,0.05,9,True,1.0,1.0,0.5335444444444445,1.0,0.5335444444444445,0.5335,0.0583,0.0555,/work/Agent_benchmark/PathAgent/post_eval/TCGA_LUNG_Classification/ROI/roi_overlap_results.csv,True,True
TCGA-66-2768-01Z-00-DX1.02fadcc4-9d05-4b37-9114-d8e80c09ef1a,PathAgent,TCGA_LUNG_Classification,0.05,6,True,1.0,1.0,0.8534499999999999,1.0,0.8534499999999999,0.8535,0.1721,0.1672,/work/Agent_benchmark/PathAgent/post_eval/TCGA_LUNG_Classification/ROI/roi_overlap_results.csv,False,True
TCGA-66-2770-01Z-00-DX1.c11eb894-06a2-4bd0-92da-70fe024b07f1,PathAgent,TCGA_LUNG_Classification,0.05,6,True,1.0,1.0,1.0,1.0,1.0,1.0,0.128,0.128,/work/Agent_benchmark/PathAgent/post_eval/TCGA_LUNG_Classification/ROI/roi_overlap_results.csv,True,True
TCGA-66-2770-01Z-00-DX2.58f25170-ac3a-471a-80a0-0586f2ae1669,PathAgent,TCGA_LUNG_Classification,0.05,6,True,1.0,1.0,1.0,1.0,1.0,1.0,0.0197,0.0197,/work/Agent_benchmark/PathAgent/post_eval/TCGA_LUNG_Classification/ROI/roi_overlap_results.csv,False,True
TCGA-66-2777-01Z-00-DX1.78b3c4b0-e7e5-427b-b4d7-3ca9c5b7bbd6,PathAgent,TCGA_LUNG_Classification,0.05,12,True,2.0,0.9732,0.2548083333333333,0.9732,0.61154,0.2181,0.0483,0.0411,/work/Agent_benchmark/PathAgent/post_eval/TCGA_LUNG_Classification/ROI/roi_overlap_results.csv,True,True
TCGA-66-2778-01Z-00-DX1.5806ab4d-fdde-45b6-a131-fd5f71bcde0b,PathAgent,TCGA_LUNG_Classification,0.05,6,True,1.0,1.0,0.8454166666666666,1.0,0.8454166666666666,0.8454,0.0987,0.097,/work/Agent_benchmark/PathAgent/post_eval/TCGA_LUNG_Classification/ROI/roi_overlap_results.csv,True,True
TCGA-66-2780-01Z-00-DX1.895b75f9-6127-49f9-8106-0161b5de18ec,PathAgent,TCGA_LUNG_Classification,0.05,6,True,2.0,0.8958,0.2913833333333333,0.8958,0.437075,0.1679,0.014,0.0131,/work/Agent_benchmark/PathAgent/post_eval/TCGA_LUNG_Classification/ROI/roi_overlap_results.csv,False,True
TCGA-66-2783-01Z-00-DX1.34df2ea9-f8d8-448e-bd54-02364f434355,PathAgent,TCGA_LUNG_Classification,0.05,12,True,2.0,0.8575,0.09435,0.8575,0.3774,0.1415,0.0419,0.0334,/work/Agent_benchmark/PathAgent/post_eval/TCGA_LUNG_Classification/ROI/roi_overlap_results.csv,True,True
TCGA-66-2786-01Z-00-DX1.5fd5c25f-cb17-4650-b59e-122c6ddafe86,PathAgent,TCGA_LUNG_Classification,0.05,6,True,1.0,1.0,0.33631666666666665,1.0,0.495625,0.2545,0.0596,0.0508,/work/Agent_benchmark/PathAgent/post_eval/TCGA_LUNG_Classification/ROI/roi_overlap_results.csv,False,True
TCGA-67-3770-01Z-00-DX1.4C14BE72-905C-4AAE-B07A-6437D98A23FA,PathAgent,TCGA_LUNG_Classification,0.05,12,True,1.0,0.8782,0.395225,0.8782,0.43115454545454546,0.4188,0.059,0.0545,/work/Agent_benchmark/PathAgent/post_eval/TCGA_LUNG_Classification/ROI/roi_overlap_results.csv,False,True
TCGA-67-3771-01Z-00-DX1.7B54D132-6AB7-4F2D-8BFF-33AFE83CF204,PathAgent,TCGA_LUNG_Classification,0.05,18,True,5.0,0.1892,0.010511111111111112,0.1892,0.1892,0.0158,0.0043,0.0034,/work/Agent_benchmark/PathAgent/post_eval/TCGA_LUNG_Classification/ROI/roi_overlap_results.csv,False,True
TCGA-67-3772-01Z-00-DX1.CB05C5CC-2801-4BB9-94A0-83E9005BCA2E,PathAgent,TCGA_LUNG_Classification,0.05,40,True,11.0,0.0871,0.00346,0.0871,0.0871,0.0043,0.0039,0.002,/work/Agent_benchmark/PathAgent/post_eval/TCGA_LUNG_Classification/ROI/roi_overlap_results.csv,True,True
TCGA-67-3773-01Z-00-DX1.3E9DFC22-E962-4C18-BF5B-27EBEA089F5D,PathAgent,TCGA_LUNG_Classification,0.05,6,True,2.0,1.0,0.46513333333333334,1.0,0.6977,0.4651,0.1104,0.098,/work/Agent_benchmark/PathAgent/post_eval/TCGA_LUNG_Classification/ROI/roi_overlap_results.csv,True,True
TCGA-67-3774-01Z-00-DX1.FE85FDCB-91D2-47C5-8D13-D622A51A7BE0,PathAgent,TCGA_LUNG_Classification,0.05,3,True,1.0,1.0,0.9099666666666667,1.0,0.9099666666666667,0.9099,0.0164,0.0163,/work/Agent_benchmark/PathAgent/post_eval/TCGA_LUNG_Classification/ROI/roi_overlap_results.csv,True,True
TCGA-67-4679-01Z-00-DX1.a3d84341-fed7-4235-a053-638ed5294954,PathAgent,TCGA_LUNG_Classification,0.05,10,False,,0.0,0.0,,,0.0,0.0,0.0,/work/Agent_benchmark/PathAgent/post_eval/TCGA_LUNG_Classification/ROI/roi_overlap_results.csv,True,True
TCGA-67-6215-01Z-00-DX1.c014ffaf-6db8-42ef-a50c-9de98d6a5345,PathAgent,TCGA_LUNG_Classification,0.05,9,True,8.0,1.0,0.13313333333333335,1.0,0.59535,0.1331,0.0047,0.0046,/work/Agent_benchmark/PathAgent/post_eval/TCGA_LUNG_Classification/ROI/roi_overlap_results.csv,False,True
TCGA-67-6216-01Z-00-DX1.04da6a64-bd3a-48ed-bc99-d651e00a1aa4,PathAgent,TCGA_LUNG_Classification,0.05,9,True,4.0,0.6402,0.14137777777777777,0.6402,0.4241333333333333,0.1414,0.0501,0.0384,/work/Agent_benchmark/PathAgent/post_eval/TCGA_LUNG_Classification/ROI/roi_overlap_results.csv,True,True
TCGA-67-6217-01Z-00-DX1.3fa5c69b-60d1-41fb-a86f-48f77d81285f,PathAgent,TCGA_LUNG_Classification,0.05,24,True,3.0,1.0,0.1710583333333333,1.0,0.41054,0.1548,0.0338,0.0285,/work/Agent_benchmark/PathAgent/post_eval/TCGA_LUNG_Classification/ROI/roi_overlap_results.csv,True,True
TCGA-69-7760-01Z-00-DX1.7fc295e3-5bfc-4017-801c-491489d0eb34,PathAgent,TCGA_LUNG_Classification,0.05,44,True,15.0,0.8272,0.05840681818181817,0.8272,0.41345000000000004,0.0367,0.0085,0.0069,/work/Agent_benchmark/PathAgent/post_eval/TCGA_LUNG_Classification/ROI/roi_overlap_results.csv,True,True
TCGA-69-7761-01Z-00-DX1.aa7ef5ef-8162-4961-a923-3a29646efba3,PathAgent,TCGA_LUNG_Classification,0.05,36,True,2.0,1.0,0.5434527777777778,1.0,0.978215,0.5435,0.141,0.1261,/work/Agent_benchmark/PathAgent/post_eval/TCGA_LUNG_Classification/ROI/roi_overlap_results.csv,False,True
TCGA-69-7763-01Z-00-DX1.33203e8a-43e9-4e3e-98ba-1ac08b80a44f,PathAgent,TCGA_LUNG_Classification,0.05,24,True,1.0,1.0,0.8898250000000001,1.0,0.9285130434782609,0.8898,0.4375,0.415,/work/Agent_benchmark/PathAgent/post_eval/TCGA_LUNG_Classification/ROI/roi_overlap_results.csv,True,True
TCGA-69-7764-01Z-00-DX1.be9fec48-68eb-4c27-a028-5315d7e368e0,PathAgent,TCGA_LUNG_Classification,0.05,30,True,2.0,1.0,0.25869333333333333,1.0,0.862311111111111,0.2587,0.0152,0.0146,/work/Agent_benchmark/PathAgent/post_eval/TCGA_LUNG_Classification/ROI/roi_overlap_results.csv,True,True
TCGA-69-7765-01Z-00-DX1.ac389366-febb-488c-9190-fe00bc07cd20,PathAgent,TCGA_LUNG_Classification,0.05,20,False,,0.0,0.0,,,0.0,0.0,0.0,/work/Agent_benchmark/PathAgent/post_eval/TCGA_LUNG_Classification/ROI/roi_overlap_results.csv,True,True
TCGA-69-7973-01Z-00-DX1.aefb015a-cb51-425f-a80f-cd51091a0ee3,PathAgent,TCGA_LUNG_Classification,0.05,16,False,,0.0,0.0,,,0.0,0.0,0.0,/work/Agent_benchmark/PathAgent/post_eval/TCGA_LUNG_Classification/ROI/roi_overlap_results.csv,False,True
TCGA-69-7974-01Z-00-DX1.e4282067-fc3d-4fee-bae7-fe99000979d4,PathAgent,TCGA_LUNG_Classification,0.05,11,True,1.0,1.0,0.7527727272727273,1.0,0.7527727272727273,0.7528,0.0921,0.0894,/work/Agent_benchmark/PathAgent/post_eval/TCGA_LUNG_Classification/ROI/roi_overlap_results.csv,False,True
TCGA-69-7978-01Z-00-DX1.90a2bf2f-18e2-4bfe-b858-d2de619e2493,PathAgent,TCGA_LUNG_Classification,0.05,33,True,2.0,1.0,0.5317333333333334,1.0,0.9235368421052632,0.5317,0.116,0.1052,/work/Agent_benchmark/PathAgent/post_eval/TCGA_LUNG_Classification/ROI/roi_overlap_results.csv,False,True
TCGA-69-7979-01Z-00-DX1.c9bc265d-4889-4333-9852-b8b535887f1e,PathAgent,TCGA_LUNG_Classification,0.05,24,True,1.0,1.0,0.5002583333333334,1.0,1.0,0.5003,0.0009,0.0009,/work/Agent_benchmark/PathAgent/post_eval/TCGA_LUNG_Classification/ROI/roi_overlap_results.csv,True,True
TCGA-69-7980-01Z-00-DX1.8bbf8cc0-eca7-49e5-a022-c22e3e6ed6dc,PathAgent,TCGA_LUNG_Classification,0.05,37,True,3.0,1.0,0.15958108108108107,1.0,0.4536307692307692,0.1596,0.0414,0.034,/work/Agent_benchmark/PathAgent/post_eval/TCGA_LUNG_Classification/ROI/roi_overlap_results.csv,True,True
TCGA-69-8253-01Z-00-DX1.631c741f-46bd-4d4b-8f6c-64787fb4c402,PathAgent,TCGA_LUNG_Classification,0.05,24,False,,0.0,0.0,,,0.0,0.0,0.0,/work/Agent_benchmark/PathAgent/post_eval/TCGA_LUNG_Classification/ROI/roi_overlap_results.csv,True,True
TCGA-69-8254-01Z-00-DX1.83a81d08-8c70-4f07-b4da-cbd17c4fe4d4,PathAgent,TCGA_LUNG_Classification,0.05,35,True,1.0,1.0,0.9738028571428572,1.0,0.9738028571428572,0.9738,0.2287,0.2273,/work/Agent_benchmark/PathAgent/post_eval/TCGA_LUNG_Classification/ROI/roi_overlap_results.csv,False,True
TCGA-69-8255-01Z-00-DX1.75d1666c-c088-405c-80da-52d84b990361,PathAgent,TCGA_LUNG_Classification,0.05,25,True,1.0,1.0,0.628412,1.0,0.9220764705882353,0.6284,0.3466,0.2876,/work/Agent_benchmark/PathAgent/post_eval/TCGA_LUNG_Classification/ROI/roi_overlap_results.csv,False,True
TCGA-69-8453-01Z-00-DX1.C472096B-95BA-42CD-ADEB-326C38F9DC95,PathAgent,TCGA_LUNG_Classification,0.05,29,True,2.0,1.0,0.4787551724137931,1.0,0.8163470588235294,0.4788,0.1201,0.1062,/work/Agent_benchmark/PathAgent/post_eval/TCGA_LUNG_Classification/ROI/roi_overlap_results.csv,False,True
TCGA-69-A59K-01Z-00-DX1.01EAF520-9AC1-4ECC-8EF3-B9122924A1E3,PathAgent,TCGA_LUNG_Classification,0.05,24,True,1.0,1.0,0.9962041666666668,1.0,0.9962041666666668,0.9962,0.1539,0.1538,/work/Agent_benchmark/PathAgent/post_eval/TCGA_LUNG_Classification/ROI/roi_overlap_results.csv,False,True
TCGA-71-6725-01Z-00-DX1.b9e1d4aa-439d-481f-b24b-134c4e470f28,PathAgent,TCGA_LUNG_Classification,0.05,23,True,1.0,1.0,0.9565217391304348,1.0,1.0,0.9565,0.0173,0.0173,/work/Agent_benchmark/PathAgent/post_eval/TCGA_LUNG_Classification/ROI/roi_overlap_results.csv,False,True
TCGA-71-8520-01Z-00-DX1.EAE99132-A397-4B4D-8B09-CBB774A7B62F,PathAgent,TCGA_LUNG_Classification,0.05,22,True,1.0,1.0,0.9508681818181818,1.0,0.9508681818181818,0.9509,0.1224,0.1216,/work/Agent_benchmark/PathAgent/post_eval/TCGA_LUNG_Classification/ROI/roi_overlap_results.csv,False,True
TCGA-73-4658-01Z-00-DX1.d5beb44f-9d76-485a-8af4-407b0f1a610e,PathAgent,TCGA_LUNG_Classification,0.05,39,True,5.0,1.0,0.3285384615384615,1.0,0.6406499999999999,0.2826,0.0675,0.0576,/work/Agent_benchmark/PathAgent/post_eval/TCGA_LUNG_Classification/ROI/roi_overlap_results.csv,True,True
TCGA-73-4659-01Z-00-DX1.578400cd-d284-451b-8fdf-9f82c1458276,PathAgent,TCGA_LUNG_Classification,0.05,36,True,8.0,0.9991,0.21544722222222223,0.9991,0.6463416666666667,0.1661,0.0383,0.0321,/work/Agent_benchmark/PathAgent/post_eval/TCGA_LUNG_Classification/ROI/roi_overlap_results.csv,True,True
TCGA-73-4662-01Z-00-DX1.76e23a15-0917-44ad-9181-50100d318003,PathAgent,TCGA_LUNG_Classification,0.05,30,True,1.0,1.0,0.36144,1.0,0.5699052631578947,0.2975,0.0542,0.0481,/work/Agent_benchmark/PathAgent/post_eval/TCGA_LUNG_Classification/ROI/roi_overlap_results.csv,True,True
TCGA-73-4666-01Z-00-DX1.dd9c8922-ddd1-4674-8124-9e334532e47e,PathAgent,TCGA_LUNG_Classification,0.05,29,True,1.0,1.0,0.5768517241379311,1.0,0.8362,0.5769,0.2052,0.1784,/work/Agent_benchmark/PathAgent/post_eval/TCGA_LUNG_Classification/ROI/roi_overlap_results.csv,False,True
TCGA-73-4668-01Z-00-DX1.3470b27e-210f-4ff3-9dde-69aa85faa9ee,PathAgent,TCGA_LUNG_Classification,0.05,85,True,2.0,1.0,0.13252235294117645,1.0,0.5627000000000001,0.1325,0.1273,0.0694,/work/Agent_benchmark/PathAgent/post_eval/TCGA_LUNG_Classification/ROI/roi_overlap_results.csv,True,True
TCGA-73-4670-01Z-00-DX1.a92a23d5-01aa-45a2-9f83-4784cd65fd58,PathAgent,TCGA_LUNG_Classification,0.05,36,False,,0.0,0.0,,,0.0,0.0,0.0,/work/Agent_benchmark/PathAgent/post_eval/TCGA_LUNG_Classification/ROI/roi_overlap_results.csv,False,True
TCGA-73-4675-01Z-00-DX1.1027587f-8ec4-4b8c-8768-ff7b669683e0,PathAgent,TCGA_LUNG_Classification,0.05,56,True,1.0,1.0,0.6856053571428572,1.0,0.767312,0.6719,0.1293,0.1216,/work/Agent_benchmark/PathAgent/post_eval/TCGA_LUNG_Classification/ROI/roi_overlap_results.csv,True,True
TCGA-73-4676-01Z-00-DX1.4d781bbc-a45e-4f9d-b6b6-2265282dff99,PathAgent,TCGA_LUNG_Classification,0.05,58,False,,0.0118,0.0007896551724137931,,,0.0008,0.0001,0.0001,/work/Agent_benchmark/PathAgent/post_eval/TCGA_LUNG_Classification/ROI/roi_overlap_results.csv,True,True
TCGA-73-4677-01Z-00-DX1.b557785c-9ccc-42a7-bb54-7bb47638ddfc,PathAgent,TCGA_LUNG_Classification,0.05,55,True,13.0,1.0,0.08160909090909091,1.0,0.55575,0.0816,0.0502,0.0321,/work/Agent_benchmark/PathAgent/post_eval/TCGA_LUNG_Classification/ROI/roi_overlap_results.csv,True,True
TCGA-73-7498-01Z-00-DX1.5313bba9-7f6a-49b4-8d6e-a0f46a04f189,PathAgent,TCGA_LUNG_Classification,0.05,20,True,4.0,1.0,0.275185,1.0,0.9107833333333333,0.2752,0.0197,0.0187,/work/Agent_benchmark/PathAgent/post_eval/TCGA_LUNG_Classification/ROI/roi_overlap_results.csv,True,True
TCGA-73-7499-01Z-00-DX1.81f5c1c1-3d40-4773-a1fb-e1f8eb9f6730,PathAgent,TCGA_LUNG_Classification,0.05,32,True,8.0,1.0,0.160390625,1.0,0.63395,0.13,0.0719,0.0485,/work/Agent_benchmark/PathAgent/post_eval/TCGA_LUNG_Classification/ROI/roi_overlap_results.csv,False,True
TCGA-73-A9RS-01Z-00-DX1.EDCEFE41-61E2-48C9-B8D5-28B55372E0CA,PathAgent,TCGA_LUNG_Classification,0.05,29,True,1.0,1.0,0.6202000000000001,1.0,0.9992111111111112,0.6202,0.0007,0.0007,/work/Agent_benchmark/PathAgent/post_eval/TCGA_LUNG_Classification/ROI/roi_overlap_results.csv,True,True
TCGA-75-5122-01Z-00-DX1.627FD712-3881-44CC-83E0-6C4DFC6C88C1,PathAgent,TCGA_LUNG_Classification,0.05,5,True,2.0,0.9682,0.2365,0.9682,0.5912499999999999,0.2365,0.2857,0.1486,/work/Agent_benchmark/PathAgent/post_eval/TCGA_LUNG_Classification/ROI/roi_overlap_results.csv,True,True
TCGA-75-5125-01Z-00-DX1.2E419CAF-E248-4959-951E-498D8054433E,PathAgent,TCGA_LUNG_Classification,0.05,5,True,1.0,1.0,0.6312,1.0,0.6312,0.6312,0.1283,0.1194,/work/Agent_benchmark/PathAgent/post_eval/TCGA_LUNG_Classification/ROI/roi_overlap_results.csv,False,True
TCGA-75-5126-01Z-00-DX1.164887F4-9986-415F-A94A-E40E92D80DA3,PathAgent,TCGA_LUNG_Classification,0.05,6,True,1.0,1.0,0.5,1.0,1.0,0.5,0.2202,0.1805,/work/Agent_benchmark/PathAgent/post_eval/TCGA_LUNG_Classification/ROI/roi_overlap_results.csv,False,True
TCGA-75-5146-01Z-00-DX1.4958A631-7E6F-4FBB-A1C3-B8F8368D46C5,PathAgent,TCGA_LUNG_Classification,0.05,1,True,1.0,0.3427,0.3427,0.3427,0.3427,0.3427,0.0322,0.0303,/work/Agent_benchmark/PathAgent/post_eval/TCGA_LUNG_Classification/ROI/roi_overlap_results.csv,True,True
TCGA-75-5147-01Z-00-DX1.3156FA5C-9737-4EAA-989C-FD578FBF15A1,PathAgent,TCGA_LUNG_Classification,0.05,5,True,1.0,0.9822,0.6735,0.9822,0.6735,0.6735,0.3342,0.2876,/work/Agent_benchmark/PathAgent/post_eval/TCGA_LUNG_Classification/ROI/roi_overlap_results.csv,False,True
TCGA-75-6203-01Z-00-DX1.9796ACAB-9E1A-4BC5-B80C-4EC856FA14B7,PathAgent,TCGA_LUNG_Classification,0.05,5,False,,0.0,0.0,,,0.0,0.0,0.0,/work/Agent_benchmark/PathAgent/post_eval/TCGA_LUNG_Classification/ROI/roi_overlap_results.csv,True,True
TCGA-75-6205-01Z-00-DX1.B75BC6BA-5196-4F62-BDA2-3F1D320ABD7C,PathAgent,TCGA_LUNG_Classification,0.05,2,False,,0.0,0.0,,,0.0,0.0,0.0,/work/Agent_benchmark/PathAgent/post_eval/TCGA_LUNG_Classification/ROI/roi_overlap_results.csv,False,True
TCGA-75-6206-01Z-00-DX1.63230D94-7015-4247-936D-E7ACD6692AB3,PathAgent,TCGA_LUNG_Classification,0.05,1,True,1.0,0.29,0.29,0.29,0.29,0.29,0.0436,0.0394,/work/Agent_benchmark/PathAgent/post_eval/TCGA_LUNG_Classification/ROI/roi_overlap_results.csv,True,True
TCGA-75-6207-01Z-00-DX1.837B7B0F-424C-423B-9045-A905E7C1C54C,PathAgent,TCGA_LUNG_Classification,0.05,1,False,,0.0,0.0,,,0.0,0.0,0.0,/work/Agent_benchmark/PathAgent/post_eval/TCGA_LUNG_Classification/ROI/roi_overlap_results.csv,True,True
TCGA-75-6211-01Z-00-DX1.3E7B5948-521E-48EE-9204-80F5713ECD25,PathAgent,TCGA_LUNG_Classification,0.05,1,False,,0.0,0.0,,,0.0,0.0,0.0,/work/Agent_benchmark/PathAgent/post_eval/TCGA_LUNG_Classification/ROI/roi_overlap_results.csv,True,True
TCGA-75-6212-01Z-00-DX1.FCB36956-DF6C-485D-8E7A-922A2BDAE669,PathAgent,TCGA_LUNG_Classification,0.05,2,True,1.0,0.2575,0.2575,0.2575,0.2575,0.2575,0.0187,0.0178,/work/Agent_benchmark/PathAgent/post_eval/TCGA_LUNG_Classification/ROI/roi_overlap_results.csv,False,True
TCGA-75-6214-01Z-00-DX1.00424C13-65B8-4872-81EB-EE207AB3F78C,PathAgent,TCGA_LUNG_Classification,0.05,3,True,1.0,0.3664,0.3078,0.3664,0.3078,0.3225,0.0332,0.031,/work/Agent_benchmark/PathAgent/post_eval/TCGA_LUNG_Classification/ROI/roi_overlap_results.csv,False,True
TCGA-75-7025-01Z-00-DX1.284477D7-4F47-4084-A15C-0A7E9571E3DF,PathAgent,TCGA_LUNG_Classification,0.05,1,True,1.0,0.7921,0.7921,0.7921,0.7921,0.7921,0.2762,0.2576,/work/Agent_benchmark/PathAgent/post_eval/TCGA_LUNG_Classification/ROI/roi_overlap_results.csv,False,True
TCGA-75-7027-01Z-00-DX1.AC91B34F-DF67-4F95-B145-079A71A54E83,PathAgent,TCGA_LUNG_Classification,0.05,2,True,1.0,1.0,0.9249499999999999,1.0,0.9249499999999999,0.9249,0.1119,0.1109,/work/Agent_benchmark/PathAgent/post_eval/TCGA_LUNG_Classification/ROI/roi_overlap_results.csv,False,True
TCGA-75-7030-01Z-00-DX1.5DDF24B5-00D1-4418-A067-A9B609E15314,PathAgent,TCGA_LUNG_Classification,0.05,4,True,1.0,0.3971,0.26065,0.3971,0.26065,0.2606,0.0157,0.015,/work/Agent_benchmark/PathAgent/post_eval/TCGA_LUNG_Classification/ROI/roi_overlap_results.csv,True,True
TCGA-75-7031-01Z-00-DX1.B058D81B-E869-4AEA-8CAC-4B6264FB86A8,PathAgent,TCGA_LUNG_Classification,0.05,5,True,1.0,0.6353,0.33266,0.6353,0.415825,0.3327,0.183,0.1339,/work/Agent_benchmark/PathAgent/post_eval/TCGA_LUNG_Classification/ROI/roi_overlap_results.csv,False,True
TCGA-78-7145-01Z-00-DX1.ecde66bf-2de8-4e31-b3ab-4fed4f055dda,PathAgent,TCGA_LUNG_Classification,0.05,20,True,2.0,0.1656,0.01656,0.1656,0.1656,0.0166,0.0012,0.0011,/work/Agent_benchmark/PathAgent/post_eval/TCGA_LUNG_Classification/ROI/roi_overlap_results.csv,True,True
TCGA-78-7146-01Z-00-DX1.830209b2-94c5-4277-a7b6-b2f2634de0dc,PathAgent,TCGA_LUNG_Classification,0.05,27,True,1.0,0.5093,0.054870370370370375,0.5093,0.36239999999999994,0.054,0.0079,0.0069,/work/Agent_benchmark/PathAgent/post_eval/TCGA_LUNG_Classification/ROI/roi_overlap_results.csv,False,True
TCGA-78-7147-01Z-00-DX1.a9fd2c5d-b8f3-4524-bd64-6c3362ce373b,PathAgent,TCGA_LUNG_Classification,0.05,44,True,12.0,0.8223,0.07980227272727274,0.8223,0.4987,0.0929,0.0146,0.0128,/work/Agent_benchmark/PathAgent/post_eval/TCGA_LUNG_Classification/ROI/roi_overlap_results.csv,True,True
TCGA-78-7148-01Z-00-DX1.aac94f79-77f2-45e6-b0c3-0b103fecbb22,PathAgent,TCGA_LUNG_Classification,0.05,40,False,,0.0243,0.001215,,,0.0012,0.0005,0.0004,/work/Agent_benchmark/PathAgent/post_eval/TCGA_LUNG_Classification/ROI/roi_overlap_results.csv,True,True
TCGA-78-7149-01Z-00-DX1.1b83dbcb-0c9f-4e50-bb98-bf9a157052cf,PathAgent,TCGA_LUNG_Classification,0.05,40,True,3.0,1.0,0.670515,1.0,0.9578785714285714,0.6705,0.012,0.0119,/work/Agent_benchmark/PathAgent/post_eval/TCGA_LUNG_Classification/ROI/roi_overlap_results.csv,True,True
TCGA-78-7150-01Z-00-DX1.46e6e65c-521c-49de-b106-419dc840b235,PathAgent,TCGA_LUNG_Classification,0.05,44,True,1.0,1.0,0.9333522727272728,1.0,0.9333522727272728,0.9334,0.1047,0.1039,/work/Agent_benchmark/PathAgent/post_eval/TCGA_LUNG_Classification/ROI/roi_overlap_results.csv,False,True
TCGA-78-7152-01Z-00-DX1.a04f9d84-3304-402c-9c0c-f64545c14781,PathAgent,TCGA_LUNG_Classification,0.05,42,True,15.0,1.0,0.3808285714285714,1.0,0.999675,0.3808,0.0211,0.0204,/work/Agent_benchmark/PathAgent/post_eval/TCGA_LUNG_Classification/ROI/roi_overlap_results.csv,True,True
TCGA-78-7153-01Z-00-DX1.5190321a-f1aa-4c6e-b4b9-6767b779682b,PathAgent,TCGA_LUNG_Classification,0.05,38,True,5.0,1.0,0.2794578947368421,1.0,0.4084153846153846,0.2795,0.0141,0.0136,/work/Agent_benchmark/PathAgent/post_eval/TCGA_LUNG_Classification/ROI/roi_overlap_results.csv,True,True
TCGA-78-7154-01Z-00-DX1.596c20c2-e811-4b5e-961c-98343afcccde,PathAgent,TCGA_LUNG_Classification,0.05,66,True,2.0,1.0,0.06760454545454546,1.0,0.43850999999999996,0.0555,0.0075,0.0066,/work/Agent_benchmark/PathAgent/post_eval/TCGA_LUNG_Classification/ROI/roi_overlap_results.csv,True,True
TCGA-78-7155-01Z-00-DX1.32258467-7550-4a1b-8df9-a869fb83e559,PathAgent,TCGA_LUNG_Classification,0.05,23,True,1.0,1.0,0.9477043478260869,1.0,0.9477043478260869,0.9477,0.1497,0.1485,/work/Agent_benchmark/PathAgent/post_eval/TCGA_LUNG_Classification/ROI/roi_overlap_results.csv,False,True
TCGA-78-7156-01Z-00-DX1.9f7c8eb9-73de-49be-a487-e1fd4411b7b5,PathAgent,TCGA_LUNG_Classification,0.05,24,True,1.0,1.0,0.40387083333333335,1.0,0.4607904761904762,0.4039,0.0463,0.0433,/work/Agent_benchmark/PathAgent/post_eval/TCGA_LUNG_Classification/ROI/roi_overlap_results.csv,False,True
TCGA-78-7158-01Z-00-DX1.74db3dcd-2715-4ce7-8e48-30c8b7946ba0,PathAgent,TCGA_LUNG_Classification,0.05,32,True,1.0,1.0,0.924446875,1.0,0.924446875,0.9244,0.112,0.111,/work/Agent_benchmark/PathAgent/post_eval/TCGA_LUNG_Classification/ROI/roi_overlap_results.csv,True,True
TCGA-78-7159-01Z-00-DX1.399d865f-f4f9-4602-b15b-908be0afe459,PathAgent,TCGA_LUNG_Classification,0.05,40,False,,0.0,0.0,,,0.0,0.0,0.0,/work/Agent_benchmark/PathAgent/post_eval/TCGA_LUNG_Classification/ROI/roi_overlap_results.csv,False,True
TCGA-78-7160-01Z-00-DX1.f40f6c04-74b1-4cef-aabc-cbafadbdf39f,PathAgent,TCGA_LUNG_Classification,0.05,52,True,2.0,1.0,0.20035576923076923,1.0,0.46979090909090915,0.1858,0.0355,0.0307,/work/Agent_benchmark/PathAgent/post_eval/TCGA_LUNG_Classification/ROI/roi_overlap_results.csv,True,True
TCGA-78-7161-01Z-00-DX1.646cf15a-5961-4728-b9fe-fe3fff11831f,PathAgent,TCGA_LUNG_Classification,0.05,80,True,19.0,1.0,0.3294975,1.0,0.6575774999999999,0.3355,0.137,0.1077,/work/Agent_benchmark/PathAgent/post_eval/TCGA_LUNG_Classification/ROI/roi_overlap_results.csv,True,True
TCGA-78-7163-01Z-00-DX1.42880bdf-271d-41dd-aada-e7ec1156ff31,PathAgent,TCGA_LUNG_Classification,0.05,27,True,1.0,1.0,0.8850518518518519,1.0,0.9955791666666668,0.8851,0.1116,0.11,/work/Agent_benchmark/PathAgent/post_eval/TCGA_LUNG_Classification/ROI/roi_overlap_results.csv,False,True
TCGA-78-7166-01Z-00-DX1.d19ad2d9-b006-4a13-ba54-2fec234c2373,PathAgent,TCGA_LUNG_Classification,0.05,54,True,1.0,1.0,0.8648740740740741,1.0,0.8648740740740741,0.8263,0.0892,0.0876,/work/Agent_benchmark/PathAgent/post_eval/TCGA_LUNG_Classification/ROI/roi_overlap_results.csv,True,True
TCGA-78-7167-01Z-00-DX1.f79e1a9b-a3eb-4c91-a1fd-7bb58b1620b1,PathAgent,TCGA_LUNG_Classification,0.05,51,True,4.0,1.0,0.5013686274509803,1.0,0.70805,0.4501,0.0544,0.051,/work/Agent_benchmark/PathAgent/post_eval/TCGA_LUNG_Classification/ROI/roi_overlap_results.csv,True,True
TCGA-78-7220-01Z-00-DX1.3df84ce0-4395-4c9e-ba62-76b55676a440,PathAgent,TCGA_LUNG_Classification,0.05,30,True,5.0,0.73,0.0317,0.73,0.46345,0.0134,0.001,0.0009,/work/Agent_benchmark/PathAgent/post_eval/TCGA_LUNG_Classification/ROI/roi_overlap_results.csv,True,True
TCGA-78-7535-01Z-00-DX1.c4ca06f3-22d1-4e39-85c8-98d1fa2b0e60,PathAgent,TCGA_LUNG_Classification,0.05,95,True,1.0,1.0,0.67296,1.0,0.798195,0.673,0.1828,0.1679,/work/Agent_benchmark/PathAgent/post_eval/TCGA_LUNG_Classification/ROI/roi_overlap_results.csv,False,True
TCGA-78-7536-01Z-00-DX1.6b066140-8b82-40a5-bd48-430eeb4463fe,PathAgent,TCGA_LUNG_Classification,0.05,42,True,8.0,0.6679,0.13375714285714288,0.6679,0.30084444444444447,0.1338,0.0072,0.0069,/work/Agent_benchmark/PathAgent/post_eval/TCGA_LUNG_Classification/ROI/roi_overlap_results.csv,True,True
TCGA-78-7537-01Z-00-DX1.e5597e41-ebba-4d6f-8a1f-15cd81d8f026,PathAgent,TCGA_LUNG_Classification,0.05,38,True,1.0,1.0,0.9886973684210525,1.0,0.9886973684210525,0.9887,0.1078,0.1076,/work/Agent_benchmark/PathAgent/post_eval/TCGA_LUNG_Classification/ROI/roi_overlap_results.csv,True,True
TCGA-78-7539-01Z-00-DX1.b838d859-2fb7-48d1-a442-d366ac404099,PathAgent,TCGA_LUNG_Classification,0.05,35,True,1.0,1.0,0.0982742857142857,1.0,0.68152,0.0983,0.0393,0.0289,/work/Agent_benchmark/PathAgent/post_eval/TCGA_LUNG_Classification/ROI/roi_overlap_results.csv,False,True
TCGA-78-7540-01Z-00-DX1.25c29857-0d5f-4e52-be0c-32c6686b653f,PathAgent,TCGA_LUNG_Classification,0.05,17,True,14.0,1.0,0.058823529411764705,1.0,1.0,0.0588,0.0001,0.0001,/work/Agent_benchmark/PathAgent/post_eval/TCGA_LUNG_Classification/ROI/roi_overlap_results.csv,True,True
TCGA-78-7542-01Z-00-DX1.2ee042a6-11ee-4668-b254-44144fca4234,PathAgent,TCGA_LUNG_Classification,0.05,24,True,4.0,0.4217,0.08750833333333334,0.4217,0.35003333333333336,0.0875,0.0084,0.0077,/work/Agent_benchmark/PathAgent/post_eval/TCGA_LUNG_Classification/ROI/roi_overlap_results.csv,False,True
TCGA-78-7633-01Z-00-DX1.f0cd4825-eb92-4098-954a-fbb1e4851660,PathAgent,TCGA_LUNG_Classification,0.05,41,True,4.0,1.0,0.18190243902439024,1.0,0.619325,0.1819,0.0354,0.0306,/work/Agent_benchmark/PathAgent/post_eval/TCGA_LUNG_Classification/ROI/roi_overlap_results.csv,True,True
TCGA-78-8640-01Z-00-DX1.6F929E56-34D5-45A6-8A9E-ACB4B88A68B1,PathAgent,TCGA_LUNG_Classification,0.05,62,True,2.0,1.0,0.4045338709677419,1.0,0.9625884615384616,0.4045,0.0887,0.0785,/work/Agent_benchmark/PathAgent/post_eval/TCGA_LUNG_Classification/ROI/roi_overlap_results.csv,True,True
TCGA-78-8648-01Z-00-DX1.D3EAEF8E-E739-490F-BF48-A4796B0C0E7A,PathAgent,TCGA_LUNG_Classification,0.05,40,False,,0.0045,0.000225,,,0.0002,0.0,0.0,/work/Agent_benchmark/PathAgent/post_eval/TCGA_LUNG_Classification/ROI/roi_overlap_results.csv,True,True
TCGA-78-8655-01Z-00-DX1.DC81D146-A4A6-411E-A5DC-C0689A8D445F,PathAgent,TCGA_LUNG_Classification,0.05,42,True,1.0,1.0,0.7896500000000001,1.0,0.97545,0.7896,0.0192,0.0191,/work/Agent_benchmark/PathAgent/post_eval/TCGA_LUNG_Classification/ROI/roi_overlap_results.csv,True,True
TCGA-78-8660-01Z-00-DX1.11E923ED-C01B-439D-8796-08C9E3DC2D93,PathAgent,TCGA_LUNG_Classification,0.05,50,True,1.0,1.0,0.903534,1.0,0.94118125,0.9035,0.1231,0.1215,/work/Agent_benchmark/PathAgent/post_eval/TCGA_LUNG_Classification/ROI/roi_overlap_results.csv,False,True
TCGA-78-8662-01Z-00-DX1.754A4C57-B5FA-4077-99E4-F6EFA6459410,PathAgent,TCGA_LUNG_Classification,0.05,38,True,5.0,1.0,0.24784473684210523,1.0,0.5859125000000001,0.2478,0.0957,0.0742,/work/Agent_benchmark/PathAgent/post_eval/TCGA_LUNG_Classification/ROI/roi_overlap_results.csv,True,True
TCGA-80-5607-01Z-00-DX1.94C9CF78-2F79-4A0B-8939-1CD9B915222D,PathAgent,TCGA_LUNG_Classification,0.05,5,True,2.0,0.5442,0.22149999999999997,0.5442,0.3689,0.2767,0.0403,0.0365,/work/Agent_benchmark/PathAgent/post_eval/TCGA_LUNG_Classification/ROI/roi_overlap_results.csv,True,True
TCGA-80-5608-01Z-00-DX1.CB85BA53-AF00-4C7D-8489-C2FF0F4F49AB,PathAgent,TCGA_LUNG_Classification,0.05,1,True,1.0,0.2562,0.2562,0.2562,0.2562,0.2562,0.0252,0.0235,/work/Agent_benchmark/PathAgent/post_eval/TCGA_LUNG_Classification/ROI/roi_overlap_results.csv,True,True
TCGA-80-5611-01Z-00-DX1.31920706-8AF4-46D2-B1D4-7DD5AF4AAC77,PathAgent,TCGA_LUNG_Classification,0.05,7,True,3.0,1.0,0.42857142857142855,1.0,1.0,0.4286,0.1011,0.0891,/work/Agent_benchmark/PathAgent/post_eval/TCGA_LUNG_Classification/ROI/roi_overlap_results.csv,False,True
TCGA-83-5908-01Z-00-DX1.381c8f82-61a0-4e9d-982d-1ad0af7bead9,PathAgent,TCGA_LUNG_Classification,0.05,20,False,,0.0,0.0,,,0.0,0.0,0.0,/work/Agent_benchmark/PathAgent/post_eval/TCGA_LUNG_Classification/ROI/roi_overlap_results.csv,True,True
TCGA-86-6562-01Z-00-DX1.5dea3015-e606-4837-9f99-ac14f0aa091b,PathAgent,TCGA_LUNG_Classification,0.05,18,True,4.0,1.0,0.22899999999999998,1.0,0.6869999999999999,0.229,0.0271,0.0248,/work/Agent_benchmark/PathAgent/post_eval/TCGA_LUNG_Classification/ROI/roi_overlap_results.csv,True,True
TCGA-86-7701-01Z-00-DX1.a8a6e71e-9fa9-42c6-a186-0ac7526e9960,PathAgent,TCGA_LUNG_Classification,0.05,21,True,11.0,1.0,0.10023333333333333,1.0,0.6940666666666667,0.1002,0.02,0.0169,/work/Agent_benchmark/PathAgent/post_eval/TCGA_LUNG_Classification/ROI/roi_overlap_results.csv,False,True
TCGA-86-7711-01Z-00-DX1.f64dd9d8-b9ca-4d1f-9783-d1042979132d,PathAgent,TCGA_LUNG_Classification,0.05,31,True,6.0,1.0,0.3870967741935484,1.0,1.0,0.3871,0.0006,0.0006,/work/Agent_benchmark/PathAgent/post_eval/TCGA_LUNG_Classification/ROI/roi_overlap_results.csv,True,True
TCGA-86-7713-01Z-00-DX1.23f9e213-b566-47bb-beb8-7d12b2f0508b,PathAgent,TCGA_LUNG_Classification,0.05,25,True,6.0,1.0,0.41918,1.0,0.8053153846153847,0.4192,0.0508,0.0475,/work/Agent_benchmark/PathAgent/post_eval/TCGA_LUNG_Classification/ROI/roi_overlap_results.csv,False,True
TCGA-86-7714-01Z-00-DX1.8ee03c3b-013e-4dd5-aa0e-9c1a771cbdc5,PathAgent,TCGA_LUNG_Classification,0.05,20,True,10.0,0.0624,0.004565,0.0624,0.0624,0.0062,0.0005,0.0004,/work/Agent_benchmark/PathAgent/post_eval/TCGA_LUNG_Classification/ROI/roi_overlap_results.csv,True,True
TCGA-86-7953-01Z-00-DX1.847865ce-df59-4677-bac2-ee88a258fe4e,PathAgent,TCGA_LUNG_Classification,0.05,39,True,1.0,1.0,0.5062641025641026,1.0,0.7897719999999999,0.5063,0.079,0.0733,/work/Agent_benchmark/PathAgent/post_eval/TCGA_LUNG_Classification/ROI/roi_overlap_results.csv,False,True
TCGA-86-7954-01Z-00-DX1.0a063ee6-18b7-4b66-9726-04fb452156cb,PathAgent,TCGA_LUNG_Classification,0.05,21,True,2.0,1.0,0.18264761904761903,1.0,0.47945,0.1893,0.0327,0.0287,/work/Agent_benchmark/PathAgent/post_eval/TCGA_LUNG_Classification/ROI/roi_overlap_results.csv,False,True
TCGA-86-7955-01Z-00-DX1.ef4f4d94-5efb-4a07-97cf-b0ed69085827,PathAgent,TCGA_LUNG_Classification,0.05,37,True,9.0,1.0,0.38905675675675677,1.0,0.7997277777777778,0.3891,0.0739,0.0662,/work/Agent_benchmark/PathAgent/post_eval/TCGA_LUNG_Classification/ROI/roi_overlap_results.csv,True,True
TCGA-86-8054-01Z-00-DX1.2c4c08f6-be1c-46d1-a719-5983cade0c54,PathAgent,TCGA_LUNG_Classification,0.05,14,True,1.0,1.0,0.75875,1.0,0.75875,0.7587,0.1264,0.1215,/work/Agent_benchmark/PathAgent/post_eval/TCGA_LUNG_Classification/ROI/roi_overlap_results.csv,True,True
TCGA-86-8055-01Z-00-DX1.546dc42e-3742-4da5-8f9b-80732180ce76,PathAgent,TCGA_LUNG_Classification,0.05,40,True,2.0,1.0,0.6800625,1.0,0.9380172413793104,0.6801,0.0192,0.0191,/work/Agent_benchmark/PathAgent/post_eval/TCGA_LUNG_Classification/ROI/roi_overlap_results.csv,True,True
TCGA-86-8056-01Z-00-DX1.eee7e03a-842c-4a44-bff8-f7b906725605,PathAgent,TCGA_LUNG_Classification,0.05,25,True,23.0,0.1531,0.006124000000000001,0.1531,0.1531,0.0061,0.0036,0.0023,/work/Agent_benchmark/PathAgent/post_eval/TCGA_LUNG_Classification/ROI/roi_overlap_results.csv,True,True
TCGA-86-8073-01Z-00-DX1.33c016fc-5c9e-4ad6-8de2-a7f8521d205c,PathAgent,TCGA_LUNG_Classification,0.05,16,False,,0.0,0.0,,,0.0,0.0,0.0,/work/Agent_benchmark/PathAgent/post_eval/TCGA_LUNG_Classification/ROI/roi_overlap_results.csv,False,True
TCGA-86-8074-01Z-00-DX1.0c34b434-8701-4060-a4ea-08a72371ee1e,PathAgent,TCGA_LUNG_Classification,0.05,27,True,3.0,1.0,0.1884,1.0,0.634725,0.1884,0.0281,0.0251,/work/Agent_benchmark/PathAgent/post_eval/TCGA_LUNG_Classification/ROI/roi_overlap_results.csv,True,True
TCGA-86-8075-01Z-00-DX1.171bd8bd-af24-4770-b24b-732e675efd75,PathAgent,TCGA_LUNG_Classification,0.05,22,False,,0.0,0.0,,,0.0,0.0,0.0,/work/Agent_benchmark/PathAgent/post_eval/TCGA_LUNG_Classification/ROI/roi_overlap_results.csv,False,True
TCGA-86-8076-01Z-00-DX1.e7378b2f-e20e-4d2f-a86c-3a8ead08a385,PathAgent,TCGA_LUNG_Classification,0.05,24,True,1.0,1.0,0.9171,1.0,1.0,0.9171,0.0019,0.0019,/work/Agent_benchmark/PathAgent/post_eval/TCGA_LUNG_Classification/ROI/roi_overlap_results.csv,True,True
TCGA-86-8279-01Z-00-DX1.fd12b60e-d181-454b-a655-298a973a849d,PathAgent,TCGA_LUNG_Classification,0.05,29,True,1.0,1.0,0.8829620689655172,1.0,0.9144964285714285,0.883,0.1376,0.1351,/work/Agent_benchmark/PathAgent/post_eval/TCGA_LUNG_Classification/ROI/roi_overlap_results.csv,True,True
TCGA-86-8280-01Z-00-DX1.52627b97-1cfa-4382-819b-949b58c0f995,PathAgent,TCGA_LUNG_Classification,0.05,63,False,,0.0,0.0,,,0.0,0.0,0.0,/work/Agent_benchmark/PathAgent/post_eval/TCGA_LUNG_Classification/ROI/roi_overlap_results.csv,True,True
TCGA-86-8281-01Z-00-DX1.02237263-003b-4de1-8a2f-0f3ad14768c7,PathAgent,TCGA_LUNG_Classification,0.05,8,True,1.0,1.0,0.819225,1.0,0.819225,0.8192,0.0953,0.0933,/work/Agent_benchmark/PathAgent/post_eval/TCGA_LUNG_Classification/ROI/roi_overlap_results.csv,False,True
TCGA-86-8358-01Z-00-DX1.C50100F8-9414-4A06-BEDF-93E7B01B24D6,PathAgent,TCGA_LUNG_Classification,0.05,16,True,8.0,0.476,0.0596,0.476,0.476,0.0596,0.0044,0.0041,/work/Agent_benchmark/PathAgent/post_eval/TCGA_LUNG_Classification/ROI/roi_overlap_results.csv,True,True
TCGA-86-8359-01Z-00-DX1.11B8FDC3-4B84-4A22-B89D-46EA76345F13,PathAgent,TCGA_LUNG_Classification,0.05,47,True,1.0,1.0,1.0,1.0,1.0,1.0,0.0014,0.0014,/work/Agent_benchmark/PathAgent/post_eval/TCGA_LUNG_Classification/ROI/roi_overlap_results.csv,True,True
TCGA-86-8585-01Z-00-DX1.bc0b1c69-f71d-46fc-8195-2d205002e6e5,PathAgent,TCGA_LUNG_Classification,0.05,48,True,4.0,0.9014,0.14346875,0.9014,0.42134375,0.1298,0.0218,0.019,/work/Agent_benchmark/PathAgent/post_eval/TCGA_LUNG_Classification/ROI/roi_overlap_results.csv,True,True
TCGA-86-8671-01Z-00-DX1.1fd0019c-df9d-48cc-9055-8de57759f273,PathAgent,TCGA_LUNG_Classification,0.05,4,True,1.0,1.0,1.0,1.0,1.0,1.0,0.1285,0.1285,/work/Agent_benchmark/PathAgent/post_eval/TCGA_LUNG_Classification/ROI/roi_overlap_results.csv,True,True
TCGA-86-8672-01Z-00-DX1.94ca1954-921d-4ef6-a078-4e0fcb09157f,PathAgent,TCGA_LUNG_Classification,0.05,24,True,1.0,1.0,1.0,1.0,1.0,1.0,0.1177,0.1177,/work/Agent_benchmark/PathAgent/post_eval/TCGA_LUNG_Classification/ROI/roi_overlap_results.csv,True,True
TCGA-86-8673-01Z-00-DX1.21191041-c10e-4166-ad00-1243656feaa7,PathAgent,TCGA_LUNG_Classification,0.05,42,True,8.0,0.7175,0.06026904761904762,0.7175,0.31427499999999997,0.0615,0.0101,0.0087,/work/Agent_benchmark/PathAgent/post_eval/TCGA_LUNG_Classification/ROI/roi_overlap_results.csv,False,True
TCGA-86-8674-01Z-00-DX1.9fcaae4e-4062-45ab-a49d-7dba43040919,PathAgent,TCGA_LUNG_Classification,0.05,17,True,1.0,1.0,0.8501588235294117,1.0,0.9635133333333333,0.8502,0.1411,0.1377,/work/Agent_benchmark/PathAgent/post_eval/TCGA_LUNG_Classification/ROI/roi_overlap_results.csv,True,True
TCGA-86-A456-01Z-00-DX1.5C7CBF9B-0AE3-4776-9434-296AA0C605CC,PathAgent,TCGA_LUNG_Classification,0.05,18,True,1.0,0.6542,0.3015333333333334,0.6542,0.3812928571428572,0.3024,0.0397,0.0364,/work/Agent_benchmark/PathAgent/post_eval/TCGA_LUNG_Classification/ROI/roi_overlap_results.csv,True,True
TCGA-86-A4D0-01Z-00-DX1.165461AD-A8DA-4B7B-87CE-F5DBDBD2C0A7,PathAgent,TCGA_LUNG_Classification,0.05,39,True,13.0,0.9491,0.20332051282051283,0.9491,0.52834,0.1565,0.0182,0.0166,/work/Agent_benchmark/PathAgent/post_eval/TCGA_LUNG_Classification/ROI/roi_overlap_results.csv,True,True
TCGA-86-A4JF-01Z-00-DX1.22828B15-D68E-4300-A3A8-FBC11B319BC5,PathAgent,TCGA_LUNG_Classification,0.05,32,True,1.0,1.0,0.4605,1.0,0.8184111111111112,0.4605,0.0639,0.0595,/work/Agent_benchmark/PathAgent/post_eval/TCGA_LUNG_Classification/ROI/roi_overlap_results.csv,False,True
TCGA-86-A4P7-01Z-00-DX1.37026DCF-5A81-4098-B444-C8A40CA168D0,PathAgent,TCGA_LUNG_Classification,0.05,16,False,,0.0018,0.000225,,,0.0002,0.0,0.0,/work/Agent_benchmark/PathAgent/post_eval/TCGA_LUNG_Classification/ROI/roi_overlap_results.csv,False,True
TCGA-86-A4P8-01Z-00-DX1.D65E8855-F7A1-4584-A501-BBFBC61C2DEB,PathAgent,TCGA_LUNG_Classification,0.05,9,True,1.0,1.0,0.9291,1.0,0.9291,0.9291,0.0259,0.0259,/work/Agent_benchmark/PathAgent/post_eval/TCGA_LUNG_Classification/ROI/roi_overlap_results.csv,False,True
TCGA-91-A4BC-01Z-00-DX1.8D8783B1-D1BA-4970-B77B-3AED8506C487,PathAgent,TCGA_LUNG_Classification,0.05,2,True,1.0,1.0,1.0,1.0,1.0,1.0,0.0953,0.0953,/work/Agent_benchmark/PathAgent/post_eval/TCGA_LUNG_Classification/ROI/roi_overlap_results.csv,True,True
TCGA-91-A4BD-01Z-00-DX1.2E575CAC-6AEB-4049-972A-EA43457A9C9D,PathAgent,TCGA_LUNG_Classification,0.05,8,True,1.0,0.8628,0.32435,0.8628,0.4213,0.3244,0.0206,0.0197,/work/Agent_benchmark/PathAgent/post_eval/TCGA_LUNG_Classification/ROI/roi_overlap_results.csv,True,True
TCGA-93-7347-01Z-00-DX1.a22b7163-07bd-4f6a-97c7-f1561c4d73cb,PathAgent,TCGA_LUNG_Classification,0.05,95,True,33.0,1.0,0.015904210526315788,1.0,0.75385,0.0159,0.0177,0.0084,/work/Agent_benchmark/PathAgent/post_eval/TCGA_LUNG_Classification/ROI/roi_overlap_results.csv,True,True
TCGA-93-8067-01Z-00-DX1.325d0cd5-9bb5-4f51-a197-75d3c3d19aaf,PathAgent,TCGA_LUNG_Classification,0.05,37,True,1.0,1.0,0.7969432432432432,1.0,0.921384375,0.7969,0.1074,0.1046,/work/Agent_benchmark/PathAgent/post_eval/TCGA_LUNG_Classification/ROI/roi_overlap_results.csv,False,True
TCGA-93-A4JN-01Z-00-DX1.ED4C9365-6CCF-4AEE-B4C9-3CC5EC57286C,PathAgent,TCGA_LUNG_Classification,0.05,40,True,1.0,1.0,0.9689625,1.0,0.9689625,0.969,0.1466,0.1459,/work/Agent_benchmark/PathAgent/post_eval/TCGA_LUNG_Classification/ROI/roi_overlap_results.csv,False,True
TCGA-93-A4JO-01Z-00-DX1.314C53B6-603C-402B-8CF7-E3CE851A0A0F,PathAgent,TCGA_LUNG_Classification,0.05,21,True,1.0,1.0,0.9197523809523809,1.0,0.9197523809523809,0.9198,0.1293,0.1279,/work/Agent_benchmark/PathAgent/post_eval/TCGA_LUNG_Classification/ROI/roi_overlap_results.csv,True,True
TCGA-93-A4JP-01Z-00-DX1.994E229B-5251-4F61-8C41-863047F3A136,PathAgent,TCGA_LUNG_Classification,0.05,22,False,,0.0,0.0,,,0.0,0.0,0.0,/work/Agent_benchmark/PathAgent/post_eval/TCGA_LUNG_Classification/ROI/roi_overlap_results.csv,False,True
TCGA-93-A4JQ-01Z-00-DX1.24573112-917C-43E9-B0FD-763C290AA88A,PathAgent,TCGA_LUNG_Classification,0.05,29,True,1.0,1.0,0.8115758620689655,1.0,0.9806541666666666,0.8116,0.1587,0.1531,/work/Agent_benchmark/PathAgent/post_eval/TCGA_LUNG_Classification/ROI/roi_overlap_results.csv,False,True
TCGA-95-7043-01Z-00-DX1.AE0FD8AA-9B88-45FE-B247-402BED1285EF,PathAgent,TCGA_LUNG_Classification,0.05,16,True,6.0,0.0731,0.0091375,0.0731,0.0731,0.0091,0.001,0.0009,/work/Agent_benchmark/PathAgent/post_eval/TCGA_LUNG_Classification/ROI/roi_overlap_results.csv,True,True
TCGA-95-7562-01Z-00-DX1.C722891A-C5C6-4F0D-A73F-259FA8DB2394,PathAgent,TCGA_LUNG_Classification,0.05,70,True,21.0,1.0,0.12616000000000002,1.0,0.5101058823529412,0.1283,0.0552,0.0401,/work/Agent_benchmark/PathAgent/post_eval/TCGA_LUNG_Classification/ROI/roi_overlap_results.csv,True,True
TCGA-95-7567-01Z-00-DX1.982FF122-A440-4949-926C-B58AF8381090,PathAgent,TCGA_LUNG_Classification,0.05,60,True,2.0,1.0,0.551475,1.0,0.787752380952381,0.5269,0.1214,0.1095,/work/Agent_benchmark/PathAgent/post_eval/TCGA_LUNG_Classification/ROI/roi_overlap_results.csv,False,True
TCGA-95-7944-01Z-00-DX1.E66A3565-7B0D-412B-9C0C-81D7397E8B87,PathAgent,TCGA_LUNG_Classification,0.05,75,True,30.0,1.0,0.02547066666666667,1.0,0.46185,0.0255,0.0245,0.0127,/work/Agent_benchmark/PathAgent/post_eval/TCGA_LUNG_Classification/ROI/roi_overlap_results.csv,True,True
TCGA-95-7947-01Z-00-DX1.44291078-2D8E-4E79-8FAB-439E52BAAD60,PathAgent,TCGA_LUNG_Classification,0.05,42,False,,0.0,0.0,,,0.0,0.0,0.0,/work/Agent_benchmark/PathAgent/post_eval/TCGA_LUNG_Classification/ROI/roi_overlap_results.csv,True,True
TCGA-95-7948-01Z-00-DX1.FF1AEF38-19E5-4475-87C8-B318204FEF1D,PathAgent,TCGA_LUNG_Classification,0.05,30,True,1.0,1.0,0.4557866666666667,1.0,0.9095333333333334,0.4558,0.1014,0.0905,/work/Agent_benchmark/PathAgent/post_eval/TCGA_LUNG_Classification/ROI/roi_overlap_results.csv,False,True
TCGA-95-8494-01Z-00-DX1.716299EF-71BB-4095-8F4D-F0C2252CE594,PathAgent,TCGA_LUNG_Classification,0.05,51,True,10.0,0.4585,0.021190196078431377,0.4585,0.34623333333333334,0.0226,0.0048,0.0039,/work/Agent_benchmark/PathAgent/post_eval/TCGA_LUNG_Classification/ROI/roi_overlap_results.csv,False,True
TCGA-95-A4VK-01Z-00-DX1.D09778E0-285E-4593-84C8-B6009DDF4E41,PathAgent,TCGA_LUNG_Classification,0.05,31,True,2.0,1.0,0.6581548387096774,1.0,0.7815846153846154,0.6581,0.0757,0.0729,/work/Agent_benchmark/PathAgent/post_eval/TCGA_LUNG_Classification/ROI/roi_overlap_results.csv,True,True
TCGA-95-A4VN-01Z-00-DX1.B997A80F-C396-40AB-808A-B70EB83A2B74,PathAgent,TCGA_LUNG_Classification,0.05,26,True,3.0,1.0,0.3354884615384615,1.0,0.6665692307692309,0.4047,0.0211,0.0204,/work/Agent_benchmark/PathAgent/post_eval/TCGA_LUNG_Classification/ROI/roi_overlap_results.csv,True,True
TCGA-97-7546-01Z-00-DX1.dad9871f-cdfb-424d-a5b2-4e0905c29137,PathAgent,TCGA_LUNG_Classification,0.05,18,True,1.0,1.0,0.9204666666666667,1.0,0.9746117647058824,0.9205,0.0221,0.0221,/work/Agent_benchmark/PathAgent/post_eval/TCGA_LUNG_Classification/ROI/roi_overlap_results.csv,True,True
TCGA-97-7547-01Z-00-DX1.3563966f-21ee-4405-9106-9e0bf8df9f1a,PathAgent,TCGA_LUNG_Classification,0.05,28,True,3.0,1.0,0.5235535714285715,1.0,0.8613882352941176,0.5236,0.0812,0.0756,/work/Agent_benchmark/PathAgent/post_eval/TCGA_LUNG_Classification/ROI/roi_overlap_results.csv,True,True
TCGA-97-7552-01Z-00-DX1.a5ab8959-ff7a-4287-b014-87439957fb67,PathAgent,TCGA_LUNG_Classification,0.05,19,True,1.0,1.0,0.8449210526315789,1.0,0.9443235294117647,0.8449,0.2579,0.2463,/work/Agent_benchmark/PathAgent/post_eval/TCGA_LUNG_Classification/ROI/roi_overlap_results.csv,True,True
TCGA-97-7554-01Z-00-DX1.4107ca63-4642-42b9-b6f2-13778ecaf9a7,PathAgent,TCGA_LUNG_Classification,0.05,48,True,9.0,1.0,0.24048333333333335,1.0,0.6765999999999999,0.2635,0.017,0.0162,/work/Agent_benchmark/PathAgent/post_eval/TCGA_LUNG_Classification/ROI/roi_overlap_results.csv,True,True
TCGA-97-7937-01Z-00-DX1.6db4b2ff-722c-4bb8-b12f-15f1a38b4ab1,PathAgent,TCGA_LUNG_Classification,0.05,28,True,5.0,0.7696,0.07119285714285714,0.7696,0.47912499999999997,0.049,0.003,0.0028,/work/Agent_benchmark/PathAgent/post_eval/TCGA_LUNG_Classification/ROI/roi_overlap_results.csv,True,True
TCGA-97-7938-01Z-00-DX1.d774d0a2-ee34-43ba-9d9d-34bf9718292e,PathAgent,TCGA_LUNG_Classification,0.05,26,True,3.0,1.0,0.5635153846153846,1.0,0.73198,0.5635,0.0379,0.0368,/work/Agent_benchmark/PathAgent/post_eval/TCGA_LUNG_Classification/ROI/roi_overlap_results.csv,True,True
TCGA-97-7941-01Z-00-DX1.6845ef95-2231-44a2-aeae-004a117f1964,PathAgent,TCGA_LUNG_Classification,0.05,45,True,1.0,1.0,0.8414066666666667,1.0,0.9465825000000001,0.8414,0.2227,0.2138,/work/Agent_benchmark/PathAgent/post_eval/TCGA_LUNG_Classification/ROI/roi_overlap_results.csv,True,True
TCGA-97-8171-01Z-00-DX1.a55cbfd1-6674-4206-b3e0-2a4f12a74e5d,PathAgent,TCGA_LUNG_Classification,0.05,33,True,1.0,1.0,0.7145727272727272,1.0,0.7597258064516129,0.7146,0.0971,0.0935,/work/Agent_benchmark/PathAgent/post_eval/TCGA_LUNG_Classification/ROI/roi_overlap_results.csv,True,True
TCGA-97-8172-01Z-00-DX1.812ab977-692e-42f8-af57-7ce9084ab045,PathAgent,TCGA_LUNG_Classification,0.05,43,True,6.0,1.0,0.38764186046511634,1.0,0.7247217391304348,0.3876,0.0855,0.0754,/work/Agent_benchmark/PathAgent/post_eval/TCGA_LUNG_Classification/ROI/roi_overlap_results.csv,False,True
TCGA-97-8175-01Z-00-DX1.f7148cec-5e4b-46ac-b167-d41b36eb3ee5,PathAgent,TCGA_LUNG_Classification,0.05,34,True,8.0,0.5794,0.0541764705882353,0.5794,0.307,0.0542,0.0034,0.0032,/work/Agent_benchmark/PathAgent/post_eval/TCGA_LUNG_Classification/ROI/roi_overlap_results.csv,True,True
TCGA-97-8177-01Z-00-DX1.4c2ddf48-40d3-4fa0-8b5f-0485e8270ac7,PathAgent,TCGA_LUNG_Classification,0.05,44,True,2.0,1.0,0.2450681818181818,1.0,0.7702142857142859,0.2451,0.0147,0.014,/work/Agent_benchmark/PathAgent/post_eval/TCGA_LUNG_Classification/ROI/roi_overlap_results.csv,True,True
TCGA-97-8179-01Z-00-DX1.5501338a-dd89-4c41-8267-5baaaea71643,PathAgent,TCGA_LUNG_Classification,0.05,28,False,,0.0275,0.0019642857142857144,,,0.002,0.0005,0.0004,/work/Agent_benchmark/PathAgent/post_eval/TCGA_LUNG_Classification/ROI/roi_overlap_results.csv,False,True
TCGA-97-8552-01Z-00-DX1.69631717-0E05-49C1-B112-15C2E36BC2F8,PathAgent,TCGA_LUNG_Classification,0.05,51,True,5.0,1.0,0.06370588235294118,1.0,0.40197499999999997,0.0596,0.0158,0.0127,/work/Agent_benchmark/PathAgent/post_eval/TCGA_LUNG_Classification/ROI/roi_overlap_results.csv,False,True
TCGA-97-A4LX-01Z-00-DX1.B2334672-A626-4E74-B4D1-A79F70F65909,PathAgent,TCGA_LUNG_Classification,0.05,30,True,1.0,1.0,0.48935999999999996,1.0,0.6375347826086957,0.4894,0.0706,0.0658,/work/Agent_benchmark/PathAgent/post_eval/TCGA_LUNG_Classification/ROI/roi_overlap_results.csv,True,True
TCGA-97-A4M0-01Z-00-DX1.BDDFB04C-2475-485A-9A85-C4B9EB15155E,PathAgent,TCGA_LUNG_Classification,0.05,27,True,1.0,1.0,0.5842222222222223,1.0,0.9858750000000001,0.5842,0.0642,0.0614,/work/Agent_benchmark/PathAgent/post_eval/TCGA_LUNG_Classification/ROI/roi_overlap_results.csv,True,True
TCGA-97-A4M2-01Z-00-DX1.5C72522C-1538-4D68-B517-5FB05A9D401A,PathAgent,TCGA_LUNG_Classification,0.05,15,True,2.0,1.0,0.7435866666666667,1.0,0.9294833333333333,0.7436,0.0025,0.0025,/work/Agent_benchmark/PathAgent/post_eval/TCGA_LUNG_Classification/ROI/roi_overlap_results.csv,True,True
TCGA-97-A4M3-01Z-00-DX1.16330A66-2501-48D2-AF6A-713698BF6918,PathAgent,TCGA_LUNG_Classification,0.05,63,True,4.0,0.1908,0.003315873015873016,0.1908,0.1908,0.005,0.0012,0.001,/work/Agent_benchmark/PathAgent/post_eval/TCGA_LUNG_Classification/ROI/roi_overlap_results.csv,True,True
TCGA-97-A4M5-01Z-00-DX1.283AFBA6-A349-425F-A18E-5CA186084C23,PathAgent,TCGA_LUNG_Classification,0.05,48,True,1.0,0.4308,0.05579166666666666,0.4308,0.2678,0.0558,0.0046,0.0043,/work/Agent_benchmark/PathAgent/post_eval/TCGA_LUNG_Classification/ROI/roi_overlap_results.csv,True,True
TCGA-97-A4M6-01Z-00-DX1.01D83621-3D8E-4339-9F9B-CBD3083D5AE0,PathAgent,TCGA_LUNG_Classification,0.05,29,True,4.0,1.0,0.1981758620689655,1.0,0.95785,0.1982,0.0683,0.0535,/work/Agent_benchmark/PathAgent/post_eval/TCGA_LUNG_Classification/ROI/roi_overlap_results.csv,True,True
TCGA-97-A4M7-01Z-00-DX1.111ED60D-6E4A-47E9-AFD0-C2A109DE2C60,PathAgent,TCGA_LUNG_Classification,0.05,28,True,11.0,1.0,0.09194642857142857,1.0,0.5149,0.0919,0.0786,0.0442,/work/Agent_benchmark/PathAgent/post_eval/TCGA_LUNG_Classification/ROI/roi_overlap_results.csv,True,True
TCGA-97-A4M7-01Z-00-DX2.9D0A8A7E-5A84-439B-B3D1-DFA22BC6ED87,PathAgent,TCGA_LUNG_Classification,0.05,37,True,1.0,1.0,1.0,1.0,1.0,1.0,0.0331,0.0331,/work/Agent_benchmark/PathAgent/post_eval/TCGA_LUNG_Classification/ROI/roi_overlap_results.csv,False,True
TCGA-99-7458-01Z-00-DX1.10ea0b2c-c763-40d1-83a4-3d4ae957fdb0,PathAgent,TCGA_LUNG_Classification,0.05,2,False,,0.0,0.0,,,0.0,0.0,0.0,/work/Agent_benchmark/PathAgent/post_eval/TCGA_LUNG_Classification/ROI/roi_overlap_results.csv,True,True
TCGA-99-8025-01Z-00-DX1.76d4e012-91a7-4f1d-ba0f-4cecd812ec49,PathAgent,TCGA_LUNG_Classification,0.05,6,True,1.0,0.7094,0.4451666666666667,0.7094,0.6677500000000001,0.4452,0.0579,0.054,/work/Agent_benchmark/PathAgent/post_eval/TCGA_LUNG_Classification/ROI/roi_overlap_results.csv,True,True
TCGA-99-8028-01Z-00-DX1.23de89b1-67f8-41fb-980a-010ea190d687,PathAgent,TCGA_LUNG_Classification,0.05,8,True,1.0,0.7438,0.169775,0.7438,0.4527333333333334,0.2264,0.0896,0.0686,/work/Agent_benchmark/PathAgent/post_eval/TCGA_LUNG_Classification/ROI/roi_overlap_results.csv,True,True
TCGA-99-8032-01Z-00-DX1.7380b78f-ea25-43e0-ac90-194b5c6b1432,PathAgent,TCGA_LUNG_Classification,0.05,4,True,1.0,1.0,0.964575,1.0,0.964575,0.9646,0.4358,0.429,/work/Agent_benchmark/PathAgent/post_eval/TCGA_LUNG_Classification/ROI/roi_overlap_results.csv,False,True
TCGA-99-8033-01Z-00-DX1.06f8ca81-c0a7-4ab5-b2fe-d5fc6671e29d,PathAgent,TCGA_LUNG_Classification,0.05,8,False,,0.0,0.0,,,0.0,0.0,0.0,/work/Agent_benchmark/PathAgent/post_eval/TCGA_LUNG_Classification/ROI/roi_overlap_results.csv,True,True
TCGA-J2-8192-01Z-00-DX1.A784F381-7906-480F-99A1-0B88005953A0,PathAgent,TCGA_LUNG_Classification,0.05,76,True,1.0,1.0,0.47368421052631576,1.0,1.0,0.4737,0.0013,0.0013,/work/Agent_benchmark/PathAgent/post_eval/TCGA_LUNG_Classification/ROI/roi_overlap_results.csv,True,True
TCGA-J2-8194-01Z-00-DX1.7700924D-B6AF-46A7-A7D7-B5C17A66C5F7,PathAgent,TCGA_LUNG_Classification,0.05,56,False,,0.0,0.0,,,0.0,0.0,0.0,/work/Agent_benchmark/PathAgent/post_eval/TCGA_LUNG_Classification/ROI/roi_overlap_results.csv,True,True
TCGA-J2-A4AD-01Z-00-DX1.C3C3B0C6-0666-4CCF-8422-345560B237DA,PathAgent,TCGA_LUNG_Classification,0.05,34,False,,0.0,0.0,,,0.0,0.0,0.0,/work/Agent_benchmark/PathAgent/post_eval/TCGA_LUNG_Classification/ROI/roi_overlap_results.csv,False,True
TCGA-J2-A4AE-01Z-00-DX1.42C5DE4A-7787-4E59-8969-D12503262C96,PathAgent,TCGA_LUNG_Classification,0.05,50,True,15.0,1.0,0.054068,1.0,0.8875333333333333,0.0426,0.0274,0.0169,/work/Agent_benchmark/PathAgent/post_eval/TCGA_LUNG_Classification/ROI/roi_overlap_results.csv,True,True
TCGA-L4-A4E5-01Z-00-DX1.C2A5EF71-1F40-4E34-AC30-58D7121C1338,PathAgent,TCGA_LUNG_Classification,0.05,34,False,,0.0,0.0,,,0.0,0.0,0.0,/work/Agent_benchmark/PathAgent/post_eval/TCGA_LUNG_Classification/ROI/roi_overlap_results.csv,False,True
TCGA-L4-A4E6-01Z-00-DX1.1B537DE0-2CE3-4B90-9ED3-71F1F8747EE9,PathAgent,TCGA_LUNG_Classification,0.05,18,True,1.0,1.0,0.9407944444444445,1.0,0.9407944444444445,0.9408,0.1858,0.1836,/work/Agent_benchmark/PathAgent/post_eval/TCGA_LUNG_Classification/ROI/roi_overlap_results.csv,False,True
TCGA-L9-A443-01Z-00-DX1.9F68A13A-2865-41BF-88A7-B0DF75961C6F,PathAgent,TCGA_LUNG_Classification,0.05,39,True,1.0,1.0,0.6873948717948718,1.0,0.9929037037037036,0.6874,0.2183,0.1986,/work/Agent_benchmark/PathAgent/post_eval/TCGA_LUNG_Classification/ROI/roi_overlap_results.csv,False,True
TCGA-L9-A444-01Z-00-DX1.88CF6F01-0C1F-4572-81E3-1A5790692861,PathAgent,TCGA_LUNG_Classification,0.05,32,False,,0.0,0.0,,,0.0,0.0,0.0,/work/Agent_benchmark/PathAgent/post_eval/TCGA_LUNG_Classification/ROI/roi_overlap_results.csv,False,True
TCGA-L9-A50W-01Z-00-DX1.21FAAB58-58EF-4A6A-8F0A-16D9AB9B1056,PathAgent,TCGA_LUNG_Classification,0.05,34,True,1.0,1.0,1.0,1.0,1.0,1.0,0.1288,0.1288,/work/Agent_benchmark/PathAgent/post_eval/TCGA_LUNG_Classification/ROI/roi_overlap_results.csv,True,True
TCGA-L9-A5IP-01Z-00-DX1.E699D989-8BB8-41DF-9B95-A880858653E6,PathAgent,TCGA_LUNG_Classification,0.05,16,True,3.0,1.0,0.1661125,1.0,0.66205,0.1661,0.0474,0.0383,/work/Agent_benchmark/PathAgent/post_eval/TCGA_LUNG_Classification/ROI/roi_overlap_results.csv,False,True
TCGA-L9-A743-01Z-00-DX1.27ED2955-E8B5-4A3C-ADAA-82568ECCFB83,PathAgent,TCGA_LUNG_Classification,0.05,14,True,1.0,1.0,0.4865,1.0,0.4865,0.4865,0.0247,0.024,/work/Agent_benchmark/PathAgent/post_eval/TCGA_LUNG_Classification/ROI/roi_overlap_results.csv,True,True
TCGA-L9-A7SV-01Z-00-DX1.153B8E2D-54CE-4747-A22E-7A6ADCA03DB5,PathAgent,TCGA_LUNG_Classification,0.05,26,True,1.0,1.0,0.5710307692307692,1.0,0.74234,0.571,0.0767,0.0725,/work/Agent_benchmark/PathAgent/post_eval/TCGA_LUNG_Classification/ROI/roi_overlap_results.csv,True,True
TCGA-L9-A8F4-01Z-00-DX1.E2BBB8DE-94E2-4781-9B55-8A4CFBF8A69D,PathAgent,TCGA_LUNG_Classification,0.05,76,True,1.0,1.0,0.4789999999999999,1.0,0.8070755555555554,0.4803,0.1055,0.0947,/work/Agent_benchmark/PathAgent/post_eval/TCGA_LUNG_Classification/ROI/roi_overlap_results.csv,True,True
TCGA-MN-A4N1-01Z-00-DX1.07CD10C3-73A7-47E5-AD45-45458CE33107,PathAgent,TCGA_LUNG_Classification,0.05,46,True,3.0,1.0,0.23320217391304346,1.0,0.7103133333333332,0.2332,0.0404,0.0357,/work/Agent_benchmark/PathAgent/post_eval/TCGA_LUNG_Classification/ROI/roi_overlap_results.csv,False,True
TCGA-MN-A4N1-01Z-00-DX2.9B0852C4-16BF-4962-B86F-E2570E48A89E,PathAgent,TCGA_LUNG_Classification,0.05,34,True,1.0,1.0,0.3670882352941176,1.0,0.563690909090909,0.3671,0.0304,0.0289,/work/Agent_benchmark/PathAgent/post_eval/TCGA_LUNG_Classification/ROI/roi_overlap_results.csv,False,True
TCGA-MN-A4N4-01Z-00-DX1.7D8352EF-7A4B-4084-9612-CF92D9D16041,PathAgent,TCGA_LUNG_Classification,0.05,51,False,,0.0451,0.0017686274509803922,,,0.0014,0.0003,0.0003,/work/Agent_benchmark/PathAgent/post_eval/TCGA_LUNG_Classification/ROI/roi_overlap_results.csv,True,True
TCGA-MN-A4N4-01Z-00-DX2.9550732D-8FB1-43D9-B094-7C0CD310E9C0,PathAgent,TCGA_LUNG_Classification,0.05,35,True,2.0,1.0,0.3855,1.0,0.7475999999999999,0.3855,0.0969,0.0839,/work/Agent_benchmark/PathAgent/post_eval/TCGA_LUNG_Classification/ROI/roi_overlap_results.csv,False,True
TCGA-MN-A4N5-01Z-00-DX1.D0FBA0D2-6245-4EFD-AF2B-849215600DBE,PathAgent,TCGA_LUNG_Classification,0.05,22,False,,0.0,0.0,,,0.0,0.0,0.0,/work/Agent_benchmark/PathAgent/post_eval/TCGA_LUNG_Classification/ROI/roi_overlap_results.csv,True,True
TCGA-MP-A4SV-01Z-00-DX1.5430F2CF-BE4B-42D6-9CD4-92E6FB3F6E99,PathAgent,TCGA_LUNG_Classification,0.05,24,False,,0.0,0.0,,,0.0,0.0,0.0,/work/Agent_benchmark/PathAgent/post_eval/TCGA_LUNG_Classification/ROI/roi_overlap_results.csv,True,True
TCGA-MP-A4SW-01Z-00-DX1.A6651B25-A35A-4BDE-9EBF-D264A02003C8,PathAgent,TCGA_LUNG_Classification,0.05,15,True,1.0,1.0,0.9864866666666666,1.0,0.9864866666666666,0.9865,0.1444,0.1441,/work/Agent_benchmark/PathAgent/post_eval/TCGA_LUNG_Classification/ROI/roi_overlap_results.csv,True,True
TCGA-MP-A4T2-01Z-00-DX1.ADE8B45C-26F3-465E-ADB6-2C36E6326974,PathAgent,TCGA_LUNG_Classification,0.05,18,True,3.0,0.8488,0.1719222222222222,0.8488,0.5157666666666666,0.1719,0.0529,0.0422,/work/Agent_benchmark/PathAgent/post_eval/TCGA_LUNG_Classification/ROI/roi_overlap_results.csv,False,True
TCGA-MP-A4T4-01Z-00-DX1.5F72FF0B-59C0-4E95-A8C1-BF22A948F7AC,PathAgent,TCGA_LUNG_Classification,0.05,11,True,1.0,1.0,0.774109090909091,1.0,0.774109090909091,0.7741,0.0957,0.0931,/work/Agent_benchmark/PathAgent/post_eval/TCGA_LUNG_Classification/ROI/roi_overlap_results.csv,True,True
TCGA-MP-A4T6-01Z-00-DX1.085C4F5A-DB1B-434A-9D62-E2187D133B0A,PathAgent,TCGA_LUNG_Classification,0.05,76,True,5.0,1.0,0.6726184210526315,1.0,0.8377655737704918,0.6386,0.1012,0.0957,/work/Agent_benchmark/PathAgent/post_eval/TCGA_LUNG_Classification/ROI/roi_overlap_results.csv,True,True
TCGA-MP-A4T7-01Z-00-DX1.C74D7A5B-1D1A-423B-85CA-C11E0CCF5873,PathAgent,TCGA_LUNG_Classification,0.05,16,True,1.0,1.0,0.8942875,1.0,0.8942875,0.8943,0.1945,0.1902,/work/Agent_benchmark/PathAgent/post_eval/TCGA_LUNG_Classification/ROI/roi_overlap_results.csv,True,True
TCGA-MP-A4T8-01Z-00-DX1.3ECB340F-66C7-4F64-8E00-463BF82AAD83,PathAgent,TCGA_LUNG_Classification,0.05,30,True,1.0,1.0,0.45471333333333336,1.0,0.48719285714285715,0.4547,0.0244,0.0237,/work/Agent_benchmark/PathAgent/post_eval/TCGA_LUNG_Classification/ROI/roi_overlap_results.csv,True,True
TCGA-MP-A4T9-01Z-00-DX1.F7B341C4-EBCD-455F-BE90-3B77AC6B76EC,PathAgent,TCGA_LUNG_Classification,0.05,13,True,1.0,1.0,0.7692307692307693,1.0,1.0,0.7692,0.1576,0.1505,/work/Agent_benchmark/PathAgent/post_eval/TCGA_LUNG_Classification/ROI/roi_overlap_results.csv,True,True
TCGA-MP-A4TA-01Z-00-DX1.11DDADA4-B7A2-4216-9B18-7AD993AE12E4,PathAgent,TCGA_LUNG_Classification,0.05,8,True,1.0,1.0,0.75,1.0,1.0,0.75,0.0013,0.0013,/work/Agent_benchmark/PathAgent/post_eval/TCGA_LUNG_Classification/ROI/roi_overlap_results.csv,True,True
TCGA-MP-A4TC-01Z-00-DX1.C7DB4A7F-F6B8-4FA0-84C1-9B87D41C7749,PathAgent,TCGA_LUNG_Classification,0.05,44,True,4.0,1.0,0.2772045454545454,1.0,0.6419473684210526,0.2376,0.0603,0.0505,/work/Agent_benchmark/PathAgent/post_eval/TCGA_LUNG_Classification/ROI/roi_overlap_results.csv,True,True
TCGA-MP-A4TD-01Z-00-DX1.937DEBC9-F5D5-4682-AA9A-13D8226EE06C,PathAgent,TCGA_LUNG_Classification,0.05,25,True,1.0,1.0,0.9371199999999998,1.0,0.9371199999999998,0.9371,0.1103,0.1095,/work/Agent_benchmark/PathAgent/post_eval/TCGA_LUNG_Classification/ROI/roi_overlap_results.csv,False,True
TCGA-MP-A4TE-01Z-00-DX1.B4680570-FD2E-47A5-8D50-A508CEB6A62C,PathAgent,TCGA_LUNG_Classification,0.05,33,True,1.0,1.0,0.9658575757575758,1.0,0.9658575757575758,0.9659,0.1146,0.1142,/work/Agent_benchmark/PathAgent/post_eval/TCGA_LUNG_Classification/ROI/roi_overlap_results.csv,False,True
TCGA-MP-A4TF-01Z-00-DX1.F98B0438-6D32-4EA3-ABA8-E624457EA658,PathAgent,TCGA_LUNG_Classification,0.05,24,True,1.0,1.0,0.9375874999999999,1.0,0.9783521739130435,0.9376,0.1466,0.1451,/work/Agent_benchmark/PathAgent/post_eval/TCGA_LUNG_Classification/ROI/roi_overlap_results.csv,True,True
TCGA-MP-A4TH-01Z-00-DX1.E89D2C19-F9B2-4BF2-AA5F-6104CBC076D1,PathAgent,TCGA_LUNG_Classification,0.05,29,True,1.0,1.0,0.49054827586206895,1.0,0.9483933333333333,0.4905,0.0007,0.0007,/work/Agent_benchmark/PathAgent/post_eval/TCGA_LUNG_Classification/ROI/roi_overlap_results.csv,True,True
TCGA-MP-A4TI-01Z-00-DX1.08AB4C0B-F953-41B5-A9BB-7452A8E34A54,PathAgent,TCGA_LUNG_Classification,0.05,20,True,2.0,0.5154,0.11596,0.5154,0.3648,0.116,0.0087,0.0082,/work/Agent_benchmark/PathAgent/post_eval/TCGA_LUNG_Classification/ROI/roi_overlap_results.csv,True,True
TCGA-MP-A4TJ-01Z-00-DX1.14EDBE5C-5D0C-4002-BE95-AF5C9D9F3D43,PathAgent,TCGA_LUNG_Classification,0.05,28,True,1.0,1.0,1.0,1.0,1.0,1.0,0.0192,0.0192,/work/Agent_benchmark/PathAgent/post_eval/TCGA_LUNG_Classification/ROI/roi_overlap_results.csv,False,True
TCGA-MP-A4TK-01Z-00-DX1.57494698-D9D9-4C04-AAB2-16616CCFDCC9,PathAgent,TCGA_LUNG_Classification,0.05,75,True,5.0,1.0,0.05915066666666667,1.0,0.43996,0.0727,0.0351,0.0243,/work/Agent_benchmark/PathAgent/post_eval/TCGA_LUNG_Classification/ROI/roi_overlap_results.csv,False,True
TCGA-MP-A5C7-01Z-00-DX1.26E5FA5A-3E6D-4CD3-8FA2-F331B7012311,PathAgent,TCGA_LUNG_Classification,0.05,18,True,1.0,1.0,0.8360222222222222,1.0,0.94040625,0.836,0.0292,0.0291,/work/Agent_benchmark/PathAgent/post_eval/TCGA_LUNG_Classification/ROI/roi_overlap_results.csv,True,True
TCGA-NJ-A4YF-01Z-00-DX1.4A3DE76A-9F1E-4766-A013-5E7E3A665071,PathAgent,TCGA_LUNG_Classification,0.05,90,True,1.0,1.0,0.26260555555555554,1.0,0.842925,0.2675,0.0396,0.0357,/work/Agent_benchmark/PathAgent/post_eval/TCGA_LUNG_Classification/ROI/roi_overlap_results.csv,True,True
TCGA-NJ-A4YG-01Z-00-DX1.507BAE41-5EE9-4657-AAD1-AD456750BA2F,PathAgent,TCGA_LUNG_Classification,0.05,44,True,3.0,1.0,0.34533636363636366,1.0,0.7597400000000001,0.3694,0.0221,0.0213,/work/Agent_benchmark/PathAgent/post_eval/TCGA_LUNG_Classification/ROI/roi_overlap_results.csv,False,True
TCGA-NJ-A4YP-01Z-00-DX1.148BFF66-4DC7-468C-8783-97F27C2E1245,PathAgent,TCGA_LUNG_Classification,0.05,22,True,1.0,1.0,0.8636363636363636,1.0,1.0,0.8636,0.0011,0.0011,/work/Agent_benchmark/PathAgent/post_eval/TCGA_LUNG_Classification/ROI/roi_overlap_results.csv,True,True
TCGA-NJ-A4YQ-01Z-00-DX1.56C29975-77E9-4822-A9E1-83AD70D6C5F7,PathAgent,TCGA_LUNG_Classification,0.05,44,True,1.0,1.0,0.33275,1.0,0.8085388888888888,0.3327,0.106,0.0874,/work/Agent_benchmark/PathAgent/post_eval/TCGA_LUNG_Classification/ROI/roi_overlap_results.csv,True,True
TCGA-NJ-A55A-01Z-00-DX1.42C356FE-52A3-4A60-886B-75F84ADBC534,PathAgent,TCGA_LUNG_Classification,0.05,21,True,1.0,1.0,0.9589000000000001,1.0,0.9589000000000001,0.9589,0.2099,0.208,/work/Agent_benchmark/PathAgent/post_eval/TCGA_LUNG_Classification/ROI/roi_overlap_results.csv,True,True
TCGA-NJ-A55O-01Z-00-DX1.8E23C821-B8BB-4D89-9E38-E97424A685CE,PathAgent,TCGA_LUNG_Classification,0.05,36,False,,0.0,0.0,,,0.0,0.0,0.0,/work/Agent_benchmark/PathAgent/post_eval/TCGA_LUNG_Classification/ROI/roi_overlap_results.csv,True,True
TCGA-NJ-A55R-01Z-00-DX1.2E2B3642-4E1C-47DB-AF7B-988D586C0986,PathAgent,TCGA_LUNG_Classification,0.05,30,False,,0.0001,6.666666666666667e-06,,,0.0,0.0,0.0,/work/Agent_benchmark/PathAgent/post_eval/TCGA_LUNG_Classification/ROI/roi_overlap_results.csv,True,True
TCGA-NJ-A7XG-01Z-00-DX1.4A876254-653C-410B-A36C-55FC41C1DD93,PathAgent,TCGA_LUNG_Classification,0.05,30,True,1.0,0.1099,0.006339999999999999,0.1099,0.08605,0.004,0.0006,0.0005,/work/Agent_benchmark/PathAgent/post_eval/TCGA_LUNG_Classification/ROI/roi_overlap_results.csv,True,True
TCGA-O1-A52J-01Z-00-DX1.26F6ECCA-D614-4950-98E6-4D76E82F71B4,PathAgent,TCGA_LUNG_Classification,0.05,26,True,1.0,1.0,0.7380807692307692,1.0,0.9138142857142856,0.7381,0.174,0.1639,/work/Agent_benchmark/PathAgent/post_eval/TCGA_LUNG_Classification/ROI/roi_overlap_results.csv,True,True
TCGA-S2-AA1A-01Z-00-DX1.4B5D5FAE-8305-4D2D-B245-584589352886,PathAgent,TCGA_LUNG_Classification,0.05,38,True,3.0,0.4973,0.03599473684210526,0.4973,0.34195,0.036,0.0043,0.0039,/work/Agent_benchmark/PathAgent/post_eval/TCGA_LUNG_Classification/ROI/roi_overlap_results.csv,True,True
TCGA-05-4244-01Z-00-DX1.d4ff32cd-38cf-40ea-8213-45c2b100ac01,Pathology-CoT,TCGA_LUNG_Classification,0.05,1,True,1.0,1.0,1.0,1.0,1.0,1.0,0.0298,0.0298,/work/Agent_benchmark/Pathology-CoT/post_eval/TCGA_LUNG_Classification/ROI/roi_overlap_results.csv,True,True
TCGA-05-4245-01Z-00-DX1.36ff5403-d4bb-4415-b2c5-7c750d655cde,Pathology-CoT,TCGA_LUNG_Classification,0.05,1,True,1.0,0.8518,0.8518,0.8518,0.8518,0.8518,0.1899,0.1838,/work/Agent_benchmark/Pathology-CoT/post_eval/TCGA_LUNG_Classification/ROI/roi_overlap_results.csv,False,True
TCGA-05-4249-01Z-00-DX1.9fce0297-cc19-4c04-872c-4466ee4024db,Pathology-CoT,TCGA_LUNG_Classification,0.05,1,True,1.0,1.0,1.0,1.0,1.0,1.0,0.0042,0.0042,/work/Agent_benchmark/Pathology-CoT/post_eval/TCGA_LUNG_Classification/ROI/roi_overlap_results.csv,True,True
TCGA-05-4250-01Z-00-DX1.90f67fdf-dff9-46ca-af71-0978d7c221ba,Pathology-CoT,TCGA_LUNG_Classification,0.05,1,True,1.0,1.0,1.0,1.0,1.0,1.0,0.0373,0.0373,/work/Agent_benchmark/Pathology-CoT/post_eval/TCGA_LUNG_Classification/ROI/roi_overlap_results.csv,True,True
TCGA-05-4382-01Z-00-DX1.76b49a4c-dbbb-48b0-b677-6d3037e5ce88,Pathology-CoT,TCGA_LUNG_Classification,0.05,10,True,1.0,1.0,0.89039,1.0,0.9893222222222222,0.9563,0.0663,0.0661,/work/Agent_benchmark/Pathology-CoT/post_eval/TCGA_LUNG_Classification/ROI/roi_overlap_results.csv,True,True
TCGA-05-4384-01Z-00-DX1.CA68BF29-BBE3-4C8E-B48B-554431A9EE13,Pathology-CoT,TCGA_LUNG_Classification,0.05,1,True,1.0,0.9197,0.9197,0.9197,0.9197,0.9197,0.0017,0.0017,/work/Agent_benchmark/Pathology-CoT/post_eval/TCGA_LUNG_Classification/ROI/roi_overlap_results.csv,True,True
TCGA-05-4390-01Z-00-DX1.858E64DF-DD3E-4F43-B7C1-CE35B33F1C90,Pathology-CoT,TCGA_LUNG_Classification,0.05,10,True,1.0,1.0,1.0,1.0,1.0,1.0,0.1022,0.1022,/work/Agent_benchmark/Pathology-CoT/post_eval/TCGA_LUNG_Classification/ROI/roi_overlap_results.csv,True,True
TCGA-05-4395-01Z-00-DX1.20205276-ca16-46b2-914a-fe5e576a5cf9,Pathology-CoT,TCGA_LUNG_Classification,0.05,1,True,1.0,1.0,1.0,1.0,1.0,1.0,0.0035,0.0035,/work/Agent_benchmark/Pathology-CoT/post_eval/TCGA_LUNG_Classification/ROI/roi_overlap_results.csv,True,True
TCGA-05-4396-01Z-00-DX1.49DD5F68-7473-4945-B384-EA6D5AE383CB,Pathology-CoT,TCGA_LUNG_Classification,0.05,1,True,1.0,1.0,1.0,1.0,1.0,1.0,0.0449,0.0449,/work/Agent_benchmark/Pathology-CoT/post_eval/TCGA_LUNG_Classification/ROI/roi_overlap_results.csv,True,True
TCGA-05-4397-01Z-00-DX1.00e9cdb3-b50e-439c-86b0-d7b73b802c0d,Pathology-CoT,TCGA_LUNG_Classification,0.05,1,False,,0.0,0.0,,,0.0,0.0,0.0,/work/Agent_benchmark/Pathology-CoT/post_eval/TCGA_LUNG_Classification/ROI/roi_overlap_results.csv,True,True
TCGA-05-4398-01Z-00-DX1.269bc75f-492e-48b1-87ee-85924aa80e74,Pathology-CoT,TCGA_LUNG_Classification,0.05,2,True,1.0,0.9958,0.99,0.9958,0.99,0.9892,0.0558,0.0558,/work/Agent_benchmark/Pathology-CoT/post_eval/TCGA_LUNG_Classification/ROI/roi_overlap_results.csv,True,True
TCGA-05-4402-01Z-00-DX1.c653ddc2-88c1-45ac-88e7-4e512b8e8d53,Pathology-CoT,TCGA_LUNG_Classification,0.05,2,True,1.0,1.0,1.0,1.0,1.0,1.0,0.0594,0.0594,/work/Agent_benchmark/Pathology-CoT/post_eval/TCGA_LUNG_Classification/ROI/roi_overlap_results.csv,True,True
TCGA-05-4403-01Z-00-DX1.fee8e988-956c-42a2-a6c5-06b6d6736295,Pathology-CoT,TCGA_LUNG_Classification,0.05,2,True,2.0,0.0786,0.046650000000000004,0.0786,0.0786,0.0579,0.0044,0.0041,/work/Agent_benchmark/Pathology-CoT/post_eval/TCGA_LUNG_Classification/ROI/roi_overlap_results.csv,True,True
TCGA-05-4405-01Z-00-DX1.D57EC2B2-3A59-4954-86A7-61782938BCC5,Pathology-CoT,TCGA_LUNG_Classification,0.05,1,True,1.0,0.3395,0.3395,0.3395,0.3395,0.3395,0.0081,0.008,/work/Agent_benchmark/Pathology-CoT/post_eval/TCGA_LUNG_Classification/ROI/roi_overlap_results.csv,True,True
TCGA-05-4410-01Z-00-DX1.E5B66334-4949-4F45-9200-296B1A2F1AD5,Pathology-CoT,TCGA_LUNG_Classification,0.05,4,True,1.0,1.0,1.0,1.0,1.0,1.0,0.058,0.058,/work/Agent_benchmark/Pathology-CoT/post_eval/TCGA_LUNG_Classification/ROI/roi_overlap_results.csv,True,True
TCGA-05-4415-01Z-00-DX1.55E0C429-B308-4962-8DA9-41D7D3F7764E,Pathology-CoT,TCGA_LUNG_Classification,0.05,1,False,,0.0283,0.0283,,,0.0283,0.005,0.0043,/work/Agent_benchmark/Pathology-CoT/post_eval/TCGA_LUNG_Classification/ROI/roi_overlap_results.csv,True,True
TCGA-05-4417-01Z-00-DX1.6E534856-996F-4BD9-8AFC-7B1BF627E505,Pathology-CoT,TCGA_LUNG_Classification,0.05,10,True,1.0,1.0,1.0,1.0,1.0,1.0,0.108,0.108,/work/Agent_benchmark/Pathology-CoT/post_eval/TCGA_LUNG_Classification/ROI/roi_overlap_results.csv,True,True
TCGA-05-4418-01Z-00-DX1.f3863ea5-564f-482f-9878-cc104cf69401,Pathology-CoT,TCGA_LUNG_Classification,0.05,1,True,1.0,1.0,1.0,1.0,1.0,1.0,0.0422,0.0422,/work/Agent_benchmark/Pathology-CoT/post_eval/TCGA_LUNG_Classification/ROI/roi_overlap_results.csv,True,True
TCGA-05-4420-01Z-00-DX1.2df0552e-87dc-491e-9be2-be8fbce2660d,Pathology-CoT,TCGA_LUNG_Classification,0.05,3,True,1.0,1.0,0.8017666666666666,1.0,0.8017666666666666,0.6131,0.0131,0.013,/work/Agent_benchmark/Pathology-CoT/post_eval/TCGA_LUNG_Classification/ROI/roi_overlap_results.csv,True,True
TCGA-05-4422-01Z-00-DX1.4802093f-71ea-43d5-bd92-b4bd7fc8c5bf,Pathology-CoT,TCGA_LUNG_Classification,0.05,2,True,1.0,1.0,1.0,1.0,1.0,1.0,0.0293,0.0293,/work/Agent_benchmark/Pathology-CoT/post_eval/TCGA_LUNG_Classification/ROI/roi_overlap_results.csv,True,True
TCGA-05-4424-01Z-00-DX1.4892016C-1A96-4A72-ACB8-FFD282FC4E69,Pathology-CoT,TCGA_LUNG_Classification,0.05,1,True,1.0,1.0,1.0,1.0,1.0,1.0,0.0176,0.0176,/work/Agent_benchmark/Pathology-CoT/post_eval/TCGA_LUNG_Classification/ROI/roi_overlap_results.csv,True,True
TCGA-05-4425-01Z-00-DX1.82B093EE-49BC-4FD9-91AC-4CC89944309D,Pathology-CoT,TCGA_LUNG_Classification,0.05,1,True,1.0,1.0,1.0,1.0,1.0,1.0,0.0299,0.0299,/work/Agent_benchmark/Pathology-CoT/post_eval/TCGA_LUNG_Classification/ROI/roi_overlap_results.csv,True,True
TCGA-05-4426-01Z-00-DX1.4c9da782-f4aa-4c4f-b3aa-fae2259f236f,Pathology-CoT,TCGA_LUNG_Classification,0.05,10,True,1.0,1.0,0.9,1.0,1.0,0.8353,0.0803,0.0791,/work/Agent_benchmark/Pathology-CoT/post_eval/TCGA_LUNG_Classification/ROI/roi_overlap_results.csv,True,True
TCGA-05-4427-01Z-00-DX1.36CF4E93-3FBB-4346-A26B-85F0D9D0575D,Pathology-CoT,TCGA_LUNG_Classification,0.05,2,True,1.0,1.0,0.96785,1.0,0.96785,0.9856,0.1096,0.1094,/work/Agent_benchmark/Pathology-CoT/post_eval/TCGA_LUNG_Classification/ROI/roi_overlap_results.csv,True,True
TCGA-05-4430-01Z-00-DX1.95659bbb-3091-4370-bc1d-6c6c1baa7b3d,Pathology-CoT,TCGA_LUNG_Classification,0.05,7,True,2.0,0.4432,0.1979142857142857,0.4432,0.27427999999999997,0.3191,0.0471,0.0428,/work/Agent_benchmark/Pathology-CoT/post_eval/TCGA_LUNG_Classification/ROI/roi_overlap_results.csv,True,True
TCGA-05-4432-01Z-00-DX1.90d00d62-402b-404a-85e2-0edf869193ab,Pathology-CoT,TCGA_LUNG_Classification,0.05,10,True,1.0,1.0,0.9991,1.0,0.9991,0.998,0.092,0.092,/work/Agent_benchmark/Pathology-CoT/post_eval/TCGA_LUNG_Classification/ROI/roi_overlap_results.csv,True,True
TCGA-05-4433-01Z-00-DX1.5843D3CC-CB24-4A0A-BB65-78A5DAA11D84,Pathology-CoT,TCGA_LUNG_Classification,0.05,3,False,,0.0,0.0,,,0.0,0.0,0.0,/work/Agent_benchmark/Pathology-CoT/post_eval/TCGA_LUNG_Classification/ROI/roi_overlap_results.csv,True,True
TCGA-05-4434-01Z-00-DX1.f3f5c89c-306f-4876-98fa-f7bd231f2e10,Pathology-CoT,TCGA_LUNG_Classification,0.05,7,True,1.0,1.0,1.0,1.0,1.0,1.0,0.1167,0.1167,/work/Agent_benchmark/Pathology-CoT/post_eval/TCGA_LUNG_Classification/ROI/roi_overlap_results.csv,False,True
TCGA-05-5420-01Z-00-DX1.8C253A99-44FD-48B6-AF31-D808CCB7DB1E,Pathology-CoT,TCGA_LUNG_Classification,0.05,1,True,1.0,0.9272,0.9272,0.9272,0.9272,0.9272,0.0243,0.0242,/work/Agent_benchmark/Pathology-CoT/post_eval/TCGA_LUNG_Classification/ROI/roi_overlap_results.csv,True,True
TCGA-05-5423-01Z-00-DX1.CCCF5FDB-ACAD-4D9D-80DF-556F0D6284AF,Pathology-CoT,TCGA_LUNG_Classification,0.05,2,True,1.0,1.0,0.92875,1.0,0.92875,0.9269,0.0104,0.0104,/work/Agent_benchmark/Pathology-CoT/post_eval/TCGA_LUNG_Classification/ROI/roi_overlap_results.csv,True,True
TCGA-05-5425-01Z-00-DX1.85865B2F-4888-43DD-A501-458BEFCF832B,Pathology-CoT,TCGA_LUNG_Classification,0.05,1,True,1.0,0.6328,0.6328,0.6328,0.6328,0.6328,0.0035,0.0035,/work/Agent_benchmark/Pathology-CoT/post_eval/TCGA_LUNG_Classification/ROI/roi_overlap_results.csv,True,True
TCGA-05-5428-01Z-00-DX1.8018AD62-F1CE-4BFF-8EFD-3F2D4513FC11,Pathology-CoT,TCGA_LUNG_Classification,0.05,1,True,1.0,0.9963,0.9963,0.9963,0.9963,0.9963,0.0145,0.0145,/work/Agent_benchmark/Pathology-CoT/post_eval/TCGA_LUNG_Classification/ROI/roi_overlap_results.csv,False,True
TCGA-05-5429-01Z-00-DX1.20729065-FADA-4E43-98D7-AFA5FB4A0447,Pathology-CoT,TCGA_LUNG_Classification,0.05,1,True,1.0,0.3355,0.3355,0.3355,0.3355,0.3355,0.0071,0.007,/work/Agent_benchmark/Pathology-CoT/post_eval/TCGA_LUNG_Classification/ROI/roi_overlap_results.csv,True,True
TCGA-05-5715-01Z-00-DX1.D3F0A1FA-2507-45FF-823F-F9981E62BB4C,Pathology-CoT,TCGA_LUNG_Classification,0.05,1,True,1.0,1.0,1.0,1.0,1.0,1.0,0.0269,0.0269,/work/Agent_benchmark/Pathology-CoT/post_eval/TCGA_LUNG_Classification/ROI/roi_overlap_results.csv,True,True
TCGA-18-3406-01Z-00-DX1.8D07F006-425C-4724-BBB3-5BA099401234,Pathology-CoT,TCGA_LUNG_Classification,0.05,1,False,,0.0,0.0,,,0.0,0.0,0.0,/work/Agent_benchmark/Pathology-CoT/post_eval/TCGA_LUNG_Classification/ROI/roi_overlap_results.csv,True,True
TCGA-18-3407-01Z-00-DX1.E7DDA7E3-45A2-4E06-A081-E6A81A672155,Pathology-CoT,TCGA_LUNG_Classification,0.05,3,True,1.0,1.0,1.0,1.0,1.0,1.0,0.0856,0.0856,/work/Agent_benchmark/Pathology-CoT/post_eval/TCGA_LUNG_Classification/ROI/roi_overlap_results.csv,False,True
TCGA-18-3408-01Z-00-DX1.B4AFC08A-7460-4EE6-B033-629C6A6CA6E8,Pathology-CoT,TCGA_LUNG_Classification,0.05,1,False,,0.0,0.0,,,0.0,0.0,0.0,/work/Agent_benchmark/Pathology-CoT/post_eval/TCGA_LUNG_Classification/ROI/roi_overlap_results.csv,False,True
TCGA-18-3409-01Z-00-DX1.3E32CC78-B066-4F85-A781-EDAF39DE0704,Pathology-CoT,TCGA_LUNG_Classification,0.05,4,True,1.0,0.9989,0.362975,0.9989,0.72595,0.4746,0.1083,0.0967,/work/Agent_benchmark/Pathology-CoT/post_eval/TCGA_LUNG_Classification/ROI/roi_overlap_results.csv,True,True
TCGA-18-3410-01Z-00-DX1.DB186D75-4AEE-4E1B-83D5-5A1970F03581,Pathology-CoT,TCGA_LUNG_Classification,0.05,1,True,1.0,1.0,1.0,1.0,1.0,1.0,0.0215,0.0215,/work/Agent_benchmark/Pathology-CoT/post_eval/TCGA_LUNG_Classification/ROI/roi_overlap_results.csv,True,True
TCGA-18-3411-01Z-00-DX1.D9228674-5B13-44CB-A7AE-C64FD97A3BBB,Pathology-CoT,TCGA_LUNG_Classification,0.05,1,True,1.0,1.0,1.0,1.0,1.0,1.0,0.0228,0.0228,/work/Agent_benchmark/Pathology-CoT/post_eval/TCGA_LUNG_Classification/ROI/roi_overlap_results.csv,True,True
TCGA-18-3412-01Z-00-DX1.699A17A5-356B-42F8-815A-5DBD60293242,Pathology-CoT,TCGA_LUNG_Classification,0.05,3,True,1.0,1.0,1.0,1.0,1.0,1.0,0.053,0.053,/work/Agent_benchmark/Pathology-CoT/post_eval/TCGA_LUNG_Classification/ROI/roi_overlap_results.csv,True,True
TCGA-18-3414-01Z-00-DX1.B76AF657-7A93-4F33-BC1A-2E8BF652FC17,Pathology-CoT,TCGA_LUNG_Classification,0.05,1,False,,0.0449,0.0449,,,0.0449,0.0117,0.0094,/work/Agent_benchmark/Pathology-CoT/post_eval/TCGA_LUNG_Classification/ROI/roi_overlap_results.csv,True,True
TCGA-18-3415-01Z-00-DX1.8C62F2CD-4A2F-4D1E-A662-D7D5AFE557AB,Pathology-CoT,TCGA_LUNG_Classification,0.05,1,True,1.0,1.0,1.0,1.0,1.0,1.0,0.0199,0.0199,/work/Agent_benchmark/Pathology-CoT/post_eval/TCGA_LUNG_Classification/ROI/roi_overlap_results.csv,True,True
TCGA-18-3416-01Z-00-DX1.EDAD3DEB-8A86-4F34-82EC-6691BFDE900D,Pathology-CoT,TCGA_LUNG_Classification,0.05,1,True,1.0,1.0,1.0,1.0,1.0,1.0,0.031,0.031,/work/Agent_benchmark/Pathology-CoT/post_eval/TCGA_LUNG_Classification/ROI/roi_overlap_results.csv,True,True
TCGA-18-3417-01Z-00-DX1.B424DA03-9007-4FD0-9A92-BCB40319711C,Pathology-CoT,TCGA_LUNG_Classification,0.05,3,True,1.0,1.0,0.9804666666666666,1.0,0.9804666666666666,0.9838,0.0357,0.0357,/work/Agent_benchmark/Pathology-CoT/post_eval/TCGA_LUNG_Classification/ROI/roi_overlap_results.csv,False,True
TCGA-18-3419-01Z-00-DX1.69597BCF-2D4E-4D9B-B4E8-C03137445AF4,Pathology-CoT,TCGA_LUNG_Classification,0.05,6,True,1.0,1.0,0.9906833333333335,1.0,0.9906833333333335,0.9935,0.0444,0.0444,/work/Agent_benchmark/Pathology-CoT/post_eval/TCGA_LUNG_Classification/ROI/roi_overlap_results.csv,True,True
TCGA-18-3421-01Z-00-DX1.3777597A-8B36-48A9-B950-C8233392A6D5,Pathology-CoT,TCGA_LUNG_Classification,0.05,10,True,1.0,1.0,0.9524799999999999,1.0,0.9524799999999999,0.9638,0.0766,0.0764,/work/Agent_benchmark/Pathology-CoT/post_eval/TCGA_LUNG_Classification/ROI/roi_overlap_results.csv,True,True
TCGA-18-4083-01Z-00-DX1.337D4583-326F-4108-9441-DC74FAED6AE2,Pathology-CoT,TCGA_LUNG_Classification,0.05,10,True,1.0,1.0,0.9,1.0,1.0,0.934,0.0878,0.0873,/work/Agent_benchmark/Pathology-CoT/post_eval/TCGA_LUNG_Classification/ROI/roi_overlap_results.csv,True,True
TCGA-18-4086-01Z-00-DX1.1D06B771-F978-4763-8D4E-7B540E02C55A,Pathology-CoT,TCGA_LUNG_Classification,0.05,1,True,1.0,0.9862,0.9862,0.9862,0.9862,0.9862,0.0568,0.0568,/work/Agent_benchmark/Pathology-CoT/post_eval/TCGA_LUNG_Classification/ROI/roi_overlap_results.csv,True,True
TCGA-18-4721-01Z-00-DX1.C4952E79-071A-49C5-8E28-474442832D4E,Pathology-CoT,TCGA_LUNG_Classification,0.05,10,True,1.0,1.0,1.0,1.0,1.0,1.0,0.0702,0.0702,/work/Agent_benchmark/Pathology-CoT/post_eval/TCGA_LUNG_Classification/ROI/roi_overlap_results.csv,False,True
TCGA-18-5592-01Z-00-DX1.41BD6380-A3A0-4ED1-8752-42BBC3B4680C,Pathology-CoT,TCGA_LUNG_Classification,0.05,10,True,1.0,1.0,0.6997899999999999,1.0,0.7769,0.7311,0.0962,0.0929,/work/Agent_benchmark/Pathology-CoT/post_eval/TCGA_LUNG_Classification/ROI/roi_overlap_results.csv,True,True
TCGA-18-5595-01Z-00-DX1.75235488-2F6F-42CE-8D7D-0E9A360E1C61,Pathology-CoT,TCGA_LUNG_Classification,0.05,2,True,2.0,1.0,0.5,1.0,1.0,0.3763,0.0107,0.0105,/work/Agent_benchmark/Pathology-CoT/post_eval/TCGA_LUNG_Classification/ROI/roi_overlap_results.csv,True,True
TCGA-21-1070-01Z-00-DX1.06363f8a-ef29-4d73-95da-a3172d7873c0,Pathology-CoT,TCGA_LUNG_Classification,0.05,4,True,1.0,1.0,1.0,1.0,1.0,1.0,0.0309,0.0309,/work/Agent_benchmark/Pathology-CoT/post_eval/TCGA_LUNG_Classification/ROI/roi_overlap_results.csv,False,True
TCGA-21-1071-01Z-00-DX1.a9bba825-1c92-4101-9086-c4d1c91117af,Pathology-CoT,TCGA_LUNG_Classification,0.05,1,True,1.0,1.0,1.0,1.0,1.0,1.0,0.0116,0.0116,/work/Agent_benchmark/Pathology-CoT/post_eval/TCGA_LUNG_Classification/ROI/roi_overlap_results.csv,True,True
TCGA-21-1072-01Z-00-DX1.9e6c90ad-0529-4b8b-a4f8-1b05430600f9,Pathology-CoT,TCGA_LUNG_Classification,0.05,4,True,1.0,1.0,1.0,1.0,1.0,1.0,0.0274,0.0274,/work/Agent_benchmark/Pathology-CoT/post_eval/TCGA_LUNG_Classification/ROI/roi_overlap_results.csv,True,True
TCGA-21-1075-01Z-00-DX1.937872ae-4d6f-4d7a-b54f-b7e797cb84b0,Pathology-CoT,TCGA_LUNG_Classification,0.05,1,True,1.0,1.0,1.0,1.0,1.0,1.0,0.0058,0.0058,/work/Agent_benchmark/Pathology-CoT/post_eval/TCGA_LUNG_Classification/ROI/roi_overlap_results.csv,True,True
TCGA-21-1076-01Z-00-DX1.533ca070-93e0-4d49-8770-8f42f341ca38,Pathology-CoT,TCGA_LUNG_Classification,0.05,6,True,1.0,1.0,1.0,1.0,1.0,1.0,0.0342,0.0342,/work/Agent_benchmark/Pathology-CoT/post_eval/TCGA_LUNG_Classification/ROI/roi_overlap_results.csv,True,True
TCGA-21-1077-01Z-00-DX1.e7d0d3ca-b24c-4b2b-bb8f-13cc6991fb78,Pathology-CoT,TCGA_LUNG_Classification,0.05,8,True,1.0,1.0,1.0,1.0,1.0,1.0,0.0515,0.0515,/work/Agent_benchmark/Pathology-CoT/post_eval/TCGA_LUNG_Classification/ROI/roi_overlap_results.csv,False,True
TCGA-21-1078-01Z-00-DX1.12d4a290-04fa-413e-b274-7c143d42c266,Pathology-CoT,TCGA_LUNG_Classification,0.05,3,True,1.0,1.0,1.0,1.0,1.0,1.0,0.0329,0.0329,/work/Agent_benchmark/Pathology-CoT/post_eval/TCGA_LUNG_Classification/ROI/roi_overlap_results.csv,False,True
TCGA-21-1079-01Z-00-DX1.fb8e44cd-f73f-48a4-82d2-34f334d79f53,Pathology-CoT,TCGA_LUNG_Classification,0.05,4,True,4.0,1.0,0.25,1.0,1.0,0.4117,0.0101,0.0099,/work/Agent_benchmark/Pathology-CoT/post_eval/TCGA_LUNG_Classification/ROI/roi_overlap_results.csv,False,True
TCGA-21-1080-01Z-00-DX1.7afa55df-e460-406e-ae9a-43ac4a71d0b0,Pathology-CoT,TCGA_LUNG_Classification,0.05,10,True,3.0,1.0,0.5,1.0,1.0,0.5036,0.0462,0.0442,/work/Agent_benchmark/Pathology-CoT/post_eval/TCGA_LUNG_Classification/ROI/roi_overlap_results.csv,True,True
TCGA-21-1081-01Z-00-DX1.fce8927a-2c5f-4a64-8414-da66424b3859,Pathology-CoT,TCGA_LUNG_Classification,0.05,8,True,1.0,1.0,1.0,1.0,1.0,1.0,0.0536,0.0536,/work/Agent_benchmark/Pathology-CoT/post_eval/TCGA_LUNG_Classification/ROI/roi_overlap_results.csv,False,True
TCGA-21-1082-01Z-00-DX1.cae5bbaa-76f5-416d-b532-16cf773e017e,Pathology-CoT,TCGA_LUNG_Classification,0.05,1,True,1.0,0.9838,0.9838,0.9838,0.9838,0.9838,0.0154,0.0154,/work/Agent_benchmark/Pathology-CoT/post_eval/TCGA_LUNG_Classification/ROI/roi_overlap_results.csv,True,True
TCGA-21-1083-01Z-00-DX1.8288ca92-b611-4acf-986e-0b8a3f620b94,Pathology-CoT,TCGA_LUNG_Classification,0.05,6,True,1.0,1.0,0.9892666666666666,1.0,0.9892666666666666,0.9855,0.0362,0.0362,/work/Agent_benchmark/Pathology-CoT/post_eval/TCGA_LUNG_Classification/ROI/roi_overlap_results.csv,False,True
TCGA-21-5782-01Z-00-DX1.E0C856C0-9055-4437-9393-695D699E4F57,Pathology-CoT,TCGA_LUNG_Classification,0.05,4,False,,0.0,0.0,,,0.0,0.0,0.0,/work/Agent_benchmark/Pathology-CoT/post_eval/TCGA_LUNG_Classification/ROI/roi_overlap_results.csv,True,True
TCGA-21-5783-01Z-00-DX1.3FAB28DF-5748-42D5-8257-3D440C4FB5FB,Pathology-CoT,TCGA_LUNG_Classification,0.05,1,True,1.0,0.0956,0.0956,0.0956,0.0956,0.0956,0.0033,0.0032,/work/Agent_benchmark/Pathology-CoT/post_eval/TCGA_LUNG_Classification/ROI/roi_overlap_results.csv,True,True
TCGA-21-5784-01Z-00-DX1.E50E7F4B-BE37-4171-94A7-E824CFF4B3BB,Pathology-CoT,TCGA_LUNG_Classification,0.05,3,True,1.0,0.0587,0.019566666666666666,0.0587,0.0587,0.0234,0.0017,0.0016,/work/Agent_benchmark/Pathology-CoT/post_eval/TCGA_LUNG_Classification/ROI/roi_overlap_results.csv,False,True
TCGA-21-5786-01Z-00-DX1.928370C0-0BD4-43D6-94EB-FE7CB172265E,Pathology-CoT,TCGA_LUNG_Classification,0.05,10,True,1.0,1.0,0.6621300000000001,1.0,0.8276625,0.7548,0.122,0.1173,/work/Agent_benchmark/Pathology-CoT/post_eval/TCGA_LUNG_Classification/ROI/roi_overlap_results.csv,True,True
TCGA-21-5787-01Z-00-DX1.FEE037E3-B9B0-4C2E-97EF-D6E4F64E1DF9,Pathology-CoT,TCGA_LUNG_Classification,0.05,3,True,1.0,1.0,1.0,1.0,1.0,1.0,0.0446,0.0446,/work/Agent_benchmark/Pathology-CoT/post_eval/TCGA_LUNG_Classification/ROI/roi_overlap_results.csv,True,True
TCGA-21-A5DI-01Z-00-DX1.E9123261-ADE7-468C-9E9A-334E131FFF97,Pathology-CoT,TCGA_LUNG_Classification,0.05,1,True,1.0,0.721,0.721,0.721,0.721,0.721,0.0328,0.0324,/work/Agent_benchmark/Pathology-CoT/post_eval/TCGA_LUNG_Classification/ROI/roi_overlap_results.csv,True,True
TCGA-22-0940-01Z-00-DX1.775CB101-6A55-40DD-B19F-7BFCA7820F5F,Pathology-CoT,TCGA_LUNG_Classification,0.05,6,True,2.0,0.5923,0.34709999999999996,0.5923,0.41651999999999995,0.517,0.0748,0.0699,/work/Agent_benchmark/Pathology-CoT/post_eval/TCGA_LUNG_Classification/ROI/roi_overlap_results.csv,True,True
TCGA-22-0944-01Z-00-DX1.3DC7624F-2D59-40D5-9E1F-95FCCD80D0C4,Pathology-CoT,TCGA_LUNG_Classification,0.05,1,True,1.0,1.0,1.0,1.0,1.0,1.0,0.0929,0.0929,/work/Agent_benchmark/Pathology-CoT/post_eval/TCGA_LUNG_Classification/ROI/roi_overlap_results.csv,True,True
TCGA-22-1000-01Z-00-DX1.D2ACF3D3-6187-49A1-ABBC-8D8E611EEE55,Pathology-CoT,TCGA_LUNG_Classification,0.05,5,True,1.0,0.7503,0.35874,0.7503,0.448425,0.2938,0.0681,0.0585,/work/Agent_benchmark/Pathology-CoT/post_eval/TCGA_LUNG_Classification/ROI/roi_overlap_results.csv,True,True
TCGA-22-1002-01Z-00-DX1.A41CF987-B2E7-4ADE-8580-735631EEE963,Pathology-CoT,TCGA_LUNG_Classification,0.05,1,True,1.0,1.0,1.0,1.0,1.0,1.0,0.0364,0.0364,/work/Agent_benchmark/Pathology-CoT/post_eval/TCGA_LUNG_Classification/ROI/roi_overlap_results.csv,True,True
TCGA-22-1005-01Z-00-DX1.4A151CC3-E57F-4345-817A-2B9DBAF98477,Pathology-CoT,TCGA_LUNG_Classification,0.05,1,True,1.0,1.0,1.0,1.0,1.0,1.0,0.0311,0.0311,/work/Agent_benchmark/Pathology-CoT/post_eval/TCGA_LUNG_Classification/ROI/roi_overlap_results.csv,False,True
TCGA-22-1011-01Z-00-DX1.A67E3D3F-4B94-4335-8199-03B7CB75608E,Pathology-CoT,TCGA_LUNG_Classification,0.05,7,True,1.0,1.0,1.0,1.0,1.0,1.0,0.043,0.043,/work/Agent_benchmark/Pathology-CoT/post_eval/TCGA_LUNG_Classification/ROI/roi_overlap_results.csv,False,True
TCGA-22-1012-01Z-00-DX1.053F81FA-F91A-42B0-8F12-CD2495FA9E99,Pathology-CoT,TCGA_LUNG_Classification,0.05,9,True,1.0,1.0,0.9227777777777777,1.0,0.9227777777777777,0.8165,0.0493,0.0487,/work/Agent_benchmark/Pathology-CoT/post_eval/TCGA_LUNG_Classification/ROI/roi_overlap_results.csv,True,True
TCGA-22-1016-01Z-00-DX1.807510FD-222D-4E65-B261-3EB0815F8A50,Pathology-CoT,TCGA_LUNG_Classification,0.05,10,True,1.0,1.0,0.9588000000000001,1.0,0.9588000000000001,0.9509,0.0646,0.0644,/work/Agent_benchmark/Pathology-CoT/post_eval/TCGA_LUNG_Classification/ROI/roi_overlap_results.csv,True,True
TCGA-22-1017-01Z-00-DX1.9562FE79-A261-42D3-B394-F3E0E2FF7DDA,Pathology-CoT,TCGA_LUNG_Classification,0.05,9,True,1.0,1.0,0.9995666666666667,1.0,0.9995666666666667,0.9995,0.0858,0.0858,/work/Agent_benchmark/Pathology-CoT/post_eval/TCGA_LUNG_Classification/ROI/roi_overlap_results.csv,True,True
TCGA-22-4591-01Z-00-DX1.8C89ABEB-A1E3-47D1-B247-02539EF3F959,Pathology-CoT,TCGA_LUNG_Classification,0.05,1,True,1.0,1.0,1.0,1.0,1.0,1.0,0.0143,0.0143,/work/Agent_benchmark/Pathology-CoT/post_eval/TCGA_LUNG_Classification/ROI/roi_overlap_results.csv,True,True
TCGA-22-4593-01Z-00-DX1.B573D1D5-88CE-4989-8A18-F9545E8ACA82,Pathology-CoT,TCGA_LUNG_Classification,0.05,1,True,1.0,1.0,1.0,1.0,1.0,1.0,0.0228,0.0228,/work/Agent_benchmark/Pathology-CoT/post_eval/TCGA_LUNG_Classification/ROI/roi_overlap_results.csv,True,True
TCGA-22-4594-01Z-00-DX1.3FCEBC89-8473-4841-87A2-F84AF58A7793,Pathology-CoT,TCGA_LUNG_Classification,0.05,10,True,1.0,1.0,1.0,1.0,1.0,1.0,0.0391,0.0391,/work/Agent_benchmark/Pathology-CoT/post_eval/TCGA_LUNG_Classification/ROI/roi_overlap_results.csv,True,True
TCGA-22-4595-01Z-00-DX1.42F28D1E-7AC2-4113-B4EC-F1E7850EA14D,Pathology-CoT,TCGA_LUNG_Classification,0.05,1,True,1.0,1.0,1.0,1.0,1.0,1.0,0.0121,0.0121,/work/Agent_benchmark/Pathology-CoT/post_eval/TCGA_LUNG_Classification/ROI/roi_overlap_results.csv,True,True
TCGA-22-4596-01Z-00-DX1.0B754257-5EBB-4ABF-A847-7EFA71C7D9E7,Pathology-CoT,TCGA_LUNG_Classification,0.05,1,True,1.0,1.0,1.0,1.0,1.0,1.0,0.0149,0.0149,/work/Agent_benchmark/Pathology-CoT/post_eval/TCGA_LUNG_Classification/ROI/roi_overlap_results.csv,False,True
TCGA-22-4599-01Z-00-DX1.2178D5C0-A444-44F5-B878-F5D1FB2943C9,Pathology-CoT,TCGA_LUNG_Classification,0.05,1,True,1.0,1.0,1.0,1.0,1.0,1.0,0.0213,0.0213,/work/Agent_benchmark/Pathology-CoT/post_eval/TCGA_LUNG_Classification/ROI/roi_overlap_results.csv,True,True
TCGA-22-4601-01Z-00-DX1.2EABA7B1-1E31-4AFE-B97B-D40EEAD66D85,Pathology-CoT,TCGA_LUNG_Classification,0.05,1,True,1.0,1.0,1.0,1.0,1.0,1.0,0.0173,0.0173,/work/Agent_benchmark/Pathology-CoT/post_eval/TCGA_LUNG_Classification/ROI/roi_overlap_results.csv,True,True
TCGA-22-4604-01Z-00-DX1.C398D192-8564-42AB-89B8-461F0830D8A1,Pathology-CoT,TCGA_LUNG_Classification,0.05,1,True,1.0,1.0,1.0,1.0,1.0,1.0,0.0066,0.0066,/work/Agent_benchmark/Pathology-CoT/post_eval/TCGA_LUNG_Classification/ROI/roi_overlap_results.csv,True,True
TCGA-22-4605-01Z-00-DX1.5B725941-80CE-497B-8A1E-856D16DD2870,Pathology-CoT,TCGA_LUNG_Classification,0.05,1,True,1.0,0.9376,0.9376,0.9376,0.9376,0.9376,0.021,0.021,/work/Agent_benchmark/Pathology-CoT/post_eval/TCGA_LUNG_Classification/ROI/roi_overlap_results.csv,True,True
TCGA-22-4607-01Z-00-DX1.5C521672-8405-43A2-ACB5-16174A74BCB7,Pathology-CoT,TCGA_LUNG_Classification,0.05,1,True,1.0,0.9527,0.9527,0.9527,0.9527,0.9527,0.0246,0.0246,/work/Agent_benchmark/Pathology-CoT/post_eval/TCGA_LUNG_Classification/ROI/roi_overlap_results.csv,False,True
TCGA-22-4609-01Z-00-DX1.35112DF6-5AD4-4EF5-8D00-41AEED41C246,Pathology-CoT,TCGA_LUNG_Classification,0.05,1,True,1.0,1.0,1.0,1.0,1.0,1.0,0.0121,0.0121,/work/Agent_benchmark/Pathology-CoT/post_eval/TCGA_LUNG_Classification/ROI/roi_overlap_results.csv,True,True
TCGA-22-4613-01Z-00-DX1.4BC3B7B8-99E7-4744-8F5A-089ECCDE144E,Pathology-CoT,TCGA_LUNG_Classification,0.05,10,True,1.0,1.0,1.0,1.0,1.0,1.0,0.0617,0.0617,/work/Agent_benchmark/Pathology-CoT/post_eval/TCGA_LUNG_Classification/ROI/roi_overlap_results.csv,True,True
TCGA-22-5471-01Z-00-DX1.AACEB098-E9B8-4A2B-905E-7D66BE962922,Pathology-CoT,TCGA_LUNG_Classification,0.05,1,True,1.0,0.8877,0.8877,0.8877,0.8877,0.8877,0.0203,0.0202,/work/Agent_benchmark/Pathology-CoT/post_eval/TCGA_LUNG_Classification/ROI/roi_overlap_results.csv,True,True
TCGA-22-5472-01Z-00-DX1.1E2A1D5E-C7D3-449E-910F-1199A396804C,Pathology-CoT,TCGA_LUNG_Classification,0.05,3,True,1.0,1.0,1.0,1.0,1.0,1.0,0.0311,0.0311,/work/Agent_benchmark/Pathology-CoT/post_eval/TCGA_LUNG_Classification/ROI/roi_overlap_results.csv,True,True
TCGA-22-5473-01Z-00-DX1.C452FE31-443B-43AE-A5FA-451DF0127F8F,Pathology-CoT,TCGA_LUNG_Classification,0.05,10,True,1.0,1.0,1.0,1.0,1.0,1.0,0.0383,0.0383,/work/Agent_benchmark/Pathology-CoT/post_eval/TCGA_LUNG_Classification/ROI/roi_overlap_results.csv,True,True
TCGA-22-5474-01Z-00-DX1.8736FB24-7E65-4ACB-9325-382D7F864F62,Pathology-CoT,TCGA_LUNG_Classification,0.05,1,False,,0.0,0.0,,,0.0,0.0,0.0,/work/Agent_benchmark/Pathology-CoT/post_eval/TCGA_LUNG_Classification/ROI/roi_overlap_results.csv,True,True
TCGA-22-5477-01Z-00-DX1.D4CA03F8-FFA8-4926-B93C-EBFDC6791B1F,Pathology-CoT,TCGA_LUNG_Classification,0.05,1,False,,0.0313,0.0313,,,0.0313,0.0006,0.0006,/work/Agent_benchmark/Pathology-CoT/post_eval/TCGA_LUNG_Classification/ROI/roi_overlap_results.csv,False,True
TCGA-22-5478-01Z-00-DX1.6368788A-96D5-499B-A199-89BF1413AE43,Pathology-CoT,TCGA_LUNG_Classification,0.05,10,True,1.0,1.0,0.96244,1.0,0.96244,0.9509,0.0529,0.0528,/work/Agent_benchmark/Pathology-CoT/post_eval/TCGA_LUNG_Classification/ROI/roi_overlap_results.csv,True,True
TCGA-22-5479-01Z-00-DX1.3DCD4654-459D-4046-87C3-E59C61A1E7FA,Pathology-CoT,TCGA_LUNG_Classification,0.05,10,True,1.0,1.0,0.9523900000000001,1.0,0.9523900000000001,0.9304,0.0621,0.0618,/work/Agent_benchmark/Pathology-CoT/post_eval/TCGA_LUNG_Classification/ROI/roi_overlap_results.csv,True,True
TCGA-22-5480-01Z-00-DX1.A6E25FF1-9616-4F5F-97BD-BA1912C46008,Pathology-CoT,TCGA_LUNG_Classification,0.05,1,False,,0.0,0.0,,,0.0,0.0,0.0,/work/Agent_benchmark/Pathology-CoT/post_eval/TCGA_LUNG_Classification/ROI/roi_overlap_results.csv,False,True
TCGA-22-5481-01Z-00-DX1.6BB77BD0-92FF-43FF-A86C-9EF41B2921DA,Pathology-CoT,TCGA_LUNG_Classification,0.05,10,True,2.0,1.0,0.9,1.0,1.0,0.9178,0.0761,0.0756,/work/Agent_benchmark/Pathology-CoT/post_eval/TCGA_LUNG_Classification/ROI/roi_overlap_results.csv,True,True
TCGA-22-5482-01Z-00-DX1.901F90D4-1F4E-4344-925B-37B7DD78B751,Pathology-CoT,TCGA_LUNG_Classification,0.05,1,True,1.0,1.0,1.0,1.0,1.0,1.0,0.0161,0.0161,/work/Agent_benchmark/Pathology-CoT/post_eval/TCGA_LUNG_Classification/ROI/roi_overlap_results.csv,True,True
TCGA-22-5483-01Z-00-DX1.79EF4B70-4703-4FF1-81CA-20014A932437,Pathology-CoT,TCGA_LUNG_Classification,0.05,1,True,1.0,0.9875,0.9875,0.9875,0.9875,0.9875,0.0131,0.0131,/work/Agent_benchmark/Pathology-CoT/post_eval/TCGA_LUNG_Classification/ROI/roi_overlap_results.csv,True,True
TCGA-22-5485-01Z-00-DX1.952DBCF0-08DA-49BD-B020-DEC1A77A1D81,Pathology-CoT,TCGA_LUNG_Classification,0.05,1,False,,0.0,0.0,,,0.0,0.0,0.0,/work/Agent_benchmark/Pathology-CoT/post_eval/TCGA_LUNG_Classification/ROI/roi_overlap_results.csv,False,True
TCGA-22-5489-01Z-00-DX1.0518AF53-5642-40FB-A631-4C50D7707C8F,Pathology-CoT,TCGA_LUNG_Classification,0.05,1,False,,0.0,0.0,,,0.0,0.0,0.0,/work/Agent_benchmark/Pathology-CoT/post_eval/TCGA_LUNG_Classification/ROI/roi_overlap_results.csv,True,True
TCGA-22-5491-01Z-00-DX1.19908BEC-3DDA-4BCD-9EB1-0D2C4A1E5110,Pathology-CoT,TCGA_LUNG_Classification,0.05,1,True,1.0,1.0,1.0,1.0,1.0,1.0,0.0025,0.0025,/work/Agent_benchmark/Pathology-CoT/post_eval/TCGA_LUNG_Classification/ROI/roi_overlap_results.csv,True,True
TCGA-22-5492-01Z-00-DX1.A17DE349-CD76-4B12-9C5C-DB8DFB23C003,Pathology-CoT,TCGA_LUNG_Classification,0.05,1,True,1.0,1.0,1.0,1.0,1.0,1.0,0.0063,0.0063,/work/Agent_benchmark/Pathology-CoT/post_eval/TCGA_LUNG_Classification/ROI/roi_overlap_results.csv,True,True
TCGA-22-A5C4-01Z-00-DX1.54058689-5CA5-4F92-B18A-86208C24C87D,Pathology-CoT,TCGA_LUNG_Classification,0.05,1,True,1.0,1.0,1.0,1.0,1.0,1.0,0.0183,0.0183,/work/Agent_benchmark/Pathology-CoT/post_eval/TCGA_LUNG_Classification/ROI/roi_overlap_results.csv,True,True
TCGA-33-4532-01Z-00-DX1.32ab8c26-7cdc-4e55-8c70-5a35d83f81a2,Pathology-CoT,TCGA_LUNG_Classification,0.05,3,True,1.0,1.0,0.3333333333333333,1.0,1.0,0.3814,0.0103,0.0101,/work/Agent_benchmark/Pathology-CoT/post_eval/TCGA_LUNG_Classification/ROI/roi_overlap_results.csv,True,True
TCGA-33-4532-01Z-00-DX2.cd6e3f47-14fd-46e4-baf8-2e682ade44d1,Pathology-CoT,TCGA_LUNG_Classification,0.05,1,True,1.0,1.0,1.0,1.0,1.0,1.0,0.0136,0.0136,/work/Agent_benchmark/Pathology-CoT/post_eval/TCGA_LUNG_Classification/ROI/roi_overlap_results.csv,False,True
TCGA-33-4532-01Z-00-DX3.a9eb5d3f-e5e4-45e0-8fca-3e50396445eb,Pathology-CoT,TCGA_LUNG_Classification,0.05,5,True,3.0,0.5549,0.11098,0.5549,0.5549,0.1145,0.0072,0.0069,/work/Agent_benchmark/Pathology-CoT/post_eval/TCGA_LUNG_Classification/ROI/roi_overlap_results.csv,True,True
TCGA-33-4533-01Z-00-DX1.ee36717d-0571-40b3-8ab5-5465d2cca920,Pathology-CoT,TCGA_LUNG_Classification,0.05,8,True,1.0,1.0,0.7331625,1.0,0.8379,0.6955,0.0412,0.0405,/work/Agent_benchmark/Pathology-CoT/post_eval/TCGA_LUNG_Classification/ROI/roi_overlap_results.csv,True,True
TCGA-33-4533-01Z-00-DX2.2dad01a3-daa7-45d9-8c74-97ea5e707524,Pathology-CoT,TCGA_LUNG_Classification,0.05,5,True,1.0,1.0,0.46543999999999996,1.0,0.7757333333333333,0.437,0.0514,0.0482,/work/Agent_benchmark/Pathology-CoT/post_eval/TCGA_LUNG_Classification/ROI/roi_overlap_results.csv,True,True
TCGA-33-4533-01Z-00-DX3.5d3d54fc-2bee-4a9e-b9cd-d3ed84b55ef0,Pathology-CoT,TCGA_LUNG_Classification,0.05,5,True,1.0,0.7157,0.27002,0.7157,0.4500333333333333,0.1714,0.0799,0.0576,/work/Agent_benchmark/Pathology-CoT/post_eval/TCGA_LUNG_Classification/ROI/roi_overlap_results.csv,True,True
TCGA-33-4533-01Z-00-DX4.b7cd127e-4d9c-45dc-bd5e-e95343819e4c,Pathology-CoT,TCGA_LUNG_Classification,0.05,4,True,1.0,1.0,0.7483,1.0,0.9977333333333332,0.6581,0.0888,0.0849,/work/Agent_benchmark/Pathology-CoT/post_eval/TCGA_LUNG_Classification/ROI/roi_overlap_results.csv,True,True
TCGA-33-4533-01Z-00-DX5.b26513d1-9454-4332-b7d4-126ea4ff6b7a,Pathology-CoT,TCGA_LUNG_Classification,0.05,1,True,1.0,0.6575,0.6575,0.6575,0.6575,0.6575,0.0129,0.0128,/work/Agent_benchmark/Pathology-CoT/post_eval/TCGA_LUNG_Classification/ROI/roi_overlap_results.csv,True,True
TCGA-33-4538-01Z-00-DX1.efde88cb-4766-4fb6-bed9-52b14059c7c1,Pathology-CoT,TCGA_LUNG_Classification,0.05,2,False,,0.0,0.0,,,0.0,0.0,0.0,/work/Agent_benchmark/Pathology-CoT/post_eval/TCGA_LUNG_Classification/ROI/roi_overlap_results.csv,True,True
TCGA-33-4538-01Z-00-DX2.62dcecc8-576b-406b-81db-1651e5ea589e,Pathology-CoT,TCGA_LUNG_Classification,0.05,2,True,2.0,0.8714,0.4357,0.8714,0.8714,0.5279,0.0463,0.0445,/work/Agent_benchmark/Pathology-CoT/post_eval/TCGA_LUNG_Classification/ROI/roi_overlap_results.csv,True,True
TCGA-33-4538-01Z-00-DX3.27b62beb-d3c4-493b-8663-73f128c0ad77,Pathology-CoT,TCGA_LUNG_Classification,0.05,10,True,3.0,1.0,0.3,1.0,1.0,0.2603,0.0502,0.0439,/work/Agent_benchmark/Pathology-CoT/post_eval/TCGA_LUNG_Classification/ROI/roi_overlap_results.csv,True,True
TCGA-33-4538-01Z-00-DX4.038eb76c-beff-46f0-b0bb-b5c951305b52,Pathology-CoT,TCGA_LUNG_Classification,0.05,1,False,,0.0,0.0,,,0.0,0.0,0.0,/work/Agent_benchmark/Pathology-CoT/post_eval/TCGA_LUNG_Classification/ROI/roi_overlap_results.csv,True,True
TCGA-33-4538-01Z-00-DX5.19d6ae2f-feaa-4c38-9335-6bb549631f94,Pathology-CoT,TCGA_LUNG_Classification,0.05,1,True,1.0,1.0,1.0,1.0,1.0,1.0,0.0188,0.0188,/work/Agent_benchmark/Pathology-CoT/post_eval/TCGA_LUNG_Classification/ROI/roi_overlap_results.csv,False,True
TCGA-33-4538-01Z-00-DX6.4eef2215-0a0e-478d-81be-207d566e8788,Pathology-CoT,TCGA_LUNG_Classification,0.05,10,True,2.0,1.0,0.79832,1.0,0.9979,0.7906,0.0893,0.0872,/work/Agent_benchmark/Pathology-CoT/post_eval/TCGA_LUNG_Classification/ROI/roi_overlap_results.csv,True,True
TCGA-33-4538-01Z-00-DX7.4a9f5939-4299-4648-8f62-2a0909e8d3bd,Pathology-CoT,TCGA_LUNG_Classification,0.05,1,False,,0.0,0.0,,,0.0,0.0,0.0,/work/Agent_benchmark/Pathology-CoT/post_eval/TCGA_LUNG_Classification/ROI/roi_overlap_results.csv,True,True
TCGA-33-4538-01Z-00-DX8.ec0d10ef-ec0e-4ad2-81fb-907754694e42,Pathology-CoT,TCGA_LUNG_Classification,0.05,1,False,,0.0,0.0,,,0.0,0.0,0.0,/work/Agent_benchmark/Pathology-CoT/post_eval/TCGA_LUNG_Classification/ROI/roi_overlap_results.csv,True,True
TCGA-33-4538-01Z-00-DX9.f05eb71e-b511-4326-9097-5ca191f0100e,Pathology-CoT,TCGA_LUNG_Classification,0.05,1,True,1.0,1.0,1.0,1.0,1.0,1.0,0.0466,0.0466,/work/Agent_benchmark/Pathology-CoT/post_eval/TCGA_LUNG_Classification/ROI/roi_overlap_results.csv,True,True
TCGA-33-4547-01Z-00-DX1.7009df06-03f9-497a-b7bd-f8ef4244d152,Pathology-CoT,TCGA_LUNG_Classification,0.05,10,True,2.0,1.0,0.6,1.0,1.0,0.6675,0.0947,0.0905,/work/Agent_benchmark/Pathology-CoT/post_eval/TCGA_LUNG_Classification/ROI/roi_overlap_results.csv,True,True
TCGA-33-4547-01Z-00-DX2.a864126e-e46c-4ce4-a3d5-792f35ccaa80,Pathology-CoT,TCGA_LUNG_Classification,0.05,1,True,1.0,1.0,1.0,1.0,1.0,1.0,0.0432,0.0432,/work/Agent_benchmark/Pathology-CoT/post_eval/TCGA_LUNG_Classification/ROI/roi_overlap_results.csv,False,True
TCGA-33-4547-01Z-00-DX3.9f19ec7f-6469-463a-a027-124c3fe5a06c,Pathology-CoT,TCGA_LUNG_Classification,0.05,1,True,1.0,1.0,1.0,1.0,1.0,1.0,0.0235,0.0235,/work/Agent_benchmark/Pathology-CoT/post_eval/TCGA_LUNG_Classification/ROI/roi_overlap_results.csv,True,True
TCGA-33-4547-01Z-00-DX4.a340ca7a-a732-482c-8df6-bcdcf14890cd,Pathology-CoT,TCGA_LUNG_Classification,0.05,2,True,1.0,1.0,1.0,1.0,1.0,1.0,0.0202,0.0202,/work/Agent_benchmark/Pathology-CoT/post_eval/TCGA_LUNG_Classification/ROI/roi_overlap_results.csv,False,True
TCGA-33-4547-01Z-00-DX5.0430003c-aa9c-4d8f-89fd-72fa63207740,Pathology-CoT,TCGA_LUNG_Classification,0.05,5,True,1.0,1.0,0.99726,1.0,0.99726,0.9986,0.0865,0.0865,/work/Agent_benchmark/Pathology-CoT/post_eval/TCGA_LUNG_Classification/ROI/roi_overlap_results.csv,True,True
TCGA-33-4547-01Z-00-DX6.2bcc33c0-31f2-4354-b954-64bd646f40df,Pathology-CoT,TCGA_LUNG_Classification,0.05,10,True,1.0,1.0,1.0,1.0,1.0,1.0,0.1015,0.1015,/work/Agent_benchmark/Pathology-CoT/post_eval/TCGA_LUNG_Classification/ROI/roi_overlap_results.csv,False,True
TCGA-33-4547-01Z-00-DX7.91be6f90-d9ab-4345-a3bd-91805d9761b9,Pathology-CoT,TCGA_LUNG_Classification,0.05,10,True,1.0,1.0,0.97134,1.0,0.97134,0.9805,0.0547,0.0547,/work/Agent_benchmark/Pathology-CoT/post_eval/TCGA_LUNG_Classification/ROI/roi_overlap_results.csv,True,True
TCGA-33-4566-01Z-00-DX1.C256546D-D3EC-41DA-9681-06BA4B011DD2,Pathology-CoT,TCGA_LUNG_Classification,0.05,10,True,4.0,1.0,0.14886,1.0,0.4962,0.1993,0.0246,0.0224,/work/Agent_benchmark/Pathology-CoT/post_eval/TCGA_LUNG_Classification/ROI/roi_overlap_results.csv,False,True
TCGA-33-4582-01Z-00-DX1.629AEDB6-E9AA-4615-92E8-5DDAAFF6103E,Pathology-CoT,TCGA_LUNG_Classification,0.05,1,True,1.0,0.7385,0.7385,0.7385,0.7385,0.7385,0.0209,0.0208,/work/Agent_benchmark/Pathology-CoT/post_eval/TCGA_LUNG_Classification/ROI/roi_overlap_results.csv,True,True
TCGA-33-4583-01Z-00-DX1.c5e3071e-a941-46db-a987-74a059ee6d69,Pathology-CoT,TCGA_LUNG_Classification,0.05,10,False,,0.0,0.0,,,0.0,0.0,0.0,/work/Agent_benchmark/Pathology-CoT/post_eval/TCGA_LUNG_Classification/ROI/roi_overlap_results.csv,True,True
TCGA-33-4583-01Z-00-DX2.8fc10fa1-82b8-49c5-972b-e4303b4293a7,Pathology-CoT,TCGA_LUNG_Classification,0.05,8,False,,0.0149,0.0018625,,,0.0015,0.0002,0.0002,/work/Agent_benchmark/Pathology-CoT/post_eval/TCGA_LUNG_Classification/ROI/roi_overlap_results.csv,True,True
TCGA-33-4583-01Z-00-DX3.f802363d-0e77-450e-bf45-928629c66e23,Pathology-CoT,TCGA_LUNG_Classification,0.05,5,True,2.0,1.0,0.4,1.0,1.0,0.4187,0.0441,0.0416,/work/Agent_benchmark/Pathology-CoT/post_eval/TCGA_LUNG_Classification/ROI/roi_overlap_results.csv,False,True
TCGA-33-4583-01Z-00-DX4.efa9cdaf-3a6a-4e31-9826-e90f6f3420b7,Pathology-CoT,TCGA_LUNG_Classification,0.05,1,False,,0.0,0.0,,,0.0,0.0,0.0,/work/Agent_benchmark/Pathology-CoT/post_eval/TCGA_LUNG_Classification/ROI/roi_overlap_results.csv,True,True
TCGA-33-4586-01Z-00-DX1.3b7dbb34-4bb4-4de5-a67f-1b6260fd8f15,Pathology-CoT,TCGA_LUNG_Classification,0.05,2,True,1.0,1.0,1.0,1.0,1.0,1.0,0.0214,0.0214,/work/Agent_benchmark/Pathology-CoT/post_eval/TCGA_LUNG_Classification/ROI/roi_overlap_results.csv,True,True
TCGA-33-4586-01Z-00-DX2.a9798fe4-8db9-41d7-8d00-eb2a9eef1bc0,Pathology-CoT,TCGA_LUNG_Classification,0.05,1,True,1.0,1.0,1.0,1.0,1.0,1.0,0.0072,0.0072,/work/Agent_benchmark/Pathology-CoT/post_eval/TCGA_LUNG_Classification/ROI/roi_overlap_results.csv,True,True
TCGA-33-6738-01Z-00-DX1.d688fae9-4daf-4b6e-b907-fb55e3983d62,Pathology-CoT,TCGA_LUNG_Classification,0.05,1,True,1.0,1.0,1.0,1.0,1.0,1.0,0.0132,0.0132,/work/Agent_benchmark/Pathology-CoT/post_eval/TCGA_LUNG_Classification/ROI/roi_overlap_results.csv,False,True
TCGA-33-6738-01Z-00-DX2.3a2fa17d-0297-4b0c-8a5f-aa18c5342ef4,Pathology-CoT,TCGA_LUNG_Classification,0.05,10,True,1.0,1.0,1.0,1.0,1.0,1.0,0.089,0.089,/work/Agent_benchmark/Pathology-CoT/post_eval/TCGA_LUNG_Classification/ROI/roi_overlap_results.csv,False,True
TCGA-33-6738-01Z-00-DX3.26deb8f3-f138-45e4-9765-f713030746e8,Pathology-CoT,TCGA_LUNG_Classification,0.05,3,True,1.0,1.0,1.0,1.0,1.0,1.0,0.0469,0.0469,/work/Agent_benchmark/Pathology-CoT/post_eval/TCGA_LUNG_Classification/ROI/roi_overlap_results.csv,True,True
TCGA-33-6738-01Z-00-DX4.8a8b2411-f425-4181-82cc-0c8535055028,Pathology-CoT,TCGA_LUNG_Classification,0.05,1,True,1.0,1.0,1.0,1.0,1.0,1.0,0.0334,0.0334,/work/Agent_benchmark/Pathology-CoT/post_eval/TCGA_LUNG_Classification/ROI/roi_overlap_results.csv,True,True
TCGA-33-6738-01Z-00-DX5.4af96952-d323-4d2e-9871-e590b7c5f59d,Pathology-CoT,TCGA_LUNG_Classification,0.05,2,True,1.0,1.0,1.0,1.0,1.0,1.0,0.0561,0.0561,/work/Agent_benchmark/Pathology-CoT/post_eval/TCGA_LUNG_Classification/ROI/roi_overlap_results.csv,False,True
TCGA-33-6738-01Z-00-DX6.631ec263-2df0-4d13-982b-14db382a2532,Pathology-CoT,TCGA_LUNG_Classification,0.05,1,True,1.0,0.9983,0.9983,0.9983,0.9983,0.9983,0.0438,0.0438,/work/Agent_benchmark/Pathology-CoT/post_eval/TCGA_LUNG_Classification/ROI/roi_overlap_results.csv,True,True
TCGA-33-A4WN-01Z-00-DX1.438D0EF6-C329-41E5-A7D5-7F037DE34106,Pathology-CoT,TCGA_LUNG_Classification,0.05,1,True,1.0,1.0,1.0,1.0,1.0,1.0,0.021,0.021,/work/Agent_benchmark/Pathology-CoT/post_eval/TCGA_LUNG_Classification/ROI/roi_overlap_results.csv,True,True
TCGA-33-A4WN-01Z-00-DX2.0AC8FFA9-BD94-4B28-8066-5430D6053432,Pathology-CoT,TCGA_LUNG_Classification,0.05,1,True,1.0,0.9932,0.9932,0.9932,0.9932,0.9932,0.0445,0.0445,/work/Agent_benchmark/Pathology-CoT/post_eval/TCGA_LUNG_Classification/ROI/roi_overlap_results.csv,True,True
TCGA-33-A5GW-01Z-00-DX1.6F0833B7-EDAB-4DF4-83D9-393D8ADBFCF3,Pathology-CoT,TCGA_LUNG_Classification,0.05,10,True,1.0,1.0,1.0,1.0,1.0,1.0,0.0416,0.0416,/work/Agent_benchmark/Pathology-CoT/post_eval/TCGA_LUNG_Classification/ROI/roi_overlap_results.csv,True,True
TCGA-33-A5GW-01Z-00-DX2.8E12990B-CA60-4C94-9309-9A0DA6C63588,Pathology-CoT,TCGA_LUNG_Classification,0.05,1,True,1.0,0.7836,0.7836,0.7836,0.7836,0.7836,0.0052,0.0052,/work/Agent_benchmark/Pathology-CoT/post_eval/TCGA_LUNG_Classification/ROI/roi_overlap_results.csv,True,True
TCGA-33-A5GW-01Z-00-DX3.7A1C5169-96C6-4ECB-81E1-1050EFE84B60,Pathology-CoT,TCGA_LUNG_Classification,0.05,1,False,,0.0,0.0,,,0.0,0.0,0.0,/work/Agent_benchmark/Pathology-CoT/post_eval/TCGA_LUNG_Classification/ROI/roi_overlap_results.csv,True,True
TCGA-33-AAS8-01Z-00-DX1.774A64E2-17E4-468C-BFE9-85F0D4F52D0E,Pathology-CoT,TCGA_LUNG_Classification,0.05,1,False,,0.0,0.0,,,0.0,0.0,0.0,/work/Agent_benchmark/Pathology-CoT/post_eval/TCGA_LUNG_Classification/ROI/roi_overlap_results.csv,False,True
TCGA-33-AASB-01Z-00-DX1.7AAF5628-3B4D-4230-8375-AB1A51054466,Pathology-CoT,TCGA_LUNG_Classification,0.05,9,True,2.0,1.0,0.3580888888888889,1.0,0.796625,0.4125,0.0237,0.023,/work/Agent_benchmark/Pathology-CoT/post_eval/TCGA_LUNG_Classification/ROI/roi_overlap_results.csv,False,True
TCGA-33-AASD-01Z-00-DX1.DAB3D05A-A6CE-47D1-90B6-79EBABAC3454,Pathology-CoT,TCGA_LUNG_Classification,0.05,1,True,1.0,0.4468,0.4468,0.4468,0.4468,0.4468,0.0084,0.0083,/work/Agent_benchmark/Pathology-CoT/post_eval/TCGA_LUNG_Classification/ROI/roi_overlap_results.csv,True,True
TCGA-33-AASI-01Z-00-DX1.71BC119D-9916-4214-9294-26301F2E430F,Pathology-CoT,TCGA_LUNG_Classification,0.05,4,True,1.0,1.0,1.0,1.0,1.0,1.0,0.0379,0.0379,/work/Agent_benchmark/Pathology-CoT/post_eval/TCGA_LUNG_Classification/ROI/roi_overlap_results.csv,True,True
TCGA-33-AASJ-01Z-00-DX1.0201CE2A-4DE6-4B4E-A010-37D773207F52,Pathology-CoT,TCGA_LUNG_Classification,0.05,1,True,1.0,1.0,1.0,1.0,1.0,1.0,0.0271,0.0271,/work/Agent_benchmark/Pathology-CoT/post_eval/TCGA_LUNG_Classification/ROI/roi_overlap_results.csv,True,True
TCGA-33-AASL-01Z-00-DX1.B6BE8062-EFB3-4615-8F9A-52E2C6D4617F,Pathology-CoT,TCGA_LUNG_Classification,0.05,2,True,1.0,1.0,1.0,1.0,1.0,1.0,0.0257,0.0257,/work/Agent_benchmark/Pathology-CoT/post_eval/TCGA_LUNG_Classification/ROI/roi_overlap_results.csv,True,True
TCGA-34-2596-01Z-00-DX1.be778d17-d06c-4300-aaf1-c0acbef8fa41,Pathology-CoT,TCGA_LUNG_Classification,0.05,1,True,1.0,0.2468,0.2468,0.2468,0.2468,0.2468,0.0158,0.0151,/work/Agent_benchmark/Pathology-CoT/post_eval/TCGA_LUNG_Classification/ROI/roi_overlap_results.csv,True,True
TCGA-34-2600-01Z-00-DX1.CDCAAE91-3056-4952-B988-00F3722B520B,Pathology-CoT,TCGA_LUNG_Classification,0.05,1,True,1.0,1.0,1.0,1.0,1.0,1.0,0.0345,0.0345,/work/Agent_benchmark/Pathology-CoT/post_eval/TCGA_LUNG_Classification/ROI/roi_overlap_results.csv,True,True
TCGA-34-2604-01Z-00-DX1.C04E4FF6-6E62-432D-AD1E-D0AACAA66875,Pathology-CoT,TCGA_LUNG_Classification,0.05,2,True,1.0,1.0,0.56615,1.0,0.56615,0.6438,0.0346,0.034,/work/Agent_benchmark/Pathology-CoT/post_eval/TCGA_LUNG_Classification/ROI/roi_overlap_results.csv,True,True
TCGA-34-2605-01Z-00-DX1.4DC249E9-26AD-4C0A-918C-3BC6C2DACDD0,Pathology-CoT,TCGA_LUNG_Classification,0.05,10,True,1.0,1.0,0.72581,1.0,0.9072625,0.7924,0.0596,0.0587,/work/Agent_benchmark/Pathology-CoT/post_eval/TCGA_LUNG_Classification/ROI/roi_overlap_results.csv,False,True
TCGA-34-5232-01Z-00-DX1.7483c36b-8473-439b-a726-2821ec834fc2,Pathology-CoT,TCGA_LUNG_Classification,0.05,1,False,,0.0,0.0,,,0.0,0.0,0.0,/work/Agent_benchmark/Pathology-CoT/post_eval/TCGA_LUNG_Classification/ROI/roi_overlap_results.csv,True,True
TCGA-34-5240-01Z-00-DX1.03785f14-494a-4898-9ae0-59e64250c33b,Pathology-CoT,TCGA_LUNG_Classification,0.05,10,True,1.0,1.0,1.0,1.0,1.0,1.0,0.0611,0.0611,/work/Agent_benchmark/Pathology-CoT/post_eval/TCGA_LUNG_Classification/ROI/roi_overlap_results.csv,False,True
TCGA-34-5241-01Z-00-DX1.7abc4737-9a9c-4270-8297-58ea167cea63,Pathology-CoT,TCGA_LUNG_Classification,0.05,7,True,7.0,1.0,0.14285714285714285,1.0,1.0,0.2538,0.0515,0.0447,/work/Agent_benchmark/Pathology-CoT/post_eval/TCGA_LUNG_Classification/ROI/roi_overlap_results.csv,True,True
TCGA-34-5928-01Z-00-DX1.d336efc9-3ebb-4457-a81b-1e448781f999,Pathology-CoT,TCGA_LUNG_Classification,0.05,10,True,1.0,1.0,1.0,1.0,1.0,1.0,0.0752,0.0752,/work/Agent_benchmark/Pathology-CoT/post_eval/TCGA_LUNG_Classification/ROI/roi_overlap_results.csv,True,True
TCGA-34-5929-01Z-00-DX1.a461aed7-0ba9-44dc-8f5b-941cb57aa855,Pathology-CoT,TCGA_LUNG_Classification,0.05,10,True,1.0,1.0,0.9489000000000001,1.0,0.9489000000000001,0.915,0.0615,0.0611,/work/Agent_benchmark/Pathology-CoT/post_eval/TCGA_LUNG_Classification/ROI/roi_overlap_results.csv,True,True
TCGA-34-7107-01Z-00-DX1.c72202e6-740d-4891-945c-f360f7c56bc9,Pathology-CoT,TCGA_LUNG_Classification,0.05,1,True,1.0,0.2679,0.2679,0.2679,0.2679,0.2679,0.01,0.0097,/work/Agent_benchmark/Pathology-CoT/post_eval/TCGA_LUNG_Classification/ROI/roi_overlap_results.csv,False,True
TCGA-34-8454-01Z-00-DX1.A2308ED3-E430-4448-853F-B51412354279,Pathology-CoT,TCGA_LUNG_Classification,0.05,10,True,1.0,1.0,0.88236,1.0,0.88236,0.875,0.0591,0.0586,/work/Agent_benchmark/Pathology-CoT/post_eval/TCGA_LUNG_Classification/ROI/roi_overlap_results.csv,True,True
TCGA-34-8455-01Z-00-DX1.9B7A1CBA-0B53-4F2A-9AEC-D72FDB6553F7,Pathology-CoT,TCGA_LUNG_Classification,0.05,9,True,1.0,1.0,1.0,1.0,1.0,1.0,0.0867,0.0867,/work/Agent_benchmark/Pathology-CoT/post_eval/TCGA_LUNG_Classification/ROI/roi_overlap_results.csv,True,True
TCGA-34-A5IX-01Z-00-DX1.E10EE7FC-91EA-4A39-8B1B-1312C8D9620B,Pathology-CoT,TCGA_LUNG_Classification,0.05,1,True,1.0,1.0,1.0,1.0,1.0,1.0,0.0185,0.0185,/work/Agent_benchmark/Pathology-CoT/post_eval/TCGA_LUNG_Classification/ROI/roi_overlap_results.csv,True,True
TCGA-35-3615-01Z-00-DX1.585128eb-6652-4b05-9a83-dc8f242904a6,Pathology-CoT,TCGA_LUNG_Classification,0.05,1,True,1.0,0.3233,0.3233,0.3233,0.3233,0.3233,0.0083,0.0081,/work/Agent_benchmark/Pathology-CoT/post_eval/TCGA_LUNG_Classification/ROI/roi_overlap_results.csv,True,True
TCGA-35-4122-01Z-00-DX1.2ac022e4-e796-49e5-9a24-f0ff3f76a527,Pathology-CoT,TCGA_LUNG_Classification,0.05,1,True,1.0,1.0,1.0,1.0,1.0,1.0,0.0954,0.0954,/work/Agent_benchmark/Pathology-CoT/post_eval/TCGA_LUNG_Classification/ROI/roi_overlap_results.csv,True,True
TCGA-35-4123-01Z-00-DX1.990553a8-657e-49ec-9782-e6d30a4c4909,Pathology-CoT,TCGA_LUNG_Classification,0.05,3,True,1.0,1.0,0.6641333333333334,1.0,0.9962,0.6606,0.1177,0.111,/work/Agent_benchmark/Pathology-CoT/post_eval/TCGA_LUNG_Classification/ROI/roi_overlap_results.csv,False,True
TCGA-35-5375-01Z-00-DX1.10708170-750A-451B-BC10-0B4042540033,Pathology-CoT,TCGA_LUNG_Classification,0.05,2,True,1.0,1.0,0.79425,1.0,0.79425,0.7002,0.0195,0.0194,/work/Agent_benchmark/Pathology-CoT/post_eval/TCGA_LUNG_Classification/ROI/roi_overlap_results.csv,False,True
TCGA-37-3789-01Z-00-DX1.d7a4923e-988e-45e9-a64e-30c983740614,Pathology-CoT,TCGA_LUNG_Classification,0.05,1,False,,0.0,0.0,,,0.0,0.0,0.0,/work/Agent_benchmark/Pathology-CoT/post_eval/TCGA_LUNG_Classification/ROI/roi_overlap_results.csv,False,True
TCGA-37-3792-01Z-00-DX1.d95a9f5f-5bad-48fc-9f90-ed2580328b80,Pathology-CoT,TCGA_LUNG_Classification,0.05,10,True,2.0,1.0,0.2,1.0,1.0,0.1956,0.0386,0.0333,/work/Agent_benchmark/Pathology-CoT/post_eval/TCGA_LUNG_Classification/ROI/roi_overlap_results.csv,True,True
TCGA-37-4129-01Z-00-DX1.0b52aa1e-20d4-4084-8fa1-2f1b7f09dd5b,Pathology-CoT,TCGA_LUNG_Classification,0.05,1,True,1.0,1.0,1.0,1.0,1.0,1.0,0.0084,0.0084,/work/Agent_benchmark/Pathology-CoT/post_eval/TCGA_LUNG_Classification/ROI/roi_overlap_results.csv,True,True
TCGA-37-4130-01Z-00-DX1.37ccfdfe-fc20-4809-8dc7-e342242d0bfa,Pathology-CoT,TCGA_LUNG_Classification,0.05,1,False,,0.0,0.0,,,0.0,0.0,0.0,/work/Agent_benchmark/Pathology-CoT/post_eval/TCGA_LUNG_Classification/ROI/roi_overlap_results.csv,False,True
TCGA-37-4132-01Z-00-DX1.5e5a564d-6561-48e7-a3a2-81a523392d8b,Pathology-CoT,TCGA_LUNG_Classification,0.05,2,False,,0.0,0.0,,,0.0,0.0,0.0,/work/Agent_benchmark/Pathology-CoT/post_eval/TCGA_LUNG_Classification/ROI/roi_overlap_results.csv,True,True
TCGA-37-4133-01Z-00-DX1.3dfcb0df-6f4b-4df7-9d04-085b36e03024,Pathology-CoT,TCGA_LUNG_Classification,0.05,1,True,1.0,1.0,1.0,1.0,1.0,1.0,0.0073,0.0073,/work/Agent_benchmark/Pathology-CoT/post_eval/TCGA_LUNG_Classification/ROI/roi_overlap_results.csv,False,True
TCGA-37-4135-01Z-00-DX1.3f193ee1-530c-4f37-a669-56af75bba8db,Pathology-CoT,TCGA_LUNG_Classification,0.05,2,True,1.0,1.0,0.5,1.0,1.0,0.4732,0.0231,0.0225,/work/Agent_benchmark/Pathology-CoT/post_eval/TCGA_LUNG_Classification/ROI/roi_overlap_results.csv,True,True
TCGA-37-4141-01Z-00-DX1.65256656-b0e0-4705-ad00-38f6c8922cfc,Pathology-CoT,TCGA_LUNG_Classification,0.05,2,False,,0.0,0.0,,,0.0,0.0,0.0,/work/Agent_benchmark/Pathology-CoT/post_eval/TCGA_LUNG_Classification/ROI/roi_overlap_results.csv,True,True
TCGA-37-5819-01Z-00-DX1.3647F836-7BB4-4D41-A85E-CFC0B5CBA216,Pathology-CoT,TCGA_LUNG_Classification,0.05,10,True,1.0,1.0,0.9962899999999999,1.0,0.9962899999999999,0.9966,0.0643,0.0643,/work/Agent_benchmark/Pathology-CoT/post_eval/TCGA_LUNG_Classification/ROI/roi_overlap_results.csv,True,True
TCGA-37-A5EL-01Z-00-DX1.DFD49A5B-27F6-407E-8ADA-54EDACAA0788,Pathology-CoT,TCGA_LUNG_Classification,0.05,8,True,1.0,1.0,1.0,1.0,1.0,1.0,0.082,0.082,/work/Agent_benchmark/Pathology-CoT/post_eval/TCGA_LUNG_Classification/ROI/roi_overlap_results.csv,True,True
TCGA-37-A5EM-01Z-00-DX1.FF7B9A1C-9D2C-43E4-9AE9-711214ACF77D,Pathology-CoT,TCGA_LUNG_Classification,0.05,10,True,1.0,1.0,0.92262,1.0,0.92262,0.9364,0.0753,0.075,/work/Agent_benchmark/Pathology-CoT/post_eval/TCGA_LUNG_Classification/ROI/roi_overlap_results.csv,True,True
TCGA-37-A5EN-01Z-00-DX1.C389C26A-2B88-4DCA-9B32-FEECDFFC35A6,Pathology-CoT,TCGA_LUNG_Classification,0.05,8,True,1.0,1.0,1.0,1.0,1.0,1.0,0.056,0.056,/work/Agent_benchmark/Pathology-CoT/post_eval/TCGA_LUNG_Classification/ROI/roi_overlap_results.csv,True,True
TCGA-38-4625-01Z-00-DX1.ffdbfc1d-7a21-4e67-a54f-89597bd14a7f,Pathology-CoT,TCGA_LUNG_Classification,0.05,1,False,,0.0,0.0,,,0.0,0.0,0.0,/work/Agent_benchmark/Pathology-CoT/post_eval/TCGA_LUNG_Classification/ROI/roi_overlap_results.csv,True,True
TCGA-38-4626-01Z-00-DX1.142bc018-bd79-4db9-84e2-f83a617ea92a,Pathology-CoT,TCGA_LUNG_Classification,0.05,1,False,,0.0,0.0,,,0.0,0.0,0.0,/work/Agent_benchmark/Pathology-CoT/post_eval/TCGA_LUNG_Classification/ROI/roi_overlap_results.csv,True,True
TCGA-38-4627-01Z-00-DX1.fe406eb9-b38b-410d-aa1a-84ab8ac091c7,Pathology-CoT,TCGA_LUNG_Classification,0.05,1,True,1.0,1.0,1.0,1.0,1.0,1.0,0.1159,0.1159,/work/Agent_benchmark/Pathology-CoT/post_eval/TCGA_LUNG_Classification/ROI/roi_overlap_results.csv,False,True
TCGA-38-4628-01Z-00-DX1.eee4f100-142f-4d9c-8e38-b16aab123413,Pathology-CoT,TCGA_LUNG_Classification,0.05,1,True,1.0,1.0,1.0,1.0,1.0,1.0,0.0882,0.0882,/work/Agent_benchmark/Pathology-CoT/post_eval/TCGA_LUNG_Classification/ROI/roi_overlap_results.csv,False,True
TCGA-38-4629-01Z-00-DX1.d00cc280-5370-4b9f-9655-6c35deb94647,Pathology-CoT,TCGA_LUNG_Classification,0.05,1,False,,0.0,0.0,,,0.0,0.0,0.0,/work/Agent_benchmark/Pathology-CoT/post_eval/TCGA_LUNG_Classification/ROI/roi_overlap_results.csv,True,True
TCGA-38-4630-01Z-00-DX1.d08d0193-c5ed-4db8-b236-1a4c3c3177b8,Pathology-CoT,TCGA_LUNG_Classification,0.05,1,True,1.0,1.0,1.0,1.0,1.0,1.0,0.0275,0.0275,/work/Agent_benchmark/Pathology-CoT/post_eval/TCGA_LUNG_Classification/ROI/roi_overlap_results.csv,True,True
TCGA-38-4631-01Z-00-DX1.5e0c873a-9c4c-4e0b-bf2e-e3cd8b760761,Pathology-CoT,TCGA_LUNG_Classification,0.05,6,True,2.0,1.0,0.33149999999999996,1.0,0.9944999999999999,0.4383,0.0748,0.0683,/work/Agent_benchmark/Pathology-CoT/post_eval/TCGA_LUNG_Classification/ROI/roi_overlap_results.csv,True,True
TCGA-38-4632-01Z-00-DX1.5E05F85C-53BC-4280-8E7F-8B9DECEF849F,Pathology-CoT,TCGA_LUNG_Classification,0.05,1,True,1.0,0.9714,0.9714,0.9714,0.9714,0.9714,0.0575,0.0574,/work/Agent_benchmark/Pathology-CoT/post_eval/TCGA_LUNG_Classification/ROI/roi_overlap_results.csv,True,True
TCGA-38-6178-01Z-00-DX1.5932337D-BA2B-455D-9E34-22961EFA2170,Pathology-CoT,TCGA_LUNG_Classification,0.05,1,False,,0.0,0.0,,,0.0,0.0,0.0,/work/Agent_benchmark/Pathology-CoT/post_eval/TCGA_LUNG_Classification/ROI/roi_overlap_results.csv,True,True
TCGA-38-A44F-01Z-00-DX1.B9958072-D8BB-40DD-B28E-2E83CE2B550B,Pathology-CoT,TCGA_LUNG_Classification,0.05,2,False,,0.0,0.0,,,0.0,0.0,0.0,/work/Agent_benchmark/Pathology-CoT/post_eval/TCGA_LUNG_Classification/ROI/roi_overlap_results.csv,True,True
TCGA-39-5011-01Z-00-DX1.be58f65a-0b90-4ba4-bc5f-df74d4a3df22,Pathology-CoT,TCGA_LUNG_Classification,0.05,10,True,1.0,1.0,1.0,1.0,1.0,1.0,0.056,0.056,/work/Agent_benchmark/Pathology-CoT/post_eval/TCGA_LUNG_Classification/ROI/roi_overlap_results.csv,False,True
TCGA-39-5016-01Z-00-DX1.b568cdcd-f8bf-4917-ae40-dbd505c36d1e,Pathology-CoT,TCGA_LUNG_Classification,0.05,10,True,1.0,1.0,1.0,1.0,1.0,1.0,0.0643,0.0643,/work/Agent_benchmark/Pathology-CoT/post_eval/TCGA_LUNG_Classification/ROI/roi_overlap_results.csv,True,True
TCGA-39-5019-01Z-00-DX1.FE0485DE-AEB3-443F-AFCA-C186C336F7EC,Pathology-CoT,TCGA_LUNG_Classification,0.05,10,True,1.0,1.0,1.0,1.0,1.0,1.0,0.0574,0.0574,/work/Agent_benchmark/Pathology-CoT/post_eval/TCGA_LUNG_Classification/ROI/roi_overlap_results.csv,True,True
TCGA-39-5021-01Z-00-DX1.4d22d3ca-cb06-43d0-aba7-583f1d706105,Pathology-CoT,TCGA_LUNG_Classification,0.05,7,True,1.0,1.0,1.0,1.0,1.0,1.0,0.0659,0.0659,/work/Agent_benchmark/Pathology-CoT/post_eval/TCGA_LUNG_Classification/ROI/roi_overlap_results.csv,True,True
TCGA-39-5022-01Z-00-DX1.1bf6a4da-0b59-4478-bcf1-b004f0356342,Pathology-CoT,TCGA_LUNG_Classification,0.05,1,True,1.0,0.9111,0.9111,0.9111,0.9111,0.9111,0.0544,0.0541,/work/Agent_benchmark/Pathology-CoT/post_eval/TCGA_LUNG_Classification/ROI/roi_overlap_results.csv,True,True
TCGA-39-5024-01Z-00-DX1.b159135e-c9d5-4768-83a6-1de9961d20ad,Pathology-CoT,TCGA_LUNG_Classification,0.05,3,True,1.0,1.0,0.4769666666666667,1.0,0.71545,0.4867,0.0312,0.0302,/work/Agent_benchmark/Pathology-CoT/post_eval/TCGA_LUNG_Classification/ROI/roi_overlap_results.csv,True,True
TCGA-39-5027-01Z-00-DX1.54a3e035-7178-4786-870b-1f6adfb82331,Pathology-CoT,TCGA_LUNG_Classification,0.05,3,True,1.0,0.8962,0.5588000000000001,0.8962,0.8382000000000001,0.4797,0.134,0.117,/work/Agent_benchmark/Pathology-CoT/post_eval/TCGA_LUNG_Classification/ROI/roi_overlap_results.csv,True,True
TCGA-39-5028-01Z-00-DX1.7994ec22-746d-4c30-8138-e6c9bc67c71f,Pathology-CoT,TCGA_LUNG_Classification,0.05,2,False,,0.0,0.0,,,0.0,0.0,0.0,/work/Agent_benchmark/Pathology-CoT/post_eval/TCGA_LUNG_Classification/ROI/roi_overlap_results.csv,True,True
TCGA-39-5029-01Z-00-DX1.74c5cb38-650e-4fe7-bc63-f6e88761346d,Pathology-CoT,TCGA_LUNG_Classification,0.05,3,True,1.0,1.0,1.0,1.0,1.0,1.0,0.0227,0.0227,/work/Agent_benchmark/Pathology-CoT/post_eval/TCGA_LUNG_Classification/ROI/roi_overlap_results.csv,False,True
TCGA-39-5030-01Z-00-DX1.09d96fb6-9a19-40ae-967e-49f378340f9b,Pathology-CoT,TCGA_LUNG_Classification,0.05,1,True,1.0,1.0,1.0,1.0,1.0,1.0,0.0199,0.0199,/work/Agent_benchmark/Pathology-CoT/post_eval/TCGA_LUNG_Classification/ROI/roi_overlap_results.csv,True,True
TCGA-39-5031-01Z-00-DX1.f9264b3b-9fdf-4fb7-8752-2d3ffd3de3ea,Pathology-CoT,TCGA_LUNG_Classification,0.05,2,True,1.0,1.0,1.0,1.0,1.0,1.0,0.0464,0.0464,/work/Agent_benchmark/Pathology-CoT/post_eval/TCGA_LUNG_Classification/ROI/roi_overlap_results.csv,False,True
TCGA-39-5034-01Z-00-DX1.fb4191aa-07dc-4615-ac71-b9e4c67ed28b,Pathology-CoT,TCGA_LUNG_Classification,0.05,10,True,1.0,1.0,0.9972200000000001,1.0,0.9972200000000001,0.9949,0.0901,0.09,/work/Agent_benchmark/Pathology-CoT/post_eval/TCGA_LUNG_Classification/ROI/roi_overlap_results.csv,True,True
TCGA-39-5035-01Z-00-DX1.ad5d9143-f194-4cef-9a13-03190cf97ccf,Pathology-CoT,TCGA_LUNG_Classification,0.05,1,True,1.0,1.0,1.0,1.0,1.0,1.0,0.0192,0.0192,/work/Agent_benchmark/Pathology-CoT/post_eval/TCGA_LUNG_Classification/ROI/roi_overlap_results.csv,True,True
TCGA-39-5036-01Z-00-DX1.5a601fbd-a711-478e-a471-2046d2b63f7c,Pathology-CoT,TCGA_LUNG_Classification,0.05,10,True,1.0,0.8683,0.34255,0.8683,0.42818749999999994,0.4388,0.0561,0.0523,/work/Agent_benchmark/Pathology-CoT/post_eval/TCGA_LUNG_Classification/ROI/roi_overlap_results.csv,False,True
TCGA-39-5037-01Z-00-DX1.02636c3e-c843-4741-8fbf-406957fe9d87,Pathology-CoT,TCGA_LUNG_Classification,0.05,1,True,1.0,1.0,1.0,1.0,1.0,1.0,0.028,0.028,/work/Agent_benchmark/Pathology-CoT/post_eval/TCGA_LUNG_Classification/ROI/roi_overlap_results.csv,False,True
TCGA-39-5039-01Z-00-DX1.29f1281d-93d7-4499-bfce-19eeeb1870a4,Pathology-CoT,TCGA_LUNG_Classification,0.05,10,True,1.0,1.0,1.0,1.0,1.0,1.0,0.0823,0.0823,/work/Agent_benchmark/Pathology-CoT/post_eval/TCGA_LUNG_Classification/ROI/roi_overlap_results.csv,False,True
TCGA-39-5040-01Z-00-DX1.F314DFF3-AEBE-4171-8F04-5D2A61FDE208,Pathology-CoT,TCGA_LUNG_Classification,0.05,10,True,1.0,1.0,1.0,1.0,1.0,1.0,0.0341,0.0341,/work/Agent_benchmark/Pathology-CoT/post_eval/TCGA_LUNG_Classification/ROI/roi_overlap_results.csv,True,True
TCGA-43-2576-01Z-00-DX1.779df209-95e1-4303-9c32-4083e8088d8e,Pathology-CoT,TCGA_LUNG_Classification,0.05,10,True,1.0,1.0,0.6,1.0,1.0,0.5737,0.1145,0.1055,/work/Agent_benchmark/Pathology-CoT/post_eval/TCGA_LUNG_Classification/ROI/roi_overlap_results.csv,True,True
TCGA-43-2578-01Z-00-DX1.3314c57b-2875-4cb3-8fff-cb9cf65aa697,Pathology-CoT,TCGA_LUNG_Classification,0.05,10,True,4.0,0.9748,0.32419000000000003,0.9748,0.810475,0.1156,0.8694,0.1137,/work/Agent_benchmark/Pathology-CoT/post_eval/TCGA_LUNG_Classification/ROI/roi_overlap_results.csv,,False
TCGA-43-2581-01Z-00-DX1.0d1203cf-9ac9-49a2-8bd0-063ceae7b1d3,Pathology-CoT,TCGA_LUNG_Classification,0.05,1,False,,0.0,0.0,,,0.0,0.0,0.0,/work/Agent_benchmark/Pathology-CoT/post_eval/TCGA_LUNG_Classification/ROI/roi_overlap_results.csv,True,True
TCGA-43-3394-01Z-00-DX1.4c2f49b9-9dac-41d8-a62b-64c8928caa3c,Pathology-CoT,TCGA_LUNG_Classification,0.05,4,True,1.0,0.9922,0.4,0.9922,0.8,0.3212,0.1204,0.096,/work/Agent_benchmark/Pathology-CoT/post_eval/TCGA_LUNG_Classification/ROI/roi_overlap_results.csv,True,True
TCGA-43-3920-01Z-00-DX1.33ab7101-e3e6-4156-9c16-efae940c8156,Pathology-CoT,TCGA_LUNG_Classification,0.05,3,True,3.0,1.0,0.3333333333333333,1.0,1.0,0.2669,0.0186,0.0177,/work/Agent_benchmark/Pathology-CoT/post_eval/TCGA_LUNG_Classification/ROI/roi_overlap_results.csv,True,True
TCGA-43-5668-01Z-00-DX1.0d024872-fbcc-4e91-948b-acc96a00d5eb,Pathology-CoT,TCGA_LUNG_Classification,0.05,1,False,,0.0,0.0,,,0.0,0.0,0.0,/work/Agent_benchmark/Pathology-CoT/post_eval/TCGA_LUNG_Classification/ROI/roi_overlap_results.csv,True,True
TCGA-43-5670-01Z-00-DX1.1b5d262e-1f39-4f6f-883c-52101b57791f,Pathology-CoT,TCGA_LUNG_Classification,0.05,3,True,1.0,0.308,0.10266666666666667,0.308,0.308,0.0829,0.0245,0.0193,/work/Agent_benchmark/Pathology-CoT/post_eval/TCGA_LUNG_Classification/ROI/roi_overlap_results.csv,False,True
TCGA-43-6143-01Z-00-DX1.52d974a8-3f07-4e7f-8d3f-5d47f321298c,Pathology-CoT,TCGA_LUNG_Classification,0.05,1,False,,0.0,0.0,,,0.0,0.0,0.0,/work/Agent_benchmark/Pathology-CoT/post_eval/TCGA_LUNG_Classification/ROI/roi_overlap_results.csv,True,True
TCGA-43-6647-01Z-00-DX1.ac38a9bb-d5af-42c1-b96c-c1d6b958dd17,Pathology-CoT,TCGA_LUNG_Classification,0.05,5,True,3.0,0.9712,0.19424,0.9712,0.9712,0.1394,0.1089,0.0651,/work/Agent_benchmark/Pathology-CoT/post_eval/TCGA_LUNG_Classification/ROI/roi_overlap_results.csv,True,True
TCGA-43-6770-01Z-00-DX1.466dd07f-b147-48bb-9349-fe1f5f3bcae5,Pathology-CoT,TCGA_LUNG_Classification,0.05,1,True,1.0,0.7634,0.7634,0.7634,0.7634,0.7634,0.0646,0.0633,/work/Agent_benchmark/Pathology-CoT/post_eval/TCGA_LUNG_Classification/ROI/roi_overlap_results.csv,True,True
TCGA-43-6771-01Z-00-DX1.445d4d3f-6a28-4ea7-b7ab-612366c7bb4b,Pathology-CoT,TCGA_LUNG_Classification,0.05,1,False,,0.0,0.0,,,0.0,0.0,0.0,/work/Agent_benchmark/Pathology-CoT/post_eval/TCGA_LUNG_Classification/ROI/roi_overlap_results.csv,True,True
TCGA-43-6773-01Z-00-DX1.a05f9597-51b5-4a5a-9936-c61535b115bb,Pathology-CoT,TCGA_LUNG_Classification,0.05,1,True,1.0,0.6142,0.6142,0.6142,0.6142,0.6142,0.0302,0.0297,/work/Agent_benchmark/Pathology-CoT/post_eval/TCGA_LUNG_Classification/ROI/roi_overlap_results.csv,True,True
TCGA-43-7656-01Z-00-DX1.6076ce10-fcb2-4f29-b3f3-c3f5649dc469,Pathology-CoT,TCGA_LUNG_Classification,0.05,5,True,5.0,0.2059,0.04118,0.2059,0.2059,0.0468,0.0413,0.0224,/work/Agent_benchmark/Pathology-CoT/post_eval/TCGA_LUNG_Classification/ROI/roi_overlap_results.csv,True,True
TCGA-43-7657-01Z-00-DX1.d8a5d257-c5ca-4192-b6a7-4698b8390fca,Pathology-CoT,TCGA_LUNG_Classification,0.05,10,True,5.0,1.0,0.32409,1.0,0.810225,0.3146,0.0883,0.074,/work/Agent_benchmark/Pathology-CoT/post_eval/TCGA_LUNG_Classification/ROI/roi_overlap_results.csv,True,True
TCGA-43-7658-01Z-00-DX1.db69fbb6-59d7-49f5-adbf-f9c030b85b73,Pathology-CoT,TCGA_LUNG_Classification,0.05,6,True,1.0,1.0,0.9999333333333333,1.0,0.9999333333333333,1.0,0.0773,0.0773,/work/Agent_benchmark/Pathology-CoT/post_eval/TCGA_LUNG_Classification/ROI/roi_overlap_results.csv,True,True
TCGA-43-8115-01Z-00-DX1.1CFF45F8-6155-498C-AA52-269E6547FE0D,Pathology-CoT,TCGA_LUNG_Classification,0.05,1,False,,0.0,0.0,,,0.0,0.0,0.0,/work/Agent_benchmark/Pathology-CoT/post_eval/TCGA_LUNG_Classification/ROI/roi_overlap_results.csv,False,True
TCGA-43-A474-01Z-00-DX1.9BCC325D-875A-4285-85E9-2EA550A10949,Pathology-CoT,TCGA_LUNG_Classification,0.05,1,False,,0.0,0.0,,,0.0,0.0,0.0,/work/Agent_benchmark/Pathology-CoT/post_eval/TCGA_LUNG_Classification/ROI/roi_overlap_results.csv,True,True
TCGA-43-A475-01Z-00-DX1.48694B33-6070-4D6E-9CE4-BDEF072500A1,Pathology-CoT,TCGA_LUNG_Classification,0.05,1,False,,0.0,0.0,,,0.0,0.0,0.0,/work/Agent_benchmark/Pathology-CoT/post_eval/TCGA_LUNG_Classification/ROI/roi_overlap_results.csv,True,True
TCGA-43-A56U-01Z-00-DX1.B60C921A-4EE4-4CAE-9E55-311C7D2DA9E4,Pathology-CoT,TCGA_LUNG_Classification,0.05,1,False,,0.0,0.0,,,0.0,0.0,0.0,/work/Agent_benchmark/Pathology-CoT/post_eval/TCGA_LUNG_Classification/ROI/roi_overlap_results.csv,True,True
TCGA-43-A56V-01Z-00-DX1.AA93FE03-FA7D-42C4-A118-B98C2400D9DA,Pathology-CoT,TCGA_LUNG_Classification,0.05,2,False,,0.0,0.0,,,0.0,0.0,0.0,/work/Agent_benchmark/Pathology-CoT/post_eval/TCGA_LUNG_Classification/ROI/roi_overlap_results.csv,True,True
TCGA-44-2655-01Z-00-DX1.ee255271-780c-461c-ab23-5cd3504b5e4a,Pathology-CoT,TCGA_LUNG_Classification,0.05,1,False,,0.0,0.0,,,0.0,0.0,0.0,/work/Agent_benchmark/Pathology-CoT/post_eval/TCGA_LUNG_Classification/ROI/roi_overlap_results.csv,True,True
TCGA-44-2656-01Z-00-DX1.5f247f31-4bb5-460d-a1f7-7dcdba33c835,Pathology-CoT,TCGA_LUNG_Classification,0.05,1,False,,0.0,0.0,,,0.0,0.0,0.0,/work/Agent_benchmark/Pathology-CoT/post_eval/TCGA_LUNG_Classification/ROI/roi_overlap_results.csv,False,True
TCGA-44-2657-01Z-00-DX1.b7f608bd-2381-40a2-a757-ca4648a7de8a,Pathology-CoT,TCGA_LUNG_Classification,0.05,3,False,,0.0,0.0,,,0.0,0.0,0.0,/work/Agent_benchmark/Pathology-CoT/post_eval/TCGA_LUNG_Classification/ROI/roi_overlap_results.csv,True,True
TCGA-44-2659-01Z-00-DX1.b33f40e6-bc18-48b0-8dad-bdb0a6a200b5,Pathology-CoT,TCGA_LUNG_Classification,0.05,10,True,5.0,1.0,0.2,1.0,1.0,0.2147,0.0593,0.0487,/work/Agent_benchmark/Pathology-CoT/post_eval/TCGA_LUNG_Classification/ROI/roi_overlap_results.csv,True,True
TCGA-44-2661-01Z-00-DX1.20cfa0f8-e3ca-4c26-9dfe-b9d416cd94b1,Pathology-CoT,TCGA_LUNG_Classification,0.05,4,True,2.0,1.0,0.5,1.0,1.0,0.5986,0.1092,0.1018,/work/Agent_benchmark/Pathology-CoT/post_eval/TCGA_LUNG_Classification/ROI/roi_overlap_results.csv,True,True
TCGA-44-2662-01Z-00-DX1.398f3f84-fd48-4454-b789-a3e90cd36d73,Pathology-CoT,TCGA_LUNG_Classification,0.05,6,True,2.0,1.0,0.5,1.0,1.0,0.4361,0.3873,0.258,/work/Agent_benchmark/Pathology-CoT/post_eval/TCGA_LUNG_Classification/ROI/roi_overlap_results.csv,True,True
TCGA-44-2664-01Z-00-DX1.35c75ae5-eee0-4e69-a13a-31b5fad9869a,Pathology-CoT,TCGA_LUNG_Classification,0.05,1,True,1.0,0.981,0.981,0.981,0.981,0.981,0.1589,0.1584,/work/Agent_benchmark/Pathology-CoT/post_eval/TCGA_LUNG_Classification/ROI/roi_overlap_results.csv,True,True
TCGA-44-2665-01Z-00-DX1.d429e37e-3915-4da6-b5bc-bf2f09f4fbf7,Pathology-CoT,TCGA_LUNG_Classification,0.05,3,True,2.0,1.0,0.3333333333333333,1.0,1.0,0.2616,0.0423,0.0378,/work/Agent_benchmark/Pathology-CoT/post_eval/TCGA_LUNG_Classification/ROI/roi_overlap_results.csv,True,True
TCGA-44-2666-01Z-00-DX1.f81a89cf-6033-47ea-9a43-290a5d6a28c1,Pathology-CoT,TCGA_LUNG_Classification,0.05,10,True,6.0,1.0,0.2,1.0,1.0,0.2637,0.1161,0.0877,/work/Agent_benchmark/Pathology-CoT/post_eval/TCGA_LUNG_Classification/ROI/roi_overlap_results.csv,True,True
TCGA-44-2668-01Z-00-DX1.f66fa464-dad1-4a9f-8486-3d7579ca42b6,Pathology-CoT,TCGA_LUNG_Classification,0.05,1,False,,0.0,0.0,,,0.0,0.0,0.0,/work/Agent_benchmark/Pathology-CoT/post_eval/TCGA_LUNG_Classification/ROI/roi_overlap_results.csv,True,True
TCGA-44-3396-01Z-00-DX1.187b0a68-ad51-4fcd-819c-b74a8599dbe9,Pathology-CoT,TCGA_LUNG_Classification,0.05,4,True,3.0,1.0,0.25,1.0,1.0,0.1946,0.0248,0.0225,/work/Agent_benchmark/Pathology-CoT/post_eval/TCGA_LUNG_Classification/ROI/roi_overlap_results.csv,True,True
TCGA-44-3398-01Z-00-DX1.74757c91-a0c6-4e7f-b2db-8748c68ffa44,Pathology-CoT,TCGA_LUNG_Classification,0.05,2,True,1.0,1.0,1.0,1.0,1.0,1.0,0.024,0.024,/work/Agent_benchmark/Pathology-CoT/post_eval/TCGA_LUNG_Classification/ROI/roi_overlap_results.csv,False,True
TCGA-44-3917-01Z-00-DX1.cf5b5b49-de5e-4f2e-90b4-b138f55560a9,Pathology-CoT,TCGA_LUNG_Classification,0.05,5,True,1.0,0.9776,0.19552,0.9776,0.9776,0.2482,0.0943,0.0734,/work/Agent_benchmark/Pathology-CoT/post_eval/TCGA_LUNG_Classification/ROI/roi_overlap_results.csv,True,True
TCGA-44-3918-01Z-00-DX1.6da70a8b-6307-423a-9d2d-380c16962855,Pathology-CoT,TCGA_LUNG_Classification,0.05,1,False,,0.0,0.0,,,0.0,0.0,0.0,/work/Agent_benchmark/Pathology-CoT/post_eval/TCGA_LUNG_Classification/ROI/roi_overlap_results.csv,False,True
TCGA-44-3919-01Z-00-DX1.41144972-46a1-4b25-9faa-ed1b9d1996d2,Pathology-CoT,TCGA_LUNG_Classification,0.05,10,True,2.0,1.0,0.4,1.0,1.0,0.4721,0.0821,0.0752,/work/Agent_benchmark/Pathology-CoT/post_eval/TCGA_LUNG_Classification/ROI/roi_overlap_results.csv,True,True
TCGA-44-4112-01Z-00-DX1.5380b3b4-0e24-4c6c-aa8c-298c5fbe068f,Pathology-CoT,TCGA_LUNG_Classification,0.05,1,False,,0.0,0.0,,,0.0,0.0,0.0,/work/Agent_benchmark/Pathology-CoT/post_eval/TCGA_LUNG_Classification/ROI/roi_overlap_results.csv,False,True
TCGA-44-5643-01Z-00-DX1.83fb7631-0ecb-4473-bfb2-c8daa2f87d35,Pathology-CoT,TCGA_LUNG_Classification,0.05,1,True,1.0,0.3462,0.3462,0.3462,0.3462,0.3462,0.0553,0.0501,/work/Agent_benchmark/Pathology-CoT/post_eval/TCGA_LUNG_Classification/ROI/roi_overlap_results.csv,True,True
TCGA-44-5644-01Z-00-DX1.7e4edaa7-25c6-49f4-81bc-f50d6c5fac38,Pathology-CoT,TCGA_LUNG_Classification,0.05,10,True,1.0,0.9166,0.31566,0.9166,0.63132,0.2814,0.2622,0.157,/work/Agent_benchmark/Pathology-CoT/post_eval/TCGA_LUNG_Classification/ROI/roi_overlap_results.csv,True,True
TCGA-44-5645-01Z-00-DX1.8b0d89d7-7849-49a6-a2f5-a8faf2c5aab4,Pathology-CoT,TCGA_LUNG_Classification,0.05,8,True,1.0,1.0,0.2499875,1.0,0.99995,0.3751,0.1804,0.1387,/work/Agent_benchmark/Pathology-CoT/post_eval/TCGA_LUNG_Classification/ROI/roi_overlap_results.csv,True,True
TCGA-44-6144-01Z-00-DX1.604b3c7c-92e8-474a-bae8-e48415ea6196,Pathology-CoT,TCGA_LUNG_Classification,0.05,1,False,,0.0,0.0,,,0.0,0.0,0.0,/work/Agent_benchmark/Pathology-CoT/post_eval/TCGA_LUNG_Classification/ROI/roi_overlap_results.csv,True,True
TCGA-44-6145-01Z-00-DX1.175ad655-b054-407d-bb22-3a4f85849488,Pathology-CoT,TCGA_LUNG_Classification,0.05,2,True,1.0,1.0,1.0,1.0,1.0,1.0,0.1154,0.1154,/work/Agent_benchmark/Pathology-CoT/post_eval/TCGA_LUNG_Classification/ROI/roi_overlap_results.csv,False,True
TCGA-44-6146-01Z-00-DX1.8db8c567-690e-4df3-98a9-f241b6a8d811,Pathology-CoT,TCGA_LUNG_Classification,0.05,5,True,1.0,1.0,0.58734,1.0,0.9789,0.5713,0.1217,0.1115,/work/Agent_benchmark/Pathology-CoT/post_eval/TCGA_LUNG_Classification/ROI/roi_overlap_results.csv,True,True
TCGA-44-6147-01Z-00-DX1.a34a9f49-e86b-43ee-9e2d-7ef35da0aecf,Pathology-CoT,TCGA_LUNG_Classification,0.05,3,True,1.0,0.9128,0.30426666666666663,0.9128,0.9128,0.3365,0.133,0.1054,/work/Agent_benchmark/Pathology-CoT/post_eval/TCGA_LUNG_Classification/ROI/roi_overlap_results.csv,True,True
TCGA-44-6148-01Z-00-DX1.94c29c83-1085-458f-a0c9-3ffa8592cb98,Pathology-CoT,TCGA_LUNG_Classification,0.05,4,True,2.0,1.0,0.487225,1.0,0.97445,0.4212,0.1511,0.1251,/work/Agent_benchmark/Pathology-CoT/post_eval/TCGA_LUNG_Classification/ROI/roi_overlap_results.csv,False,True
TCGA-44-6774-01Z-00-DX1.f169485b-f863-4be0-9844-258d78170b64,Pathology-CoT,TCGA_LUNG_Classification,0.05,2,True,1.0,1.0,0.5,1.0,1.0,0.5494,0.0496,0.0476,/work/Agent_benchmark/Pathology-CoT/post_eval/TCGA_LUNG_Classification/ROI/roi_overlap_results.csv,True,True
TCGA-44-6775-01Z-00-DX1.38d3bc6d-8bb5-4126-8d61-d39e6a1d7bcf,Pathology-CoT,TCGA_LUNG_Classification,0.05,2,True,2.0,0.9776,0.4888,0.9776,0.9776,0.579,0.2395,0.204,/work/Agent_benchmark/Pathology-CoT/post_eval/TCGA_LUNG_Classification/ROI/roi_overlap_results.csv,False,True
TCGA-44-6776-01Z-00-DX1.551e200f-5f40-4b95-8b2f-7c6000a21be0,Pathology-CoT,TCGA_LUNG_Classification,0.05,1,True,1.0,1.0,1.0,1.0,1.0,1.0,0.0794,0.0794,/work/Agent_benchmark/Pathology-CoT/post_eval/TCGA_LUNG_Classification/ROI/roi_overlap_results.csv,True,True
TCGA-44-6777-01Z-00-DX1.aca7b23d-a601-4476-8bfd-eb46f0b6a96e,Pathology-CoT,TCGA_LUNG_Classification,0.05,1,True,1.0,1.0,1.0,1.0,1.0,1.0,0.0119,0.0119,/work/Agent_benchmark/Pathology-CoT/post_eval/TCGA_LUNG_Classification/ROI/roi_overlap_results.csv,False,True
TCGA-44-6778-01Z-00-DX1.5e932267-cc68-4a8e-a660-fe2cc0c59ff4,Pathology-CoT,TCGA_LUNG_Classification,0.05,1,False,,0.0,0.0,,,0.0,0.0,0.0,/work/Agent_benchmark/Pathology-CoT/post_eval/TCGA_LUNG_Classification/ROI/roi_overlap_results.csv,True,True
TCGA-44-6779-01Z-00-DX1.40f10ad8-55f3-4043-a89b-37d33a26dd8c,Pathology-CoT,TCGA_LUNG_Classification,0.05,1,False,,0.0,0.0,,,0.0,0.0,0.0,/work/Agent_benchmark/Pathology-CoT/post_eval/TCGA_LUNG_Classification/ROI/roi_overlap_results.csv,False,True
TCGA-44-7659-01Z-00-DX1.818bf5b3-b4c1-4d23-a6ae-98d5015eb8c1,Pathology-CoT,TCGA_LUNG_Classification,0.05,1,True,1.0,0.9536,0.9536,0.9536,0.9536,0.9536,0.0478,0.0477,/work/Agent_benchmark/Pathology-CoT/post_eval/TCGA_LUNG_Classification/ROI/roi_overlap_results.csv,True,True
TCGA-44-7660-01Z-00-DX1.f96c114b-f0fc-498a-97cc-e262344de357,Pathology-CoT,TCGA_LUNG_Classification,0.05,1,False,,0.0,0.0,,,0.0,0.0,0.0,/work/Agent_benchmark/Pathology-CoT/post_eval/TCGA_LUNG_Classification/ROI/roi_overlap_results.csv,True,True
TCGA-44-7662-01Z-00-DX1.2f0b6cea-795a-40ad-93a9-319858e6fb3b,Pathology-CoT,TCGA_LUNG_Classification,0.05,1,False,,0.0,0.0,,,0.0,0.0,0.0,/work/Agent_benchmark/Pathology-CoT/post_eval/TCGA_LUNG_Classification/ROI/roi_overlap_results.csv,False,True
TCGA-44-7667-01Z-00-DX1.2be2e379-7368-4fa7-a619-ace84febecb3,Pathology-CoT,TCGA_LUNG_Classification,0.05,1,True,1.0,0.2375,0.2375,0.2375,0.2375,0.2375,0.1442,0.0986,/work/Agent_benchmark/Pathology-CoT/post_eval/TCGA_LUNG_Classification/ROI/roi_overlap_results.csv,False,True
TCGA-44-7669-01Z-00-DX1.34d0c9ac-d3dc-4a5e-b99c-a8c1c1e120d1,Pathology-CoT,TCGA_LUNG_Classification,0.05,10,True,1.0,1.0,1.0,1.0,1.0,1.0,0.072,0.072,/work/Agent_benchmark/Pathology-CoT/post_eval/TCGA_LUNG_Classification/ROI/roi_overlap_results.csv,False,True
TCGA-44-7670-01Z-00-DX1.2a981dd6-0063-438e-b20e-b180b16e2b23,Pathology-CoT,TCGA_LUNG_Classification,0.05,1,True,1.0,1.0,1.0,1.0,1.0,1.0,0.0798,0.0798,/work/Agent_benchmark/Pathology-CoT/post_eval/TCGA_LUNG_Classification/ROI/roi_overlap_results.csv,True,True
TCGA-44-7671-01Z-00-DX1.00297baa-00e7-4894-a7b8-c9ac2a9d42d8,Pathology-CoT,TCGA_LUNG_Classification,0.05,1,False,,0.0,0.0,,,0.0,0.0,0.0,/work/Agent_benchmark/Pathology-CoT/post_eval/TCGA_LUNG_Classification/ROI/roi_overlap_results.csv,True,True
TCGA-44-7672-01Z-00-DX1.71f4a0c6-a9cc-481c-ace8-c8c314952aa1,Pathology-CoT,TCGA_LUNG_Classification,0.05,1,True,1.0,1.0,1.0,1.0,1.0,1.0,0.0649,0.0649,/work/Agent_benchmark/Pathology-CoT/post_eval/TCGA_LUNG_Classification/ROI/roi_overlap_results.csv,True,True
TCGA-44-8119-01Z-00-DX1.1EBEBFA7-22DB-4365-9DF8-C4E679C11312,Pathology-CoT,TCGA_LUNG_Classification,0.05,1,True,1.0,0.3387,0.3387,0.3387,0.3387,0.3387,0.022,0.0211,/work/Agent_benchmark/Pathology-CoT/post_eval/TCGA_LUNG_Classification/ROI/roi_overlap_results.csv,True,True
TCGA-44-A479-01Z-00-DX1.CA5654C6-A623-452E-A8AC-DB6279CA97B1,Pathology-CoT,TCGA_LUNG_Classification,0.05,1,False,,0.0,0.0,,,0.0,0.0,0.0,/work/Agent_benchmark/Pathology-CoT/post_eval/TCGA_LUNG_Classification/ROI/roi_overlap_results.csv,True,True
TCGA-44-A47A-01Z-00-DX1.62448803-3A7B-41EC-9794-67916DA0792E,Pathology-CoT,TCGA_LUNG_Classification,0.05,6,True,5.0,1.0,0.16666666666666666,1.0,1.0,0.174,0.0672,0.0509,/work/Agent_benchmark/Pathology-CoT/post_eval/TCGA_LUNG_Classification/ROI/roi_overlap_results.csv,False,True
TCGA-44-A47B-01Z-00-DX1.177D0531-E037-435B-BFD4-382B2150B10D,Pathology-CoT,TCGA_LUNG_Classification,0.05,1,True,1.0,1.0,1.0,1.0,1.0,1.0,0.0421,0.0421,/work/Agent_benchmark/Pathology-CoT/post_eval/TCGA_LUNG_Classification/ROI/roi_overlap_results.csv,True,True
TCGA-44-A47F-01Z-00-DX1.C1EC3F2D-33C8-483B-9DDA-2F01B5FED618,Pathology-CoT,TCGA_LUNG_Classification,0.05,1,False,,0.0,0.0,,,0.0,0.0,0.0,/work/Agent_benchmark/Pathology-CoT/post_eval/TCGA_LUNG_Classification/ROI/roi_overlap_results.csv,True,True
TCGA-44-A47G-01Z-00-DX1.810F67EC-3A0C-4056-B736-3331A11412CC,Pathology-CoT,TCGA_LUNG_Classification,0.05,1,False,,0.0,0.0,,,0.0,0.0,0.0,/work/Agent_benchmark/Pathology-CoT/post_eval/TCGA_LUNG_Classification/ROI/roi_overlap_results.csv,True,True
TCGA-44-A4SS-01Z-00-DX1.F3D85B63-D963-42D2-815F-CB9D791A0F7B,Pathology-CoT,TCGA_LUNG_Classification,0.05,1,False,,0.0,0.0,,,0.0,0.0,0.0,/work/Agent_benchmark/Pathology-CoT/post_eval/TCGA_LUNG_Classification/ROI/roi_overlap_results.csv,True,True
TCGA-44-A4SU-01Z-00-DX1.AE2607C1-B208-4557-ADB4-6AAF03C6D3A9,Pathology-CoT,TCGA_LUNG_Classification,0.05,1,False,,0.0,0.0,,,0.0,0.0,0.0,/work/Agent_benchmark/Pathology-CoT/post_eval/TCGA_LUNG_Classification/ROI/roi_overlap_results.csv,True,True
TCGA-46-3765-01Z-00-DX1.f45e4e30-e60c-40e5-a0b7-4513c0c37fda,Pathology-CoT,TCGA_LUNG_Classification,0.05,1,False,,0.0026,0.0026,,,0.0026,0.0028,0.0014,/work/Agent_benchmark/Pathology-CoT/post_eval/TCGA_LUNG_Classification/ROI/roi_overlap_results.csv,True,True
TCGA-46-3766-01Z-00-DX1.5870b2ed-78f0-4f68-b01e-2ef6d5353b57,Pathology-CoT,TCGA_LUNG_Classification,0.05,2,True,1.0,1.0,0.5,1.0,1.0,0.5606,0.0544,0.0522,/work/Agent_benchmark/Pathology-CoT/post_eval/TCGA_LUNG_Classification/ROI/roi_overlap_results.csv,False,True
TCGA-46-3767-01Z-00-DX1.1f1899f9-7d6e-438c-b7ac-701ea088734d,Pathology-CoT,TCGA_LUNG_Classification,0.05,1,True,1.0,1.0,1.0,1.0,1.0,1.0,0.0218,0.0218,/work/Agent_benchmark/Pathology-CoT/post_eval/TCGA_LUNG_Classification/ROI/roi_overlap_results.csv,True,True
TCGA-46-3768-01Z-00-DX1.226f6cbc-f1f4-4df8-8366-c94fd78e037b,Pathology-CoT,TCGA_LUNG_Classification,0.05,9,True,2.0,1.0,0.35664444444444443,1.0,0.80245,0.2219,0.3352,0.1541,/work/Agent_benchmark/Pathology-CoT/post_eval/TCGA_LUNG_Classification/ROI/roi_overlap_results.csv,True,True
TCGA-46-3769-01Z-00-DX1.97260244-fe08-42da-b5db-80da7f7d8766,Pathology-CoT,TCGA_LUNG_Classification,0.05,1,False,,0.0,0.0,,,0.0,0.0,0.0,/work/Agent_benchmark/Pathology-CoT/post_eval/TCGA_LUNG_Classification/ROI/roi_overlap_results.csv,True,True
TCGA-46-6025-01Z-00-DX1.05600f09-0b48-448c-b305-cb881970fc52,Pathology-CoT,TCGA_LUNG_Classification,0.05,1,False,,0.0,0.0,,,0.0,0.0,0.0,/work/Agent_benchmark/Pathology-CoT/post_eval/TCGA_LUNG_Classification/ROI/roi_overlap_results.csv,False,True
TCGA-46-6026-01Z-00-DX1.e0248ea6-ae04-4960-95a8-f39b8e168a38,Pathology-CoT,TCGA_LUNG_Classification,0.05,1,False,,0.0,0.0,,,0.0,0.0,0.0,/work/Agent_benchmark/Pathology-CoT/post_eval/TCGA_LUNG_Classification/ROI/roi_overlap_results.csv,True,True
TCGA-49-4487-01Z-00-DX1.3a3a0720-463c-430e-849b-e2f8991bdfa5,Pathology-CoT,TCGA_LUNG_Classification,0.05,1,True,1.0,0.9138,0.9138,0.9138,0.9138,0.9138,0.0743,0.0738,/work/Agent_benchmark/Pathology-CoT/post_eval/TCGA_LUNG_Classification/ROI/roi_overlap_results.csv,True,True
TCGA-49-4488-01Z-00-DX1.c9beef33-2d53-4fcb-8293-f083d9fedddc,Pathology-CoT,TCGA_LUNG_Classification,0.05,1,True,1.0,1.0,1.0,1.0,1.0,1.0,0.0382,0.0382,/work/Agent_benchmark/Pathology-CoT/post_eval/TCGA_LUNG_Classification/ROI/roi_overlap_results.csv,True,True
TCGA-49-4488-01Z-00-DX10.930e7dc2-6073-4bf2-9b70-f17c0b26bdee,Pathology-CoT,TCGA_LUNG_Classification,0.05,1,True,1.0,0.6701,0.6701,0.6701,0.6701,0.6701,0.0832,0.08,/work/Agent_benchmark/Pathology-CoT/post_eval/TCGA_LUNG_Classification/ROI/roi_overlap_results.csv,True,True
TCGA-49-4488-01Z-00-DX2.ce896a98-8b45-4606-8849-3a377b81e3de,Pathology-CoT,TCGA_LUNG_Classification,0.05,1,True,1.0,1.0,1.0,1.0,1.0,1.0,0.0211,0.0211,/work/Agent_benchmark/Pathology-CoT/post_eval/TCGA_LUNG_Classification/ROI/roi_overlap_results.csv,True,True
TCGA-49-4488-01Z-00-DX3.341ea7ac-ee5f-4ad2-9d01-d81a4d2e9b13,Pathology-CoT,TCGA_LUNG_Classification,0.05,5,True,1.0,1.0,0.2,1.0,1.0,0.1539,0.0172,0.0157,/work/Agent_benchmark/Pathology-CoT/post_eval/TCGA_LUNG_Classification/ROI/roi_overlap_results.csv,True,True
TCGA-49-4488-01Z-00-DX4.17c00349-5908-4944-9dba-5efea9a5373a,Pathology-CoT,TCGA_LUNG_Classification,0.05,3,True,1.0,1.0,1.0,1.0,1.0,1.0,0.0243,0.0243,/work/Agent_benchmark/Pathology-CoT/post_eval/TCGA_LUNG_Classification/ROI/roi_overlap_results.csv,True,True
TCGA-49-4488-01Z-00-DX5.6380c697-c81b-48c8-863c-ea1cdd097464,Pathology-CoT,TCGA_LUNG_Classification,0.05,1,False,,0.0,0.0,,,0.0,0.0,0.0,/work/Agent_benchmark/Pathology-CoT/post_eval/TCGA_LUNG_Classification/ROI/roi_overlap_results.csv,True,True
TCGA-49-4488-01Z-00-DX6.3ce306b2-1b00-48f7-8288-c24069037a9c,Pathology-CoT,TCGA_LUNG_Classification,0.05,4,True,1.0,1.0,1.0,1.0,1.0,1.0,0.0311,0.0311,/work/Agent_benchmark/Pathology-CoT/post_eval/TCGA_LUNG_Classification/ROI/roi_overlap_results.csv,True,True
TCGA-49-4488-01Z-00-DX7.a04b36c3-9cfd-4195-92c0-70046cd49d9a,Pathology-CoT,TCGA_LUNG_Classification,0.05,1,True,1.0,0.9878,0.9878,0.9878,0.9878,0.9878,0.0547,0.0547,/work/Agent_benchmark/Pathology-CoT/post_eval/TCGA_LUNG_Classification/ROI/roi_overlap_results.csv,True,True
TCGA-49-4488-01Z-00-DX8.b9fb358a-9618-4956-9544-c2ffe2678095,Pathology-CoT,TCGA_LUNG_Classification,0.05,1,False,,0.0,0.0,,,0.0,0.0,0.0,/work/Agent_benchmark/Pathology-CoT/post_eval/TCGA_LUNG_Classification/ROI/roi_overlap_results.csv,False,True
TCGA-49-4488-01Z-00-DX9.bf1e9d28-3ca2-4a62-bf3e-3e735c6a2885,Pathology-CoT,TCGA_LUNG_Classification,0.05,7,True,2.0,1.0,0.8571428571428571,1.0,1.0,0.8837,0.0584,0.0579,/work/Agent_benchmark/Pathology-CoT/post_eval/TCGA_LUNG_Classification/ROI/roi_overlap_results.csv,False,True
TCGA-49-4490-01Z-00-DX1.bde106d9-1494-4775-b77d-11c86bb09b72,Pathology-CoT,TCGA_LUNG_Classification,0.05,6,True,1.0,1.0,0.5555666666666667,1.0,0.83335,0.5294,0.124,0.1117,/work/Agent_benchmark/Pathology-CoT/post_eval/TCGA_LUNG_Classification/ROI/roi_overlap_results.csv,True,True
TCGA-49-4490-01Z-00-DX2.1b491bd7-60d2-40a6-96cd-01385bce2b0f,Pathology-CoT,TCGA_LUNG_Classification,0.05,1,True,1.0,1.0,1.0,1.0,1.0,1.0,0.0257,0.0257,/work/Agent_benchmark/Pathology-CoT/post_eval/TCGA_LUNG_Classification/ROI/roi_overlap_results.csv,True,True
TCGA-49-4490-01Z-00-DX3.0949a10a-0a1f-49dc-9296-ab4d4f0bf988,Pathology-CoT,TCGA_LUNG_Classification,0.05,1,True,1.0,1.0,1.0,1.0,1.0,1.0,0.0341,0.0341,/work/Agent_benchmark/Pathology-CoT/post_eval/TCGA_LUNG_Classification/ROI/roi_overlap_results.csv,True,True
TCGA-49-4490-01Z-00-DX4.4e94aeb6-f616-4bdd-82bc-2ca2f2b5a5c4,Pathology-CoT,TCGA_LUNG_Classification,0.05,4,True,1.0,1.0,0.77905,1.0,0.77905,0.7408,0.0223,0.0221,/work/Agent_benchmark/Pathology-CoT/post_eval/TCGA_LUNG_Classification/ROI/roi_overlap_results.csv,False,True
TCGA-49-4490-01Z-00-DX5.feea87ff-61c6-465e-8b36-4803f6af3d62,Pathology-CoT,TCGA_LUNG_Classification,0.05,1,True,1.0,0.9952,0.9952,0.9952,0.9952,0.9952,0.0076,0.0076,/work/Agent_benchmark/Pathology-CoT/post_eval/TCGA_LUNG_Classification/ROI/roi_overlap_results.csv,True,True
TCGA-49-4490-01Z-00-DX6.0a04ad8e-7f33-4496-bd9e-0110ec33f887,Pathology-CoT,TCGA_LUNG_Classification,0.05,1,True,1.0,0.9599,0.9599,0.9599,0.9599,0.9599,0.0431,0.043,/work/Agent_benchmark/Pathology-CoT/post_eval/TCGA_LUNG_Classification/ROI/roi_overlap_results.csv,False,True
TCGA-49-4494-01Z-00-DX1.2bf10e85-465a-4b17-abd7-3565f0e538a5,Pathology-CoT,TCGA_LUNG_Classification,0.05,2,True,1.0,1.0,0.98595,1.0,0.98595,0.9818,0.0191,0.0191,/work/Agent_benchmark/Pathology-CoT/post_eval/TCGA_LUNG_Classification/ROI/roi_overlap_results.csv,True,True
TCGA-49-4494-01Z-00-DX2.cac5ed0a-98c3-4d37-a4f4-9596a061836a,Pathology-CoT,TCGA_LUNG_Classification,0.05,1,False,,0.0,0.0,,,0.0,0.0,0.0,/work/Agent_benchmark/Pathology-CoT/post_eval/TCGA_LUNG_Classification/ROI/roi_overlap_results.csv,True,True
TCGA-49-4494-01Z-00-DX3.e80b4534-4d6e-4d79-962e-017ffee24d67,Pathology-CoT,TCGA_LUNG_Classification,0.05,3,True,1.0,1.0,1.0,1.0,1.0,1.0,0.0545,0.0545,/work/Agent_benchmark/Pathology-CoT/post_eval/TCGA_LUNG_Classification/ROI/roi_overlap_results.csv,True,True
TCGA-49-4494-01Z-00-DX4.4c6a4560-adee-4fc9-8fd8-feb7f89e51e3,Pathology-CoT,TCGA_LUNG_Classification,0.05,1,True,1.0,0.8855,0.8855,0.8855,0.8855,0.8855,0.0463,0.046,/work/Agent_benchmark/Pathology-CoT/post_eval/TCGA_LUNG_Classification/ROI/roi_overlap_results.csv,True,True
TCGA-49-4494-01Z-00-DX5.1e9e22d6-a4c9-40d1-aedb-b6cd404fe16f,Pathology-CoT,TCGA_LUNG_Classification,0.05,4,True,1.0,1.0,0.812325,1.0,0.812325,0.8777,0.1203,0.1183,/work/Agent_benchmark/Pathology-CoT/post_eval/TCGA_LUNG_Classification/ROI/roi_overlap_results.csv,True,True
TCGA-49-4494-01Z-00-DX6.3791a027-7ddb-429c-99a5-bb84a4307550,Pathology-CoT,TCGA_LUNG_Classification,0.05,2,True,1.0,0.9899,0.49495,0.9899,0.9899,0.4082,0.0341,0.0325,/work/Agent_benchmark/Pathology-CoT/post_eval/TCGA_LUNG_Classification/ROI/roi_overlap_results.csv,True,True
TCGA-49-4494-01Z-00-DX7.9f722476-622e-4374-9fda-ef35184f01e0,Pathology-CoT,TCGA_LUNG_Classification,0.05,1,False,,0.0,0.0,,,0.0,0.0,0.0,/work/Agent_benchmark/Pathology-CoT/post_eval/TCGA_LUNG_Classification/ROI/roi_overlap_results.csv,False,True
TCGA-49-4501-01Z-00-DX1.9c4bf212-5e32-449e-8710-cf7a3594156e,Pathology-CoT,TCGA_LUNG_Classification,0.05,4,True,1.0,0.9433,0.37939999999999996,0.9433,0.4972999999999999,0.4604,0.076,0.0698,/work/Agent_benchmark/Pathology-CoT/post_eval/TCGA_LUNG_Classification/ROI/roi_overlap_results.csv,True,True
TCGA-49-4501-01Z-00-DX2.07b7723d-136b-490c-9dd3-7f3aef78d3d9,Pathology-CoT,TCGA_LUNG_Classification,0.05,3,True,1.0,1.0,1.0,1.0,1.0,1.0,0.0337,0.0337,/work/Agent_benchmark/Pathology-CoT/post_eval/TCGA_LUNG_Classification/ROI/roi_overlap_results.csv,True,True
TCGA-49-4501-01Z-00-DX3.b6c2cc84-1c94-4816-92e7-8cf4446ac9ac,Pathology-CoT,TCGA_LUNG_Classification,0.05,1,True,1.0,0.2895,0.2895,0.2895,0.2895,0.2895,0.0461,0.0414,/work/Agent_benchmark/Pathology-CoT/post_eval/TCGA_LUNG_Classification/ROI/roi_overlap_results.csv,True,True
TCGA-49-4505-01Z-00-DX1.d49d603e-1f76-43a1-a803-9f2d6a6df715,Pathology-CoT,TCGA_LUNG_Classification,0.05,1,True,1.0,0.9496,0.9496,0.9496,0.9496,0.9496,0.0423,0.0422,/work/Agent_benchmark/Pathology-CoT/post_eval/TCGA_LUNG_Classification/ROI/roi_overlap_results.csv,True,True
TCGA-49-4505-01Z-00-DX2.48df81e7-5a8e-4c5b-993a-6a54481a35e9,Pathology-CoT,TCGA_LUNG_Classification,0.05,3,True,1.0,1.0,0.9487666666666668,1.0,0.9487666666666668,0.9477,0.0583,0.0581,/work/Agent_benchmark/Pathology-CoT/post_eval/TCGA_LUNG_Classification/ROI/roi_overlap_results.csv,True,True
TCGA-49-4505-01Z-00-DX3.d3f8d0c4-e4bc-4201-9b2f-e010f51dd8c3,Pathology-CoT,TCGA_LUNG_Classification,0.05,2,True,2.0,0.608,0.304,0.608,0.608,0.1342,0.015,0.0137,/work/Agent_benchmark/Pathology-CoT/post_eval/TCGA_LUNG_Classification/ROI/roi_overlap_results.csv,True,True
TCGA-49-4505-01Z-00-DX4.623c4278-fc3e-4c80-bb4d-000e24fbb1c2,Pathology-CoT,TCGA_LUNG_Classification,0.05,4,True,1.0,0.8952,0.644125,0.8952,0.8588333333333332,0.598,0.0872,0.0824,/work/Agent_benchmark/Pathology-CoT/post_eval/TCGA_LUNG_Classification/ROI/roi_overlap_results.csv,True,True
TCGA-49-4506-01Z-00-DX1.b13b8ef2-fd06-4309-a767-696a9afeaedd,Pathology-CoT,TCGA_LUNG_Classification,0.05,4,True,1.0,1.0,0.56445,1.0,0.7526,0.5117,0.0293,0.0285,/work/Agent_benchmark/Pathology-CoT/post_eval/TCGA_LUNG_Classification/ROI/roi_overlap_results.csv,True,True
TCGA-49-4506-01Z-00-DX2.81e180ae-bd9f-49cc-9a0f-297800cc7280,Pathology-CoT,TCGA_LUNG_Classification,0.05,8,True,1.0,1.0,0.40275000000000005,1.0,0.8055,0.4171,0.0588,0.0543,/work/Agent_benchmark/Pathology-CoT/post_eval/TCGA_LUNG_Classification/ROI/roi_overlap_results.csv,True,True
TCGA-49-4506-01Z-00-DX3.a05a3969-bbef-48d8-86de-f51c8870afd6,Pathology-CoT,TCGA_LUNG_Classification,0.05,2,True,1.0,1.0,1.0,1.0,1.0,1.0,0.016,0.016,/work/Agent_benchmark/Pathology-CoT/post_eval/TCGA_LUNG_Classification/ROI/roi_overlap_results.csv,True,True
TCGA-49-4506-01Z-00-DX4.9460a2c1-efe2-4095-9b0e-dfe0eda684ba,Pathology-CoT,TCGA_LUNG_Classification,0.05,10,True,1.0,1.0,0.50055,1.0,0.7147571428571429,0.5538,0.1036,0.0956,/work/Agent_benchmark/Pathology-CoT/post_eval/TCGA_LUNG_Classification/ROI/roi_overlap_results.csv,True,True
TCGA-49-4507-01Z-00-DX1.1df4e286-ea89-4c38-ad53-a26e5b7b0402,Pathology-CoT,TCGA_LUNG_Classification,0.05,1,True,1.0,1.0,1.0,1.0,1.0,1.0,0.0392,0.0392,/work/Agent_benchmark/Pathology-CoT/post_eval/TCGA_LUNG_Classification/ROI/roi_overlap_results.csv,True,True
TCGA-49-4507-01Z-00-DX2.a7bfbeee-00ea-4301-ace4-ce591807e2d3,Pathology-CoT,TCGA_LUNG_Classification,0.05,4,True,1.0,1.0,0.798225,1.0,0.798225,0.611,0.1335,0.1231,/work/Agent_benchmark/Pathology-CoT/post_eval/TCGA_LUNG_Classification/ROI/roi_overlap_results.csv,True,True
TCGA-49-4510-01Z-00-DX1.0b7c713f-6f72-42c3-967d-7e19a280e761,Pathology-CoT,TCGA_LUNG_Classification,0.05,2,True,2.0,0.9101,0.45505,0.9101,0.9101,0.5688,0.0371,0.0361,/work/Agent_benchmark/Pathology-CoT/post_eval/TCGA_LUNG_Classification/ROI/roi_overlap_results.csv,True,True
TCGA-49-4510-01Z-00-DX2.e0552b15-6bd7-4660-8a60-9edd0d638e7e,Pathology-CoT,TCGA_LUNG_Classification,0.05,2,True,1.0,1.0,1.0,1.0,1.0,1.0,0.0251,0.0251,/work/Agent_benchmark/Pathology-CoT/post_eval/TCGA_LUNG_Classification/ROI/roi_overlap_results.csv,True,True
TCGA-49-4512-01Z-00-DX1.ced0bda8-f2d6-4bcb-b2d6-b122846a3079,Pathology-CoT,TCGA_LUNG_Classification,0.05,10,True,4.0,1.0,0.3,1.0,1.0,0.3361,0.0308,0.029,/work/Agent_benchmark/Pathology-CoT/post_eval/TCGA_LUNG_Classification/ROI/roi_overlap_results.csv,True,True
TCGA-49-4512-01Z-00-DX2.341d7ff7-15e1-44f1-8818-b117fe98ca99,Pathology-CoT,TCGA_LUNG_Classification,0.05,9,True,5.0,1.0,0.1111111111111111,1.0,1.0,0.1024,0.0104,0.0095,/work/Agent_benchmark/Pathology-CoT/post_eval/TCGA_LUNG_Classification/ROI/roi_overlap_results.csv,False,True
TCGA-49-4512-01Z-00-DX3.2f6ec7bc-0dac-4be0-95fe-4071a93a856f,Pathology-CoT,TCGA_LUNG_Classification,0.05,7,True,2.0,1.0,0.6569571428571429,1.0,0.91974,0.6651,0.0371,0.0365,/work/Agent_benchmark/Pathology-CoT/post_eval/TCGA_LUNG_Classification/ROI/roi_overlap_results.csv,True,True
TCGA-49-4512-01Z-00-DX4.5161fcf5-62a3-4f7d-8a55-9a24a7d70efb,Pathology-CoT,TCGA_LUNG_Classification,0.05,10,True,3.0,1.0,0.40173000000000003,1.0,0.5739000000000001,0.2768,0.0377,0.0343,/work/Agent_benchmark/Pathology-CoT/post_eval/TCGA_LUNG_Classification/ROI/roi_overlap_results.csv,True,True
TCGA-49-4512-01Z-00-DX5.7198ce36-1fae-4da1-9f26-b7f43cf01133,Pathology-CoT,TCGA_LUNG_Classification,0.05,3,True,1.0,0.8944,0.4414,0.8944,0.6621,0.5296,0.0817,0.0761,/work/Agent_benchmark/Pathology-CoT/post_eval/TCGA_LUNG_Classification/ROI/roi_overlap_results.csv,True,True
TCGA-49-4512-01Z-00-DX6.985c9088-ff83-4f13-8a95-cb55aa48682b,Pathology-CoT,TCGA_LUNG_Classification,0.05,1,False,,0.0,0.0,,,0.0,0.0,0.0,/work/Agent_benchmark/Pathology-CoT/post_eval/TCGA_LUNG_Classification/ROI/roi_overlap_results.csv,True,True
TCGA-49-4512-01Z-00-DX7.1f758560-85e2-4cf9-a81a-317536d96bcc,Pathology-CoT,TCGA_LUNG_Classification,0.05,4,True,4.0,1.0,0.25,1.0,1.0,0.6809,0.0501,0.0489,/work/Agent_benchmark/Pathology-CoT/post_eval/TCGA_LUNG_Classification/ROI/roi_overlap_results.csv,True,True
TCGA-49-4512-01Z-00-DX8.c54237a3-93f4-432f-90f1-b930b7341741,Pathology-CoT,TCGA_LUNG_Classification,0.05,10,True,5.0,1.0,0.30785,1.0,0.6157,0.351,0.0651,0.0581,/work/Agent_benchmark/Pathology-CoT/post_eval/TCGA_LUNG_Classification/ROI/roi_overlap_results.csv,True,True
TCGA-49-4514-01Z-00-DX1.9c304807-2a0c-44f7-97cc-fbd30f2c740f,Pathology-CoT,TCGA_LUNG_Classification,0.05,9,True,1.0,1.0,1.0,1.0,1.0,1.0,0.1842,0.1842,/work/Agent_benchmark/Pathology-CoT/post_eval/TCGA_LUNG_Classification/ROI/roi_overlap_results.csv,True,True
TCGA-49-4514-01Z-00-DX2.f1565a36-257d-432e-a84d-47c1d7a0185f,Pathology-CoT,TCGA_LUNG_Classification,0.05,6,True,1.0,1.0,0.48551666666666665,1.0,0.9574333333333334,0.4169,0.0211,0.0205,/work/Agent_benchmark/Pathology-CoT/post_eval/TCGA_LUNG_Classification/ROI/roi_overlap_results.csv,True,True
TCGA-49-4514-01Z-00-DX3.3b247c08-3069-4100-9df4-734895adb954,Pathology-CoT,TCGA_LUNG_Classification,0.05,4,True,4.0,0.6914,0.17285,0.6914,0.6914,0.3194,0.0313,0.0293,/work/Agent_benchmark/Pathology-CoT/post_eval/TCGA_LUNG_Classification/ROI/roi_overlap_results.csv,True,True
TCGA-49-4514-01Z-00-DX4.79e9e14e-72ea-4e9f-9719-d1a791cf0b43,Pathology-CoT,TCGA_LUNG_Classification,0.05,1,False,,0.0,0.0,,,0.0,0.0,0.0,/work/Agent_benchmark/Pathology-CoT/post_eval/TCGA_LUNG_Classification/ROI/roi_overlap_results.csv,True,True
TCGA-49-6742-01Z-00-DX1.23e8883f-0ecc-4359-a8b5-75d49f43a08b,Pathology-CoT,TCGA_LUNG_Classification,0.05,2,True,1.0,1.0,1.0,1.0,1.0,1.0,0.0531,0.0531,/work/Agent_benchmark/Pathology-CoT/post_eval/TCGA_LUNG_Classification/ROI/roi_overlap_results.csv,True,True
TCGA-49-6742-01Z-00-DX2.2c6b4df0-867d-40c5-8bee-14e2d219224b,Pathology-CoT,TCGA_LUNG_Classification,0.05,7,True,6.0,0.9848,0.20591428571428572,0.9848,0.7207,0.2137,0.0373,0.0328,/work/Agent_benchmark/Pathology-CoT/post_eval/TCGA_LUNG_Classification/ROI/roi_overlap_results.csv,True,True
TCGA-49-6742-01Z-00-DX3.789aa445-e63f-4e6e-900a-0f47f44af6b7,Pathology-CoT,TCGA_LUNG_Classification,0.05,4,True,1.0,1.0,0.5347999999999999,1.0,0.7130666666666666,0.6024,0.1521,0.1382,/work/Agent_benchmark/Pathology-CoT/post_eval/TCGA_LUNG_Classification/ROI/roi_overlap_results.csv,True,True
TCGA-49-6742-01Z-00-DX4.a11201e1-9eeb-40ea-9c88-28de847ef7d8,Pathology-CoT,TCGA_LUNG_Classification,0.05,5,True,3.0,0.5728,0.22054,0.5728,0.3450333333333333,0.2081,0.011,0.0105,/work/Agent_benchmark/Pathology-CoT/post_eval/TCGA_LUNG_Classification/ROI/roi_overlap_results.csv,True,True
TCGA-49-6742-01Z-00-DX5.74539ee6-0ac6-4663-89f1-c6a74a59a4cb,Pathology-CoT,TCGA_LUNG_Classification,0.05,1,False,,0.0,0.0,,,0.0,0.0,0.0,/work/Agent_benchmark/Pathology-CoT/post_eval/TCGA_LUNG_Classification/ROI/roi_overlap_results.csv,True,True
TCGA-49-6743-01Z-00-DX1.ddae5601-6ffa-4a70-8755-8645d5e45135,Pathology-CoT,TCGA_LUNG_Classification,0.05,10,True,1.0,1.0,0.79161,1.0,0.9895125,0.7897,0.1085,0.1055,/work/Agent_benchmark/Pathology-CoT/post_eval/TCGA_LUNG_Classification/ROI/roi_overlap_results.csv,False,True
TCGA-49-6743-01Z-00-DX2.f6b71e89-19ff-4d9b-a3f1-3a52949f1dc7,Pathology-CoT,TCGA_LUNG_Classification,0.05,1,True,1.0,0.1235,0.1235,0.1235,0.1235,0.1235,0.0069,0.0066,/work/Agent_benchmark/Pathology-CoT/post_eval/TCGA_LUNG_Classification/ROI/roi_overlap_results.csv,True,True
TCGA-49-6743-01Z-00-DX3.d391f3ab-e954-4f4f-996d-cd0420933ccf,Pathology-CoT,TCGA_LUNG_Classification,0.05,1,False,,0.0,0.0,,,0.0,0.0,0.0,/work/Agent_benchmark/Pathology-CoT/post_eval/TCGA_LUNG_Classification/ROI/roi_overlap_results.csv,True,True
TCGA-49-6743-01Z-00-DX4.5ea81023-1372-48ed-88a8-374e2394d7f7,Pathology-CoT,TCGA_LUNG_Classification,0.05,10,True,6.0,1.0,0.3,1.0,1.0,0.325,0.0346,0.0323,/work/Agent_benchmark/Pathology-CoT/post_eval/TCGA_LUNG_Classification/ROI/roi_overlap_results.csv,True,True
TCGA-49-6744-01Z-00-DX1.40f8f751-b756-4576-b1ee-8dd2e8f89ff7,Pathology-CoT,TCGA_LUNG_Classification,0.05,2,True,1.0,1.0,1.0,1.0,1.0,1.0,0.0346,0.0346,/work/Agent_benchmark/Pathology-CoT/post_eval/TCGA_LUNG_Classification/ROI/roi_overlap_results.csv,True,True
TCGA-49-6744-01Z-00-DX2.1982e585-65a4-4330-9140-ccabcdd106f8,Pathology-CoT,TCGA_LUNG_Classification,0.05,1,True,1.0,0.3232,0.3232,0.3232,0.3232,0.3232,0.0053,0.0052,/work/Agent_benchmark/Pathology-CoT/post_eval/TCGA_LUNG_Classification/ROI/roi_overlap_results.csv,True,True
TCGA-49-6744-01Z-00-DX3.fa64d744-6caa-4f62-8689-33da9c312838,Pathology-CoT,TCGA_LUNG_Classification,0.05,1,False,,0.0,0.0,,,0.0,0.0,0.0,/work/Agent_benchmark/Pathology-CoT/post_eval/TCGA_LUNG_Classification/ROI/roi_overlap_results.csv,True,True
TCGA-49-6744-01Z-00-DX4.a3d7995d-399f-4c53-aab8-adc4ea4dbfa8,Pathology-CoT,TCGA_LUNG_Classification,0.05,8,True,1.0,1.0,0.7753,1.0,0.7753,0.7655,0.0404,0.0399,/work/Agent_benchmark/Pathology-CoT/post_eval/TCGA_LUNG_Classification/ROI/roi_overlap_results.csv,True,True
TCGA-49-6745-01Z-00-DX1.6bf8a38c-5e3a-4b32-8870-03bc06c0db80,Pathology-CoT,TCGA_LUNG_Classification,0.05,1,True,1.0,0.7845,0.7845,0.7845,0.7845,0.7845,0.1111,0.1079,/work/Agent_benchmark/Pathology-CoT/post_eval/TCGA_LUNG_Classification/ROI/roi_overlap_results.csv,True,True
TCGA-49-6745-01Z-00-DX2.3b8e947b-885e-486f-9edc-f2b247bdf95b,Pathology-CoT,TCGA_LUNG_Classification,0.05,3,True,3.0,1.0,0.3333333333333333,1.0,1.0,0.4524,0.0454,0.0431,/work/Agent_benchmark/Pathology-CoT/post_eval/TCGA_LUNG_Classification/ROI/roi_overlap_results.csv,True,True
TCGA-49-6745-01Z-00-DX3.40cd3c60-889c-4eaa-be55-36ab5d8b2400,Pathology-CoT,TCGA_LUNG_Classification,0.05,2,True,1.0,1.0,0.5,1.0,1.0,0.4691,0.049,0.0464,/work/Agent_benchmark/Pathology-CoT/post_eval/TCGA_LUNG_Classification/ROI/roi_overlap_results.csv,True,True
TCGA-49-6745-01Z-00-DX4.48b4bbb5-4214-4bfb-91e8-bddfa2f03c92,Pathology-CoT,TCGA_LUNG_Classification,0.05,7,True,2.0,0.9333,0.1454,0.9333,0.5089,0.1363,0.0491,0.0374,/work/Agent_benchmark/Pathology-CoT/post_eval/TCGA_LUNG_Classification/ROI/roi_overlap_results.csv,True,True
TCGA-49-6745-01Z-00-DX5.9521a16f-d6a7-460c-b75c-7341d72ce727,Pathology-CoT,TCGA_LUNG_Classification,0.05,10,True,7.0,0.9769,0.17114000000000001,0.9769,0.8557,0.188,0.0928,0.0662,/work/Agent_benchmark/Pathology-CoT/post_eval/TCGA_LUNG_Classification/ROI/roi_overlap_results.csv,False,True
TCGA-49-6745-01Z-00-DX6.3174fffa-c17c-44d1-8d21-1921a9ec1bee,Pathology-CoT,TCGA_LUNG_Classification,0.05,2,True,2.0,0.8358,0.4179,0.8358,0.8358,0.3671,0.0288,0.0274,/work/Agent_benchmark/Pathology-CoT/post_eval/TCGA_LUNG_Classification/ROI/roi_overlap_results.csv,False,True
TCGA-49-6745-01Z-00-DX7.4bdde497-03d9-4e15-a00e-595baa3947b5,Pathology-CoT,TCGA_LUNG_Classification,0.05,2,True,1.0,1.0,1.0,1.0,1.0,1.0,0.0272,0.0272,/work/Agent_benchmark/Pathology-CoT/post_eval/TCGA_LUNG_Classification/ROI/roi_overlap_results.csv,True,True
TCGA-49-6761-01Z-00-DX1.10c577a2-f65c-4517-8a25-83d44e380f8f,Pathology-CoT,TCGA_LUNG_Classification,0.05,7,True,2.0,0.9733,0.40085714285714286,0.9733,0.9353333333333333,0.5206,0.1989,0.1681,/work/Agent_benchmark/Pathology-CoT/post_eval/TCGA_LUNG_Classification/ROI/roi_overlap_results.csv,False,True
TCGA-49-6767-01Z-00-DX1.53459c0e-b8ec-4893-9910-87b63c503134,Pathology-CoT,TCGA_LUNG_Classification,0.05,10,True,1.0,1.0,0.79794,1.0,0.997425,0.7476,0.0512,0.0504,/work/Agent_benchmark/Pathology-CoT/post_eval/TCGA_LUNG_Classification/ROI/roi_overlap_results.csv,True,True
TCGA-49-AAQV-01Z-00-DX1.4CC37621-C952-4684-96E3-9B97CDAD8056,Pathology-CoT,TCGA_LUNG_Classification,0.05,10,True,2.0,1.0,0.75763,1.0,0.9470375,0.7373,0.0527,0.0517,/work/Agent_benchmark/Pathology-CoT/post_eval/TCGA_LUNG_Classification/ROI/roi_overlap_results.csv,True,True
TCGA-49-AAR0-01Z-00-DX1.1635383C-0FB3-4CF9-BABC-08AC19CCE501,Pathology-CoT,TCGA_LUNG_Classification,0.05,1,True,1.0,1.0,1.0,1.0,1.0,1.0,0.0239,0.0239,/work/Agent_benchmark/Pathology-CoT/post_eval/TCGA_LUNG_Classification/ROI/roi_overlap_results.csv,True,True
TCGA-49-AAR2-01Z-00-DX1.1F09F896-446E-4C55-8D01-6C34A98AB1D2,Pathology-CoT,TCGA_LUNG_Classification,0.05,1,True,1.0,0.9871,0.9871,0.9871,0.9871,0.9871,0.025,0.025,/work/Agent_benchmark/Pathology-CoT/post_eval/TCGA_LUNG_Classification/ROI/roi_overlap_results.csv,True,True
TCGA-49-AAR3-01Z-00-DX1.B4D85F13-CEB4-46DA-BF39-0200B9E55835,Pathology-CoT,TCGA_LUNG_Classification,0.05,1,False,,0.0,0.0,,,0.0,0.0,0.0,/work/Agent_benchmark/Pathology-CoT/post_eval/TCGA_LUNG_Classification/ROI/roi_overlap_results.csv,True,True
TCGA-49-AAR4-01Z-00-DX1.EDB32358-AF23-4F81-A99F-15574A2DE28E,Pathology-CoT,TCGA_LUNG_Classification,0.05,3,True,1.0,1.0,0.3333333333333333,1.0,1.0,0.3828,0.0177,0.0172,/work/Agent_benchmark/Pathology-CoT/post_eval/TCGA_LUNG_Classification/ROI/roi_overlap_results.csv,True,True
TCGA-49-AAR9-01Z-00-DX1.B6A9966E-89B8-404B-8ABC-1F8F8553D4DA,Pathology-CoT,TCGA_LUNG_Classification,0.05,1,True,1.0,0.1282,0.1282,0.1282,0.1282,0.1282,0.0071,0.0068,/work/Agent_benchmark/Pathology-CoT/post_eval/TCGA_LUNG_Classification/ROI/roi_overlap_results.csv,True,True
TCGA-49-AARE-01Z-00-DX1.3559B3A9-6699-472F-B731-1BD9F93EE82A,Pathology-CoT,TCGA_LUNG_Classification,0.05,2,True,1.0,1.0,1.0,1.0,1.0,1.0,0.015,0.015,/work/Agent_benchmark/Pathology-CoT/post_eval/TCGA_LUNG_Classification/ROI/roi_overlap_results.csv,True,True
TCGA-49-AARN-01Z-00-DX1.E13AA041-978E-427D-AFA5-D3180224A03A,Pathology-CoT,TCGA_LUNG_Classification,0.05,1,True,1.0,0.0858,0.0858,0.0858,0.0858,0.0858,0.006,0.0057,/work/Agent_benchmark/Pathology-CoT/post_eval/TCGA_LUNG_Classification/ROI/roi_overlap_results.csv,False,True
TCGA-49-AARO-01Z-00-DX1.FB8C82DC-F823-43CF-A8EA-1208C767AF54,Pathology-CoT,TCGA_LUNG_Classification,0.05,1,True,1.0,1.0,1.0,1.0,1.0,1.0,0.0363,0.0363,/work/Agent_benchmark/Pathology-CoT/post_eval/TCGA_LUNG_Classification/ROI/roi_overlap_results.csv,True,True
TCGA-49-AARQ-01Z-00-DX1.3FA36419-1658-4602-9170-84A622787C3E,Pathology-CoT,TCGA_LUNG_Classification,0.05,1,True,1.0,1.0,1.0,1.0,1.0,1.0,0.0089,0.0089,/work/Agent_benchmark/Pathology-CoT/post_eval/TCGA_LUNG_Classification/ROI/roi_overlap_results.csv,True,True
TCGA-49-AARR-01Z-00-DX1.9BCAFE3D-447C-40D6-85DD-AFABF6978376,Pathology-CoT,TCGA_LUNG_Classification,0.05,1,True,1.0,1.0,1.0,1.0,1.0,1.0,0.0268,0.0268,/work/Agent_benchmark/Pathology-CoT/post_eval/TCGA_LUNG_Classification/ROI/roi_overlap_results.csv,True,True
TCGA-4B-A93V-01Z-00-DX1.C263DC1C-298D-47ED-AAF8-128043828530,Pathology-CoT,TCGA_LUNG_Classification,0.05,3,True,1.0,1.0,1.0,1.0,1.0,1.0,0.0219,0.0219,/work/Agent_benchmark/Pathology-CoT/post_eval/TCGA_LUNG_Classification/ROI/roi_overlap_results.csv,True,True
TCGA-50-5044-01Z-00-DX1.7E0E651F-411B-4784-B0FA-6EB612527430,Pathology-CoT,TCGA_LUNG_Classification,0.05,2,True,2.0,0.6539,0.32695,0.6539,0.6539,0.3812,0.0227,0.0219,/work/Agent_benchmark/Pathology-CoT/post_eval/TCGA_LUNG_Classification/ROI/roi_overlap_results.csv,True,True
TCGA-50-5045-01Z-00-DX1.ec50bbfc-1721-4e94-ac11-9ebd843e11ba,Pathology-CoT,TCGA_LUNG_Classification,0.05,1,True,1.0,1.0,1.0,1.0,1.0,1.0,0.0106,0.0106,/work/Agent_benchmark/Pathology-CoT/post_eval/TCGA_LUNG_Classification/ROI/roi_overlap_results.csv,True,True
TCGA-50-5045-01Z-00-DX2.0FCA12EA-572E-4A7D-900D-6E200892170E,Pathology-CoT,TCGA_LUNG_Classification,0.05,1,True,1.0,1.0,1.0,1.0,1.0,1.0,0.0422,0.0422,/work/Agent_benchmark/Pathology-CoT/post_eval/TCGA_LUNG_Classification/ROI/roi_overlap_results.csv,True,True
TCGA-50-5055-01Z-00-DX1.0c9d846b-89b4-4b18-a2eb-0f8d8e0a33c7,Pathology-CoT,TCGA_LUNG_Classification,0.05,10,True,1.0,1.0,0.9888999999999999,1.0,0.9888999999999999,0.9933,0.0657,0.0657,/work/Agent_benchmark/Pathology-CoT/post_eval/TCGA_LUNG_Classification/ROI/roi_overlap_results.csv,True,True
TCGA-50-5055-01Z-00-DX2.446EC3BB-2ED7-4253-8A39-AC68331F08E7,Pathology-CoT,TCGA_LUNG_Classification,0.05,2,True,1.0,1.0,0.5,1.0,1.0,0.613,0.0179,0.0177,/work/Agent_benchmark/Pathology-CoT/post_eval/TCGA_LUNG_Classification/ROI/roi_overlap_results.csv,True,True
TCGA-50-5066-01Z-00-DX1.e161df31-84a4-40a4-a6a2-748b60820f77,Pathology-CoT,TCGA_LUNG_Classification,0.05,1,True,1.0,0.9964,0.9964,0.9964,0.9964,0.9964,0.0149,0.0149,/work/Agent_benchmark/Pathology-CoT/post_eval/TCGA_LUNG_Classification/ROI/roi_overlap_results.csv,False,True
TCGA-50-5066-02Z-00-DX1.A2CA045A-7956-4E04-9EC9-5856FC789110,Pathology-CoT,TCGA_LUNG_Classification,0.05,1,True,1.0,0.9965,0.9965,0.9965,0.9965,0.9965,0.0112,0.0112,/work/Agent_benchmark/Pathology-CoT/post_eval/TCGA_LUNG_Classification/ROI/roi_overlap_results.csv,True,True
TCGA-50-5068-01Z-00-DX1.13f1c31e-4d4c-4562-8447-c5bbfbf670a9,Pathology-CoT,TCGA_LUNG_Classification,0.05,10,True,5.0,1.0,0.25973,1.0,0.8657666666666667,0.353,0.0635,0.0569,/work/Agent_benchmark/Pathology-CoT/post_eval/TCGA_LUNG_Classification/ROI/roi_overlap_results.csv,True,True
TCGA-50-5068-01Z-00-DX2.0492A5C6-09CB-424B-BE20-10A1CBEA2E57,Pathology-CoT,TCGA_LUNG_Classification,0.05,1,False,,0.0,0.0,,,0.0,0.0,0.0,/work/Agent_benchmark/Pathology-CoT/post_eval/TCGA_LUNG_Classification/ROI/roi_overlap_results.csv,False,True
TCGA-50-5931-01Z-00-DX1.34261ED6-7815-487C-A50C-2DAD587187B9,Pathology-CoT,TCGA_LUNG_Classification,0.05,1,True,1.0,1.0,1.0,1.0,1.0,1.0,0.013,0.013,/work/Agent_benchmark/Pathology-CoT/post_eval/TCGA_LUNG_Classification/ROI/roi_overlap_results.csv,True,True
TCGA-50-5939-01Z-00-DX1.745D7503-0744-46B1-BC89-EBB8FCE2D55C,Pathology-CoT,TCGA_LUNG_Classification,0.05,5,True,1.0,1.0,0.7184,1.0,0.898,0.8999,0.034,0.0339,/work/Agent_benchmark/Pathology-CoT/post_eval/TCGA_LUNG_Classification/ROI/roi_overlap_results.csv,True,True
TCGA-50-5942-01Z-00-DX1.da1b1274-8740-4c79-adf9-25800913eafa,Pathology-CoT,TCGA_LUNG_Classification,0.05,10,True,1.0,1.0,1.0,1.0,1.0,1.0,0.0492,0.0492,/work/Agent_benchmark/Pathology-CoT/post_eval/TCGA_LUNG_Classification/ROI/roi_overlap_results.csv,True,True
TCGA-50-5946-01Z-00-DX1.5076CACA-E3C0-4114-BA69-5B4896FF0C4B,Pathology-CoT,TCGA_LUNG_Classification,0.05,3,False,,0.0,0.0,,,0.0,0.0,0.0,/work/Agent_benchmark/Pathology-CoT/post_eval/TCGA_LUNG_Classification/ROI/roi_overlap_results.csv,True,True
TCGA-50-6591-01Z-00-DX1.12e1050b-75e9-4059-b945-291995b3e93c,Pathology-CoT,TCGA_LUNG_Classification,0.05,1,True,1.0,1.0,1.0,1.0,1.0,1.0,0.0259,0.0259,/work/Agent_benchmark/Pathology-CoT/post_eval/TCGA_LUNG_Classification/ROI/roi_overlap_results.csv,True,True
TCGA-50-6593-01Z-00-DX1.a63e298c-cbe7-44e8-8d8e-34ebb93530ca,Pathology-CoT,TCGA_LUNG_Classification,0.05,1,True,1.0,1.0,1.0,1.0,1.0,1.0,0.0355,0.0355,/work/Agent_benchmark/Pathology-CoT/post_eval/TCGA_LUNG_Classification/ROI/roi_overlap_results.csv,False,True
TCGA-50-6594-01Z-00-DX1.43b2005a-4245-4025-ad85-4a957f308a5c,Pathology-CoT,TCGA_LUNG_Classification,0.05,8,True,1.0,1.0,0.591375,1.0,0.7884666666666668,0.5822,0.04,0.0389,/work/Agent_benchmark/Pathology-CoT/post_eval/TCGA_LUNG_Classification/ROI/roi_overlap_results.csv,True,True
TCGA-50-6597-01Z-00-DX1.ec7fc0b2-78a1-4384-bddd-e89f02ee5eb6,Pathology-CoT,TCGA_LUNG_Classification,0.05,6,True,2.0,1.0,0.6666666666666666,1.0,1.0,0.7642,0.0516,0.0508,/work/Agent_benchmark/Pathology-CoT/post_eval/TCGA_LUNG_Classification/ROI/roi_overlap_results.csv,True,True
TCGA-50-6673-01Z-00-DX1.e24fb432-3fff-4f00-a316-16d05275c1e7,Pathology-CoT,TCGA_LUNG_Classification,0.05,1,False,,0.0,0.0,,,0.0,0.0,0.0,/work/Agent_benchmark/Pathology-CoT/post_eval/TCGA_LUNG_Classification/ROI/roi_overlap_results.csv,True,True
TCGA-50-7109-01Z-00-DX1.08f6420c-baa2-4e79-908e-ebbdeec503a6,Pathology-CoT,TCGA_LUNG_Classification,0.05,4,True,1.0,1.0,0.9880249999999999,1.0,0.9880249999999999,0.989,0.0681,0.068,/work/Agent_benchmark/Pathology-CoT/post_eval/TCGA_LUNG_Classification/ROI/roi_overlap_results.csv,True,True
TCGA-50-8457-01Z-00-DX1.F4B6ECCE-F22B-43FC-9A08-4366A24A67A4,Pathology-CoT,TCGA_LUNG_Classification,0.05,2,True,2.0,0.8597,0.42985,0.8597,0.8597,0.6574,0.0128,0.0127,/work/Agent_benchmark/Pathology-CoT/post_eval/TCGA_LUNG_Classification/ROI/roi_overlap_results.csv,True,True
TCGA-50-8459-01Z-00-DX1.24D876E7-5265-4C5D-A215-0BAE5450EEF3,Pathology-CoT,TCGA_LUNG_Classification,0.05,1,True,1.0,0.9671,0.9671,0.9671,0.9671,0.9671,0.0056,0.0056,/work/Agent_benchmark/Pathology-CoT/post_eval/TCGA_LUNG_Classification/ROI/roi_overlap_results.csv,True,True
TCGA-51-4079-01Z-00-DX1.111f7796-3797-4334-b543-918e374dbc22,Pathology-CoT,TCGA_LUNG_Classification,0.05,1,True,1.0,0.8189,0.8189,0.8189,0.8189,0.8189,0.0757,0.0745,/work/Agent_benchmark/Pathology-CoT/post_eval/TCGA_LUNG_Classification/ROI/roi_overlap_results.csv,True,True
TCGA-51-4080-01Z-00-DX1.fd660ce3-3e30-4907-b54a-81002ec071f2,Pathology-CoT,TCGA_LUNG_Classification,0.05,2,True,1.0,1.0,1.0,1.0,1.0,1.0,0.0302,0.0302,/work/Agent_benchmark/Pathology-CoT/post_eval/TCGA_LUNG_Classification/ROI/roi_overlap_results.csv,True,True
TCGA-51-4081-01Z-00-DX1.5971d87d-5181-4c7a-91ea-2dfad1bc5fca,Pathology-CoT,TCGA_LUNG_Classification,0.05,1,True,1.0,0.8746,0.8746,0.8746,0.8746,0.8746,0.0841,0.0831,/work/Agent_benchmark/Pathology-CoT/post_eval/TCGA_LUNG_Classification/ROI/roi_overlap_results.csv,False,True
TCGA-51-6867-01Z-00-DX1.5f3a0562-efbe-413f-8e13-9826aaefa298,Pathology-CoT,TCGA_LUNG_Classification,0.05,1,True,1.0,0.9961,0.9961,0.9961,0.9961,0.9961,0.0464,0.0464,/work/Agent_benchmark/Pathology-CoT/post_eval/TCGA_LUNG_Classification/ROI/roi_overlap_results.csv,False,True
TCGA-52-7622-01Z-00-DX1.cb3bb056-27dd-4c15-9004-b06cc8923663,Pathology-CoT,TCGA_LUNG_Classification,0.05,10,True,1.0,1.0,0.9,1.0,1.0,0.9304,0.0603,0.0601,/work/Agent_benchmark/Pathology-CoT/post_eval/TCGA_LUNG_Classification/ROI/roi_overlap_results.csv,False,True
TCGA-52-7809-01Z-00-DX1.91f184ce-e4e1-42da-bdbc-36d6781bbf31,Pathology-CoT,TCGA_LUNG_Classification,0.05,1,True,1.0,1.0,1.0,1.0,1.0,1.0,0.0269,0.0269,/work/Agent_benchmark/Pathology-CoT/post_eval/TCGA_LUNG_Classification/ROI/roi_overlap_results.csv,False,True
TCGA-52-7810-01Z-00-DX1.54fcdfff-c1ac-4427-bb33-54959695134f,Pathology-CoT,TCGA_LUNG_Classification,0.05,1,True,1.0,0.3627,0.3627,0.3627,0.3627,0.3627,0.0298,0.0284,/work/Agent_benchmark/Pathology-CoT/post_eval/TCGA_LUNG_Classification/ROI/roi_overlap_results.csv,True,True
TCGA-52-7811-01Z-00-DX1.7093a626-0e8f-4e4c-80c6-6cf32a2f725e,Pathology-CoT,TCGA_LUNG_Classification,0.05,10,True,1.0,1.0,0.99999,1.0,0.99999,1.0,0.0587,0.0587,/work/Agent_benchmark/Pathology-CoT/post_eval/TCGA_LUNG_Classification/ROI/roi_overlap_results.csv,True,True
TCGA-52-7812-01Z-00-DX1.dd6fa49a-f9fe-40a1-80b2-0824b128f3b2,Pathology-CoT,TCGA_LUNG_Classification,0.05,1,True,1.0,0.17,0.17,0.17,0.17,0.17,0.0018,0.0018,/work/Agent_benchmark/Pathology-CoT/post_eval/TCGA_LUNG_Classification/ROI/roi_overlap_results.csv,True,True
TCGA-53-7624-01Z-00-DX1.51b4de19-3531-4bcb-b822-fa966480f2ad,Pathology-CoT,TCGA_LUNG_Classification,0.05,10,True,1.0,1.0,1.0,1.0,1.0,1.0,0.0526,0.0526,/work/Agent_benchmark/Pathology-CoT/post_eval/TCGA_LUNG_Classification/ROI/roi_overlap_results.csv,True,True
TCGA-53-7626-01Z-00-DX1.FD4CAF75-07B5-4117-83DD-99233DAA3EBC,Pathology-CoT,TCGA_LUNG_Classification,0.05,10,True,1.0,1.0,0.9,1.0,1.0,0.9314,0.0793,0.0788,/work/Agent_benchmark/Pathology-CoT/post_eval/TCGA_LUNG_Classification/ROI/roi_overlap_results.csv,True,True
TCGA-53-7813-01Z-00-DX1.97c5eff3-ceeb-499b-b2e1-bcd3cd60c5e7,Pathology-CoT,TCGA_LUNG_Classification,0.05,2,True,1.0,1.0,1.0,1.0,1.0,1.0,0.0226,0.0226,/work/Agent_benchmark/Pathology-CoT/post_eval/TCGA_LUNG_Classification/ROI/roi_overlap_results.csv,False,True
TCGA-53-A4EZ-01Z-00-DX1.5D155F0B-A677-4589-AF00-A4C451F5B6B6,Pathology-CoT,TCGA_LUNG_Classification,0.05,1,False,,0.0252,0.0252,,,0.0252,0.0017,0.0016,/work/Agent_benchmark/Pathology-CoT/post_eval/TCGA_LUNG_Classification/ROI/roi_overlap_results.csv,False,True
TCGA-55-1592-01Z-00-DX1.ee15e261-2f9c-4a93-a19f-27cb1c3bae15,Pathology-CoT,TCGA_LUNG_Classification,0.05,1,True,1.0,0.8178,0.8178,0.8178,0.8178,0.8178,0.0484,0.0479,/work/Agent_benchmark/Pathology-CoT/post_eval/TCGA_LUNG_Classification/ROI/roi_overlap_results.csv,True,True
TCGA-55-1594-01Z-00-DX1.bd90c500-7c0b-4c45-a3f7-2d9177384b1d,Pathology-CoT,TCGA_LUNG_Classification,0.05,1,True,1.0,1.0,1.0,1.0,1.0,1.0,0.02,0.02,/work/Agent_benchmark/Pathology-CoT/post_eval/TCGA_LUNG_Classification/ROI/roi_overlap_results.csv,True,True
TCGA-55-1595-01Z-00-DX1.6270c9cf-cd18-4fa5-b313-33350ad55f89,Pathology-CoT,TCGA_LUNG_Classification,0.05,1,True,1.0,1.0,1.0,1.0,1.0,1.0,0.0252,0.0252,/work/Agent_benchmark/Pathology-CoT/post_eval/TCGA_LUNG_Classification/ROI/roi_overlap_results.csv,True,True
TCGA-55-1596-01Z-00-DX1.de65522d-92ab-408e-9b7e-24210d386b97,Pathology-CoT,TCGA_LUNG_Classification,0.05,7,True,1.0,1.0,0.5633571428571429,1.0,0.9858750000000001,0.6069,0.0992,0.0932,/work/Agent_benchmark/Pathology-CoT/post_eval/TCGA_LUNG_Classification/ROI/roi_overlap_results.csv,True,True
TCGA-55-5899-01Z-00-DX1.faa65b08-150c-4c74-95aa-1e8743f0152c,Pathology-CoT,TCGA_LUNG_Classification,0.05,8,True,1.0,1.0,0.9988125,1.0,0.9988125,0.9972,0.0892,0.0892,/work/Agent_benchmark/Pathology-CoT/post_eval/TCGA_LUNG_Classification/ROI/roi_overlap_results.csv,False,True
TCGA-55-6543-01Z-00-DX1.08806fe0-84d3-4fd6-8746-6cf557241958,Pathology-CoT,TCGA_LUNG_Classification,0.05,10,True,1.0,1.0,0.48785,1.0,0.6969285714285716,0.4311,0.046,0.0434,/work/Agent_benchmark/Pathology-CoT/post_eval/TCGA_LUNG_Classification/ROI/roi_overlap_results.csv,True,True
TCGA-55-6642-01Z-00-DX1.0487cfc6-8216-4da3-aae1-a35452e9e4f6,Pathology-CoT,TCGA_LUNG_Classification,0.05,6,True,1.0,1.0,1.0,1.0,1.0,1.0,0.0393,0.0393,/work/Agent_benchmark/Pathology-CoT/post_eval/TCGA_LUNG_Classification/ROI/roi_overlap_results.csv,True,True
TCGA-55-6712-01Z-00-DX1.8cd4b879-294e-4da0-8636-704f61b510dc,Pathology-CoT,TCGA_LUNG_Classification,0.05,3,True,1.0,1.0,1.0,1.0,1.0,1.0,0.0149,0.0149,/work/Agent_benchmark/Pathology-CoT/post_eval/TCGA_LUNG_Classification/ROI/roi_overlap_results.csv,True,True
TCGA-55-6968-01Z-00-DX1.810e0fee-99ab-465b-8ae9-fb416e4dca3c,Pathology-CoT,TCGA_LUNG_Classification,0.05,6,True,1.0,1.0,1.0,1.0,1.0,1.0,0.0704,0.0704,/work/Agent_benchmark/Pathology-CoT/post_eval/TCGA_LUNG_Classification/ROI/roi_overlap_results.csv,False,True
TCGA-55-6969-01Z-00-DX1.713df9f6-1a91-4e0e-ad43-42e66dcca191,Pathology-CoT,TCGA_LUNG_Classification,0.05,10,True,1.0,1.0,0.9972300000000001,1.0,0.9972300000000001,0.9968,0.0748,0.0748,/work/Agent_benchmark/Pathology-CoT/post_eval/TCGA_LUNG_Classification/ROI/roi_overlap_results.csv,True,True
TCGA-55-6970-01Z-00-DX1.be042a9b-3eab-4b6c-9cd7-7486ffab037f,Pathology-CoT,TCGA_LUNG_Classification,0.05,10,True,1.0,1.0,1.0,1.0,1.0,1.0,0.0722,0.0722,/work/Agent_benchmark/Pathology-CoT/post_eval/TCGA_LUNG_Classification/ROI/roi_overlap_results.csv,True,True
TCGA-55-6971-01Z-00-DX1.6c790768-8252-466a-95e1-97d2086a8132,Pathology-CoT,TCGA_LUNG_Classification,0.05,1,True,1.0,0.9833,0.9833,0.9833,0.9833,0.9833,0.0298,0.0298,/work/Agent_benchmark/Pathology-CoT/post_eval/TCGA_LUNG_Classification/ROI/roi_overlap_results.csv,True,True
TCGA-55-6972-01Z-00-DX1.0b441ad0-c30f-4f63-849a-36c98d6e2d3b,Pathology-CoT,TCGA_LUNG_Classification,0.05,1,True,1.0,1.0,1.0,1.0,1.0,1.0,0.0583,0.0583,/work/Agent_benchmark/Pathology-CoT/post_eval/TCGA_LUNG_Classification/ROI/roi_overlap_results.csv,True,True
TCGA-55-6975-01Z-00-DX1.2762a872-b1c3-47fd-8ed5-b715a5b20163,Pathology-CoT,TCGA_LUNG_Classification,0.05,2,False,,0.0,0.0,,,0.0,0.0,0.0,/work/Agent_benchmark/Pathology-CoT/post_eval/TCGA_LUNG_Classification/ROI/roi_overlap_results.csv,True,True
TCGA-55-6978-01Z-00-DX1.2ef6d6aa-2a19-4bce-b845-cc83ac81a1c3,Pathology-CoT,TCGA_LUNG_Classification,0.05,1,True,1.0,1.0,1.0,1.0,1.0,1.0,0.016,0.016,/work/Agent_benchmark/Pathology-CoT/post_eval/TCGA_LUNG_Classification/ROI/roi_overlap_results.csv,False,True
TCGA-55-6979-01Z-00-DX1.9238436e-3886-4a10-86fe-26658967dff2,Pathology-CoT,TCGA_LUNG_Classification,0.05,9,True,1.0,1.0,0.9999888888888889,1.0,0.9999888888888889,1.0,0.061,0.061,/work/Agent_benchmark/Pathology-CoT/post_eval/TCGA_LUNG_Classification/ROI/roi_overlap_results.csv,True,True
TCGA-55-6980-01Z-00-DX1.2f1d1858-42b9-4e3b-966d-2f3f429570a6,Pathology-CoT,TCGA_LUNG_Classification,0.05,1,True,1.0,1.0,1.0,1.0,1.0,1.0,0.0159,0.0159,/work/Agent_benchmark/Pathology-CoT/post_eval/TCGA_LUNG_Classification/ROI/roi_overlap_results.csv,True,True
TCGA-55-6981-01Z-00-DX1.5fecd134-42a0-40a2-be75-1e8bd14c5b30,Pathology-CoT,TCGA_LUNG_Classification,0.05,6,True,1.0,1.0,1.0,1.0,1.0,1.0,0.0342,0.0342,/work/Agent_benchmark/Pathology-CoT/post_eval/TCGA_LUNG_Classification/ROI/roi_overlap_results.csv,True,True
TCGA-55-6982-01Z-00-DX1.055aeec1-2fc1-4796-b5df-c159335e0300,Pathology-CoT,TCGA_LUNG_Classification,0.05,4,True,1.0,1.0,1.0,1.0,1.0,1.0,0.0335,0.0335,/work/Agent_benchmark/Pathology-CoT/post_eval/TCGA_LUNG_Classification/ROI/roi_overlap_results.csv,True,True
TCGA-55-6983-01Z-00-DX1.8f940a64-1f1b-4e6e-99ea-418175be2b3f,Pathology-CoT,TCGA_LUNG_Classification,0.05,3,True,3.0,1.0,0.3333333333333333,1.0,1.0,0.2109,0.0281,0.0254,/work/Agent_benchmark/Pathology-CoT/post_eval/TCGA_LUNG_Classification/ROI/roi_overlap_results.csv,True,True
TCGA-55-6984-01Z-00-DX1.d53e387a-9618-4486-98f3-a75604f25a7d,Pathology-CoT,TCGA_LUNG_Classification,0.05,1,True,1.0,0.3186,0.3186,0.3186,0.3186,0.3186,0.0091,0.0089,/work/Agent_benchmark/Pathology-CoT/post_eval/TCGA_LUNG_Classification/ROI/roi_overlap_results.csv,True,True
TCGA-55-6985-01Z-00-DX1.428ad69e-c0ea-445e-8d38-fa2dab6eb81f,Pathology-CoT,TCGA_LUNG_Classification,0.05,4,True,1.0,1.0,0.75,1.0,1.0,0.7355,0.0384,0.0379,/work/Agent_benchmark/Pathology-CoT/post_eval/TCGA_LUNG_Classification/ROI/roi_overlap_results.csv,True,True
TCGA-55-6986-01Z-00-DX1.ae52d41e-3cd6-4d36-b04b-2ea7d29bd8da,Pathology-CoT,TCGA_LUNG_Classification,0.05,1,True,1.0,1.0,1.0,1.0,1.0,1.0,0.0133,0.0133,/work/Agent_benchmark/Pathology-CoT/post_eval/TCGA_LUNG_Classification/ROI/roi_overlap_results.csv,True,True
TCGA-55-6987-01Z-00-DX1.0c52b721-2209-4818-af8f-b22d37e6e81e,Pathology-CoT,TCGA_LUNG_Classification,0.05,10,True,1.0,1.0,1.0,1.0,1.0,1.0,0.0759,0.0759,/work/Agent_benchmark/Pathology-CoT/post_eval/TCGA_LUNG_Classification/ROI/roi_overlap_results.csv,False,True
TCGA-55-7227-01Z-00-DX1.e1a9e09c-4a50-4ee5-b1e4-2c7ae34dc913,Pathology-CoT,TCGA_LUNG_Classification,0.05,1,True,1.0,1.0,1.0,1.0,1.0,1.0,0.0167,0.0167,/work/Agent_benchmark/Pathology-CoT/post_eval/TCGA_LUNG_Classification/ROI/roi_overlap_results.csv,True,True
TCGA-55-7281-01Z-00-DX1.a92dafa4-3a65-4f5c-97f0-83aff231274a,Pathology-CoT,TCGA_LUNG_Classification,0.05,1,True,1.0,0.9864,0.9864,0.9864,0.9864,0.9864,0.045,0.0449,/work/Agent_benchmark/Pathology-CoT/post_eval/TCGA_LUNG_Classification/ROI/roi_overlap_results.csv,True,True
TCGA-55-7283-01Z-00-DX1.0f716216-0a46-404e-a4d4-5bb6d7e3f0d1,Pathology-CoT,TCGA_LUNG_Classification,0.05,10,True,2.0,1.0,0.9,1.0,1.0,0.874,0.0585,0.058,/work/Agent_benchmark/Pathology-CoT/post_eval/TCGA_LUNG_Classification/ROI/roi_overlap_results.csv,True,True
TCGA-55-7284-01Z-00-DX1.68b95b9b-1aab-4f03-aad3-1132467b7499,Pathology-CoT,TCGA_LUNG_Classification,0.05,1,True,1.0,0.8353,0.8353,0.8353,0.8353,0.8353,0.0135,0.0134,/work/Agent_benchmark/Pathology-CoT/post_eval/TCGA_LUNG_Classification/ROI/roi_overlap_results.csv,True,True
TCGA-55-7570-01Z-00-DX1.9020ae67-cf60-4bac-8c60-403c8891c4a3,Pathology-CoT,TCGA_LUNG_Classification,0.05,1,False,,0.0,0.0,,,0.0,0.0,0.0,/work/Agent_benchmark/Pathology-CoT/post_eval/TCGA_LUNG_Classification/ROI/roi_overlap_results.csv,True,True
TCGA-55-7573-01Z-00-DX1.43a4bbd2-6a3b-4910-9356-2d750a736817,Pathology-CoT,TCGA_LUNG_Classification,0.05,5,True,1.0,1.0,1.0,1.0,1.0,1.0,0.038,0.038,/work/Agent_benchmark/Pathology-CoT/post_eval/TCGA_LUNG_Classification/ROI/roi_overlap_results.csv,True,True
TCGA-55-7574-01Z-00-DX1.09639e6a-d85f-4d84-abbc-0f5a6d679683,Pathology-CoT,TCGA_LUNG_Classification,0.05,3,True,1.0,1.0,0.6666666666666666,1.0,1.0,0.768,0.0223,0.0221,/work/Agent_benchmark/Pathology-CoT/post_eval/TCGA_LUNG_Classification/ROI/roi_overlap_results.csv,True,True
TCGA-55-7576-01Z-00-DX1.3a6142e9-c90a-4938-a1d1-061c2ac261f0,Pathology-CoT,TCGA_LUNG_Classification,0.05,1,True,1.0,0.9936,0.9936,0.9936,0.9936,0.9936,0.0347,0.0347,/work/Agent_benchmark/Pathology-CoT/post_eval/TCGA_LUNG_Classification/ROI/roi_overlap_results.csv,True,True
TCGA-55-7724-01Z-00-DX1.31a194ac-62e3-4225-8e32-8c2a83dcdd10,Pathology-CoT,TCGA_LUNG_Classification,0.05,3,True,3.0,1.0,0.3333333333333333,1.0,1.0,0.5305,0.0408,0.0393,/work/Agent_benchmark/Pathology-CoT/post_eval/TCGA_LUNG_Classification/ROI/roi_overlap_results.csv,True,True
TCGA-55-7725-01Z-00-DX1.4d678777-63b1-4f4a-932a-7fccabf504c7,Pathology-CoT,TCGA_LUNG_Classification,0.05,10,True,1.0,1.0,0.99856,1.0,0.99856,0.9985,0.0628,0.0628,/work/Agent_benchmark/Pathology-CoT/post_eval/TCGA_LUNG_Classification/ROI/roi_overlap_results.csv,True,True
TCGA-55-7726-01Z-00-DX1.37df197b-d4fb-41c4-ac6a-72dbaa31027b,Pathology-CoT,TCGA_LUNG_Classification,0.05,2,True,1.0,1.0,1.0,1.0,1.0,1.0,0.029,0.029,/work/Agent_benchmark/Pathology-CoT/post_eval/TCGA_LUNG_Classification/ROI/roi_overlap_results.csv,True,True
TCGA-55-7727-01Z-00-DX1.0c7a4953-16dc-41e0-845b-b89167ec17d7,Pathology-CoT,TCGA_LUNG_Classification,0.05,4,True,1.0,1.0,0.973525,1.0,0.973525,0.9487,0.0777,0.0774,/work/Agent_benchmark/Pathology-CoT/post_eval/TCGA_LUNG_Classification/ROI/roi_overlap_results.csv,False,True
TCGA-55-7728-01Z-00-DX1.1d47a5fe-cab5-4d5a-a62b-16f345334d25,Pathology-CoT,TCGA_LUNG_Classification,0.05,1,True,1.0,1.0,1.0,1.0,1.0,1.0,0.0326,0.0326,/work/Agent_benchmark/Pathology-CoT/post_eval/TCGA_LUNG_Classification/ROI/roi_overlap_results.csv,True,True
TCGA-55-7815-01Z-00-DX1.288408e6-f6b3-4de4-a1ce-cb2498d9d46d,Pathology-CoT,TCGA_LUNG_Classification,0.05,3,True,1.0,1.0,1.0,1.0,1.0,1.0,0.1035,0.1035,/work/Agent_benchmark/Pathology-CoT/post_eval/TCGA_LUNG_Classification/ROI/roi_overlap_results.csv,True,True
TCGA-55-7816-01Z-00-DX1.A58C6196-E1A0-48B3-9B77-2EDCD7A43CBA,Pathology-CoT,TCGA_LUNG_Classification,0.05,10,True,1.0,0.9999,0.8019999999999999,0.9999,0.8019999999999999,0.787,0.3047,0.2814,/work/Agent_benchmark/Pathology-CoT/post_eval/TCGA_LUNG_Classification/ROI/roi_overlap_results.csv,True,True
TCGA-55-7903-01Z-00-DX1.40fc5dcb-b5bb-46b4-90bd-2eeb3ea880f5,Pathology-CoT,TCGA_LUNG_Classification,0.05,6,True,1.0,1.0,0.9912833333333334,1.0,0.9912833333333334,0.9946,0.0321,0.0321,/work/Agent_benchmark/Pathology-CoT/post_eval/TCGA_LUNG_Classification/ROI/roi_overlap_results.csv,True,True
TCGA-55-7907-01Z-00-DX1.f5a264f5-3926-4d09-82f3-cd38d554f3db,Pathology-CoT,TCGA_LUNG_Classification,0.05,8,True,1.0,0.9989,0.4196875,0.9989,0.4796428571428571,0.4468,0.1043,0.0923,/work/Agent_benchmark/Pathology-CoT/post_eval/TCGA_LUNG_Classification/ROI/roi_overlap_results.csv,True,True
TCGA-55-7910-01Z-00-DX1.041e15d5-4852-49f6-85d9-74b510497651,Pathology-CoT,TCGA_LUNG_Classification,0.05,10,True,1.0,1.0,1.0,1.0,1.0,1.0,0.0536,0.0536,/work/Agent_benchmark/Pathology-CoT/post_eval/TCGA_LUNG_Classification/ROI/roi_overlap_results.csv,False,True
TCGA-55-7911-01Z-00-DX1.081bc002-06ee-4218-a25f-26c0e6c4b333,Pathology-CoT,TCGA_LUNG_Classification,0.05,1,True,1.0,1.0,1.0,1.0,1.0,1.0,0.0215,0.0215,/work/Agent_benchmark/Pathology-CoT/post_eval/TCGA_LUNG_Classification/ROI/roi_overlap_results.csv,True,True
TCGA-55-7913-01Z-00-DX1.2295fcc5-70b0-412e-a1fd-b5366fce0739,Pathology-CoT,TCGA_LUNG_Classification,0.05,4,True,2.0,1.0,0.5,1.0,1.0,0.3015,0.0245,0.0231,/work/Agent_benchmark/Pathology-CoT/post_eval/TCGA_LUNG_Classification/ROI/roi_overlap_results.csv,False,True
TCGA-55-7914-01Z-00-DX1.875bffe1-8c56-4c29-ab11-6840ee3a643c,Pathology-CoT,TCGA_LUNG_Classification,0.05,1,True,1.0,1.0,1.0,1.0,1.0,1.0,0.0138,0.0138,/work/Agent_benchmark/Pathology-CoT/post_eval/TCGA_LUNG_Classification/ROI/roi_overlap_results.csv,True,True
TCGA-55-7994-01Z-00-DX1.a0858080-c471-4337-bc57-7af57e9d92d8,Pathology-CoT,TCGA_LUNG_Classification,0.05,1,True,1.0,1.0,1.0,1.0,1.0,1.0,0.0115,0.0115,/work/Agent_benchmark/Pathology-CoT/post_eval/TCGA_LUNG_Classification/ROI/roi_overlap_results.csv,False,True
TCGA-55-7995-01Z-00-DX1.fef24d04-35a0-4f57-8f51-7ad602a78871,Pathology-CoT,TCGA_LUNG_Classification,0.05,1,False,,0.0,0.0,,,0.0,0.0,0.0,/work/Agent_benchmark/Pathology-CoT/post_eval/TCGA_LUNG_Classification/ROI/roi_overlap_results.csv,True,True
TCGA-55-8085-01Z-00-DX1.ff220eba-3515-4d2e-b317-76337dd3d206,Pathology-CoT,TCGA_LUNG_Classification,0.05,3,True,1.0,0.9771,0.6404333333333333,0.9771,0.96065,0.811,0.0654,0.0644,/work/Agent_benchmark/Pathology-CoT/post_eval/TCGA_LUNG_Classification/ROI/roi_overlap_results.csv,True,True
TCGA-55-8087-01Z-00-DX1.548f2800-8caf-4c0e-a7b5-6d3d28315d9c,Pathology-CoT,TCGA_LUNG_Classification,0.05,1,True,1.0,1.0,1.0,1.0,1.0,1.0,0.0111,0.0111,/work/Agent_benchmark/Pathology-CoT/post_eval/TCGA_LUNG_Classification/ROI/roi_overlap_results.csv,True,True
TCGA-55-8089-01Z-00-DX1.da4d99ff-4a7c-45a3-b79c-039c0c9e9712,Pathology-CoT,TCGA_LUNG_Classification,0.05,10,True,1.0,1.0,1.0,1.0,1.0,1.0,0.0543,0.0543,/work/Agent_benchmark/Pathology-CoT/post_eval/TCGA_LUNG_Classification/ROI/roi_overlap_results.csv,False,True
TCGA-55-8090-01Z-00-DX1.83f86d5f-7cb9-443a-a812-b19ba4aea836,Pathology-CoT,TCGA_LUNG_Classification,0.05,10,True,1.0,1.0,0.91693,1.0,0.91693,0.7502,0.0529,0.052,/work/Agent_benchmark/Pathology-CoT/post_eval/TCGA_LUNG_Classification/ROI/roi_overlap_results.csv,True,True
TCGA-55-8091-01Z-00-DX1.0996c58a-6e93-4092-8cb8-014d548fe60c,Pathology-CoT,TCGA_LUNG_Classification,0.05,3,True,1.0,1.0,0.9984333333333333,1.0,0.9984333333333333,0.9979,0.0382,0.0382,/work/Agent_benchmark/Pathology-CoT/post_eval/TCGA_LUNG_Classification/ROI/roi_overlap_results.csv,True,True
TCGA-55-8092-01Z-00-DX1.04e44341-c4bb-4b0b-965c-7ec83f3877a6,Pathology-CoT,TCGA_LUNG_Classification,0.05,1,True,1.0,0.7489,0.7489,0.7489,0.7489,0.7489,0.0124,0.0124,/work/Agent_benchmark/Pathology-CoT/post_eval/TCGA_LUNG_Classification/ROI/roi_overlap_results.csv,True,True
TCGA-55-8094-01Z-00-DX1.8dc29615-e124-4f17-81a1-c0b20c38d12c,Pathology-CoT,TCGA_LUNG_Classification,0.05,10,True,2.0,0.8474,0.15503,0.8474,0.31006,0.1375,0.0246,0.0213,/work/Agent_benchmark/Pathology-CoT/post_eval/TCGA_LUNG_Classification/ROI/roi_overlap_results.csv,False,True
TCGA-55-8096-01Z-00-DX1.c833417d-10c1-4430-a241-d6f5496e1cd9,Pathology-CoT,TCGA_LUNG_Classification,0.05,2,True,1.0,1.0,1.0,1.0,1.0,1.0,0.0281,0.0281,/work/Agent_benchmark/Pathology-CoT/post_eval/TCGA_LUNG_Classification/ROI/roi_overlap_results.csv,True,True
TCGA-55-8097-01Z-00-DX1.2f847b65-a5dc-41be-9dd0-a1e11df3cd10,Pathology-CoT,TCGA_LUNG_Classification,0.05,4,True,1.0,1.0,1.0,1.0,1.0,1.0,0.016,0.016,/work/Agent_benchmark/Pathology-CoT/post_eval/TCGA_LUNG_Classification/ROI/roi_overlap_results.csv,True,True
TCGA-55-8203-01Z-00-DX1.f530d261-be19-4ff0-98d0-27b789dffb23,Pathology-CoT,TCGA_LUNG_Classification,0.05,10,True,1.0,1.0,1.0,1.0,1.0,1.0,0.1139,0.1139,/work/Agent_benchmark/Pathology-CoT/post_eval/TCGA_LUNG_Classification/ROI/roi_overlap_results.csv,True,True
TCGA-55-8204-01Z-00-DX1.30ba69f3-53f1-41cc-826c-20dce3cfe86b,Pathology-CoT,TCGA_LUNG_Classification,0.05,3,True,1.0,0.99,0.6431666666666667,0.99,0.9627,0.7219,0.1194,0.1142,/work/Agent_benchmark/Pathology-CoT/post_eval/TCGA_LUNG_Classification/ROI/roi_overlap_results.csv,False,True
TCGA-55-8205-01Z-00-DX1.6df6d499-f325-409d-acb1-9e13172f2bb4,Pathology-CoT,TCGA_LUNG_Classification,0.05,1,False,,0.0,0.0,,,0.0,0.0,0.0,/work/Agent_benchmark/Pathology-CoT/post_eval/TCGA_LUNG_Classification/ROI/roi_overlap_results.csv,True,True
TCGA-55-8206-01Z-00-DX1.1216f330-c4e9-41b5-a2b7-9cafd960fa11,Pathology-CoT,TCGA_LUNG_Classification,0.05,7,True,2.0,1.0,0.37442857142857144,1.0,0.8736666666666667,0.4961,0.0328,0.0317,/work/Agent_benchmark/Pathology-CoT/post_eval/TCGA_LUNG_Classification/ROI/roi_overlap_results.csv,True,True
TCGA-55-8207-01Z-00-DX1.2dafc442-f927-4b0d-b197-cc8c5f86d0fc,Pathology-CoT,TCGA_LUNG_Classification,0.05,2,False,,0.0,0.0,,,0.0,0.0,0.0,/work/Agent_benchmark/Pathology-CoT/post_eval/TCGA_LUNG_Classification/ROI/roi_overlap_results.csv,False,True
TCGA-55-8208-01Z-00-DX1.6eccb7e2-16e4-4d25-9a1e-b370e016020f,Pathology-CoT,TCGA_LUNG_Classification,0.05,10,True,2.0,1.0,0.89846,1.0,0.9982888888888889,0.9579,0.0585,0.0583,/work/Agent_benchmark/Pathology-CoT/post_eval/TCGA_LUNG_Classification/ROI/roi_overlap_results.csv,True,True
TCGA-55-8299-01Z-00-DX1.6F652EC5-EBB8-499C-A66D-E0951FBFCAA2,Pathology-CoT,TCGA_LUNG_Classification,0.05,3,True,1.0,1.0,0.3702666666666667,1.0,0.5554,0.2641,0.0078,0.0076,/work/Agent_benchmark/Pathology-CoT/post_eval/TCGA_LUNG_Classification/ROI/roi_overlap_results.csv,True,True
TCGA-55-8301-01Z-00-DX1.2A66E0FC-84F2-4DF8-B06E-D7CDD7AA82C7,Pathology-CoT,TCGA_LUNG_Classification,0.05,1,True,1.0,1.0,1.0,1.0,1.0,1.0,0.0071,0.0071,/work/Agent_benchmark/Pathology-CoT/post_eval/TCGA_LUNG_Classification/ROI/roi_overlap_results.csv,True,True
TCGA-55-8302-01Z-00-DX1.E0C2B152-BBA9-4AA7-9E6B-BD57B68163CB,Pathology-CoT,TCGA_LUNG_Classification,0.05,1,True,1.0,0.9997,0.9997,0.9997,0.9997,0.9997,0.0378,0.0378,/work/Agent_benchmark/Pathology-CoT/post_eval/TCGA_LUNG_Classification/ROI/roi_overlap_results.csv,True,True
TCGA-55-8505-01Z-00-DX1.D364C30D-BFB8-486B-A0D3-948FF8E90C3E,Pathology-CoT,TCGA_LUNG_Classification,0.05,1,True,1.0,1.0,1.0,1.0,1.0,1.0,0.0352,0.0352,/work/Agent_benchmark/Pathology-CoT/post_eval/TCGA_LUNG_Classification/ROI/roi_overlap_results.csv,True,True
TCGA-55-8506-01Z-00-DX1.A908E3D2-91F7-4DE2-98C9-95D1038B9F49,Pathology-CoT,TCGA_LUNG_Classification,0.05,7,True,1.0,1.0,1.0,1.0,1.0,1.0,0.0321,0.0321,/work/Agent_benchmark/Pathology-CoT/post_eval/TCGA_LUNG_Classification/ROI/roi_overlap_results.csv,False,True
TCGA-55-8507-01Z-00-DX1.3C6198CF-3E13-4C4C-B851-5BDFF8552621,Pathology-CoT,TCGA_LUNG_Classification,0.05,10,True,1.0,1.0,0.9119399999999999,1.0,0.9119399999999999,0.9337,0.0833,0.0828,/work/Agent_benchmark/Pathology-CoT/post_eval/TCGA_LUNG_Classification/ROI/roi_overlap_results.csv,True,True
TCGA-55-8508-01Z-00-DX1.96B173E2-A298-4017-9AEC-113E547A3272,Pathology-CoT,TCGA_LUNG_Classification,0.05,4,True,1.0,1.0,1.0,1.0,1.0,1.0,0.0754,0.0754,/work/Agent_benchmark/Pathology-CoT/post_eval/TCGA_LUNG_Classification/ROI/roi_overlap_results.csv,True,True
TCGA-55-8510-01Z-00-DX1.BB1EAC72-6215-400B-BCBF-E3D51A60182D,Pathology-CoT,TCGA_LUNG_Classification,0.05,10,True,1.0,1.0,0.78972,1.0,0.98715,0.8438,0.0735,0.0725,/work/Agent_benchmark/Pathology-CoT/post_eval/TCGA_LUNG_Classification/ROI/roi_overlap_results.csv,True,True
TCGA-55-8511-01Z-00-DX1.8EDFB05B-5B59-46EA-973C-1048B1E284D2,Pathology-CoT,TCGA_LUNG_Classification,0.05,1,True,1.0,1.0,1.0,1.0,1.0,1.0,0.0111,0.0111,/work/Agent_benchmark/Pathology-CoT/post_eval/TCGA_LUNG_Classification/ROI/roi_overlap_results.csv,True,True
TCGA-55-8512-01Z-00-DX1.FD4B9CF5-1955-420E-A955-6D284772D2BE,Pathology-CoT,TCGA_LUNG_Classification,0.05,4,True,2.0,1.0,0.36765000000000003,1.0,0.72435,0.4594,0.0317,0.0306,/work/Agent_benchmark/Pathology-CoT/post_eval/TCGA_LUNG_Classification/ROI/roi_overlap_results.csv,True,True
TCGA-55-8513-01Z-00-DX1.E21776FE-DF49-48D1-90D6-6F71D0764492,Pathology-CoT,TCGA_LUNG_Classification,0.05,1,True,1.0,1.0,1.0,1.0,1.0,1.0,0.0079,0.0079,/work/Agent_benchmark/Pathology-CoT/post_eval/TCGA_LUNG_Classification/ROI/roi_overlap_results.csv,False,True
TCGA-55-8514-01Z-00-DX1.499CF563-B404-4061-9D1A-57954BBE2CE7,Pathology-CoT,TCGA_LUNG_Classification,0.05,1,True,1.0,0.5959,0.5959,0.5959,0.5959,0.5959,0.044,0.0428,/work/Agent_benchmark/Pathology-CoT/post_eval/TCGA_LUNG_Classification/ROI/roi_overlap_results.csv,True,True
TCGA-55-8614-01Z-00-DX1.043DE2B5-A453-4570-8830-99170450658C,Pathology-CoT,TCGA_LUNG_Classification,0.05,1,True,1.0,0.9297,0.9297,0.9297,0.9297,0.9297,0.0109,0.0109,/work/Agent_benchmark/Pathology-CoT/post_eval/TCGA_LUNG_Classification/ROI/roi_overlap_results.csv,False,True
TCGA-55-8615-01Z-00-DX1.928CFCA6-059D-4901-8D6A-BC7D9486C29F,Pathology-CoT,TCGA_LUNG_Classification,0.05,1,True,1.0,1.0,1.0,1.0,1.0,1.0,0.0057,0.0057,/work/Agent_benchmark/Pathology-CoT/post_eval/TCGA_LUNG_Classification/ROI/roi_overlap_results.csv,True,True
TCGA-55-8616-01Z-00-DX1.4F53B2AB-8221-4E67-80D2-7A8E3815B730,Pathology-CoT,TCGA_LUNG_Classification,0.05,10,True,1.0,1.0,0.99429,1.0,0.99429,0.9967,0.0438,0.0438,/work/Agent_benchmark/Pathology-CoT/post_eval/TCGA_LUNG_Classification/ROI/roi_overlap_results.csv,True,True
TCGA-55-8619-01Z-00-DX1.46C7678A-6032-4C95-B535-85C87B92B6ED,Pathology-CoT,TCGA_LUNG_Classification,0.05,1,True,1.0,0.9653,0.9653,0.9653,0.9653,0.9653,0.0488,0.0487,/work/Agent_benchmark/Pathology-CoT/post_eval/TCGA_LUNG_Classification/ROI/roi_overlap_results.csv,True,True
TCGA-55-8620-01Z-00-DX1.6591EEC4-D696-4826-80BD-99BE1D99EBB8,Pathology-CoT,TCGA_LUNG_Classification,0.05,1,False,,0.0,0.0,,,0.0,0.0,0.0,/work/Agent_benchmark/Pathology-CoT/post_eval/TCGA_LUNG_Classification/ROI/roi_overlap_results.csv,True,True
TCGA-55-8621-01Z-00-DX1.7C519007-D59D-432A-BF4D-23D14A1C8BB6,Pathology-CoT,TCGA_LUNG_Classification,0.05,2,True,1.0,1.0,1.0,1.0,1.0,1.0,0.0218,0.0218,/work/Agent_benchmark/Pathology-CoT/post_eval/TCGA_LUNG_Classification/ROI/roi_overlap_results.csv,False,True
TCGA-55-A48X-01Z-00-DX1.A46C6373-8458-4D55-88C3-4C70A05F9F47,Pathology-CoT,TCGA_LUNG_Classification,0.05,10,True,1.0,1.0,1.0,1.0,1.0,1.0,0.0613,0.0613,/work/Agent_benchmark/Pathology-CoT/post_eval/TCGA_LUNG_Classification/ROI/roi_overlap_results.csv,True,True
TCGA-55-A48Y-01Z-00-DX1.D8735347-E060-439F-B5A1-1E47A958A392,Pathology-CoT,TCGA_LUNG_Classification,0.05,1,True,1.0,0.988,0.988,0.988,0.988,0.988,0.0363,0.0363,/work/Agent_benchmark/Pathology-CoT/post_eval/TCGA_LUNG_Classification/ROI/roi_overlap_results.csv,True,True
TCGA-55-A48Z-01Z-00-DX1.0867DC6A-2A51-4CF1-AE3F-0526CE2DD740,Pathology-CoT,TCGA_LUNG_Classification,0.05,1,True,1.0,1.0,1.0,1.0,1.0,1.0,0.0392,0.0392,/work/Agent_benchmark/Pathology-CoT/post_eval/TCGA_LUNG_Classification/ROI/roi_overlap_results.csv,True,True
TCGA-55-A490-01Z-00-DX1.07D77502-7216-4C23-9BB8-8DE99AECC920,Pathology-CoT,TCGA_LUNG_Classification,0.05,9,True,1.0,1.0,0.8725,1.0,0.8725,0.8923,0.0524,0.052,/work/Agent_benchmark/Pathology-CoT/post_eval/TCGA_LUNG_Classification/ROI/roi_overlap_results.csv,False,True
TCGA-55-A491-01Z-00-DX1.E5F3B4E5-18EA-4067-AE28-119DABCE739A,Pathology-CoT,TCGA_LUNG_Classification,0.05,10,True,1.0,1.0,0.89717,1.0,0.9968555555555556,0.8978,0.0442,0.044,/work/Agent_benchmark/Pathology-CoT/post_eval/TCGA_LUNG_Classification/ROI/roi_overlap_results.csv,True,True
TCGA-55-A492-01Z-00-DX1.31B23842-7F8B-4311-88DF-C51CB4F54AED,Pathology-CoT,TCGA_LUNG_Classification,0.05,10,True,4.0,0.9202,0.10882,0.9202,0.5441,0.1071,0.0148,0.0132,/work/Agent_benchmark/Pathology-CoT/post_eval/TCGA_LUNG_Classification/ROI/roi_overlap_results.csv,True,True
TCGA-55-A493-01Z-00-DX1.1CF94B85-7A64-4213-9B04-16504512DE2E,Pathology-CoT,TCGA_LUNG_Classification,0.05,10,True,1.0,1.0,0.93821,1.0,0.93821,0.7974,0.0703,0.0691,/work/Agent_benchmark/Pathology-CoT/post_eval/TCGA_LUNG_Classification/ROI/roi_overlap_results.csv,True,True
TCGA-55-A494-01Z-00-DX1.8C7C4BE0-791A-47CA-B0A8-1935366350E0,Pathology-CoT,TCGA_LUNG_Classification,0.05,1,False,,0.0,0.0,,,0.0,0.0,0.0,/work/Agent_benchmark/Pathology-CoT/post_eval/TCGA_LUNG_Classification/ROI/roi_overlap_results.csv,True,True
TCGA-55-A4DF-01Z-00-DX1.C945E1AD-BEF4-403F-BB11-BAC831D24CDA,Pathology-CoT,TCGA_LUNG_Classification,0.05,1,True,1.0,1.0,1.0,1.0,1.0,1.0,0.0706,0.0706,/work/Agent_benchmark/Pathology-CoT/post_eval/TCGA_LUNG_Classification/ROI/roi_overlap_results.csv,True,True
TCGA-55-A4DG-01Z-00-DX1.9CE9B7BE-48EF-44F1-9C25-F15700A3E5DE,Pathology-CoT,TCGA_LUNG_Classification,0.05,10,True,6.0,1.0,0.1,1.0,1.0,0.1407,0.0126,0.0117,/work/Agent_benchmark/Pathology-CoT/post_eval/TCGA_LUNG_Classification/ROI/roi_overlap_results.csv,True,True
TCGA-55-A57B-01Z-00-DX1.8D3C7063-3AF6-4839-A656-F844EC0AF9DB,Pathology-CoT,TCGA_LUNG_Classification,0.05,1,False,,0.0,0.0,,,0.0,0.0,0.0,/work/Agent_benchmark/Pathology-CoT/post_eval/TCGA_LUNG_Classification/ROI/roi_overlap_results.csv,True,True
TCGA-56-1622-01Z-00-DX1.d4178664-1e21-452f-9dbf-1b23467ddabc,Pathology-CoT,TCGA_LUNG_Classification,0.05,6,True,1.0,0.9622,0.32745,0.9622,0.49117500000000003,0.3736,0.1102,0.093,/work/Agent_benchmark/Pathology-CoT/post_eval/TCGA_LUNG_Classification/ROI/roi_overlap_results.csv,True,True
TCGA-56-5897-01Z-00-DX1.776271b1-77a9-4653-8ed3-13294c9fc056,Pathology-CoT,TCGA_LUNG_Classification,0.05,10,True,1.0,1.0,1.0,1.0,1.0,1.0,0.0768,0.0768,/work/Agent_benchmark/Pathology-CoT/post_eval/TCGA_LUNG_Classification/ROI/roi_overlap_results.csv,True,True
TCGA-56-5898-01Z-00-DX1.d539fc8b-ae31-4820-8c2e-5cf587958eb3,Pathology-CoT,TCGA_LUNG_Classification,0.05,3,True,1.0,1.0,0.9055333333333334,1.0,0.9055333333333334,0.8733,0.0264,0.0263,/work/Agent_benchmark/Pathology-CoT/post_eval/TCGA_LUNG_Classification/ROI/roi_overlap_results.csv,False,True
TCGA-56-6545-01Z-00-DX1.24a6678b-2dbf-4539-844e-1e3786c3fac3,Pathology-CoT,TCGA_LUNG_Classification,0.05,4,True,2.0,1.0,0.5,1.0,1.0,0.6168,0.0341,0.0334,/work/Agent_benchmark/Pathology-CoT/post_eval/TCGA_LUNG_Classification/ROI/roi_overlap_results.csv,True,True
TCGA-56-6546-01Z-00-DX1.4fecf41b-6757-4c0d-98c4-24b9a65144f1,Pathology-CoT,TCGA_LUNG_Classification,0.05,4,True,1.0,1.0,0.75,1.0,1.0,0.8167,0.0277,0.0275,/work/Agent_benchmark/Pathology-CoT/post_eval/TCGA_LUNG_Classification/ROI/roi_overlap_results.csv,True,True
TCGA-56-7221-01Z-00-DX1.f897f1ee-2796-4183-9312-f47871383327,Pathology-CoT,TCGA_LUNG_Classification,0.05,3,True,1.0,1.0,1.0,1.0,1.0,1.0,0.0213,0.0213,/work/Agent_benchmark/Pathology-CoT/post_eval/TCGA_LUNG_Classification/ROI/roi_overlap_results.csv,True,True
TCGA-56-7222-01Z-00-DX1.f932abe9-4f5c-46d8-908b-29669681d2db,Pathology-CoT,TCGA_LUNG_Classification,0.05,1,True,1.0,1.0,1.0,1.0,1.0,1.0,0.0343,0.0343,/work/Agent_benchmark/Pathology-CoT/post_eval/TCGA_LUNG_Classification/ROI/roi_overlap_results.csv,True,True
TCGA-56-7223-01Z-00-DX1.dd01c478-6dfa-4757-85fd-d956d70ec372,Pathology-CoT,TCGA_LUNG_Classification,0.05,1,True,1.0,1.0,1.0,1.0,1.0,1.0,0.0121,0.0121,/work/Agent_benchmark/Pathology-CoT/post_eval/TCGA_LUNG_Classification/ROI/roi_overlap_results.csv,True,True
TCGA-56-7579-01Z-00-DX1.627f65b9-ac66-4f71-a6f4-394338b647f0,Pathology-CoT,TCGA_LUNG_Classification,0.05,3,True,1.0,1.0,0.9994999999999999,1.0,0.9994999999999999,0.9993,0.0421,0.0421,/work/Agent_benchmark/Pathology-CoT/post_eval/TCGA_LUNG_Classification/ROI/roi_overlap_results.csv,True,True
TCGA-56-7582-01Z-00-DX1.81e6c419-f6a1-49cf-9a83-7c1a679fbfc6,Pathology-CoT,TCGA_LUNG_Classification,0.05,10,True,1.0,1.0,1.0,1.0,1.0,1.0,0.0603,0.0603,/work/Agent_benchmark/Pathology-CoT/post_eval/TCGA_LUNG_Classification/ROI/roi_overlap_results.csv,True,True
TCGA-56-7730-01Z-00-DX1.6f127663-c517-4b5d-99a6-a3cd314304b1,Pathology-CoT,TCGA_LUNG_Classification,0.05,4,True,4.0,1.0,0.25,1.0,1.0,0.3591,0.1087,0.091,/work/Agent_benchmark/Pathology-CoT/post_eval/TCGA_LUNG_Classification/ROI/roi_overlap_results.csv,False,True
TCGA-56-7731-01Z-00-DX1.e205943f-cb2e-4006-b3be-b07d95fea663,Pathology-CoT,TCGA_LUNG_Classification,0.05,4,True,1.0,1.0,0.745725,1.0,0.9943,0.777,0.0589,0.0579,/work/Agent_benchmark/Pathology-CoT/post_eval/TCGA_LUNG_Classification/ROI/roi_overlap_results.csv,True,True
TCGA-56-7822-01Z-00-DX1.c387e241-ff4c-44ef-af45-12a85066f0ce,Pathology-CoT,TCGA_LUNG_Classification,0.05,10,True,1.0,1.0,0.8360999999999998,1.0,0.8360999999999998,0.8209,0.0572,0.0565,/work/Agent_benchmark/Pathology-CoT/post_eval/TCGA_LUNG_Classification/ROI/roi_overlap_results.csv,True,True
TCGA-56-7823-01Z-00-DX1.354861d2-79f1-4b70-a74e-20cb0f78468e,Pathology-CoT,TCGA_LUNG_Classification,0.05,7,True,2.0,1.0,0.3886142857142857,1.0,0.9067666666666666,0.3997,0.0453,0.0424,/work/Agent_benchmark/Pathology-CoT/post_eval/TCGA_LUNG_Classification/ROI/roi_overlap_results.csv,True,True
TCGA-56-8082-01Z-00-DX1.f0056ce7-58cf-4fc7-b249-ddeadeafafb3,Pathology-CoT,TCGA_LUNG_Classification,0.05,2,True,2.0,1.0,0.5,1.0,1.0,0.526,0.0123,0.0122,/work/Agent_benchmark/Pathology-CoT/post_eval/TCGA_LUNG_Classification/ROI/roi_overlap_results.csv,True,True
TCGA-56-8083-01Z-00-DX1.140c8d5b-f660-4fef-b8da-6bb2c119c021,Pathology-CoT,TCGA_LUNG_Classification,0.05,2,True,1.0,1.0,1.0,1.0,1.0,1.0,0.1416,0.1416,/work/Agent_benchmark/Pathology-CoT/post_eval/TCGA_LUNG_Classification/ROI/roi_overlap_results.csv,True,True
TCGA-56-8201-01Z-00-DX1.883903fb-d70d-4c72-be76-6788b1bc3b35,Pathology-CoT,TCGA_LUNG_Classification,0.05,5,True,1.0,1.0,0.9976800000000001,1.0,0.9976800000000001,0.9968,0.071,0.071,/work/Agent_benchmark/Pathology-CoT/post_eval/TCGA_LUNG_Classification/ROI/roi_overlap_results.csv,True,True
TCGA-56-8304-01Z-00-DX1.F7A7975D-C8AB-49C0-B9CD-18CFD01A0655,Pathology-CoT,TCGA_LUNG_Classification,0.05,2,False,,0.0,0.0,,,0.0,0.0,0.0,/work/Agent_benchmark/Pathology-CoT/post_eval/TCGA_LUNG_Classification/ROI/roi_overlap_results.csv,True,True
TCGA-56-8305-01Z-00-DX1.2C1D792D-79E0-48D7-9938-DFD44428874E,Pathology-CoT,TCGA_LUNG_Classification,0.05,10,True,1.0,0.9991,0.19047,0.9991,0.6349,0.1553,0.0212,0.019,/work/Agent_benchmark/Pathology-CoT/post_eval/TCGA_LUNG_Classification/ROI/roi_overlap_results.csv,True,True
TCGA-56-8307-01Z-00-DX1.20EE4B4C-403F-44AA-8B0E-711003E60B8F,Pathology-CoT,TCGA_LUNG_Classification,0.05,7,True,1.0,1.0,1.0,1.0,1.0,1.0,0.0955,0.0955,/work/Agent_benchmark/Pathology-CoT/post_eval/TCGA_LUNG_Classification/ROI/roi_overlap_results.csv,True,True
TCGA-56-8308-01Z-00-DX1.48CAE02B-05B1-4681-B68C-DD32C414FD2D,Pathology-CoT,TCGA_LUNG_Classification,0.05,10,True,1.0,1.0,0.8722,1.0,0.969111111111111,0.8888,0.0828,0.0819,/work/Agent_benchmark/Pathology-CoT/post_eval/TCGA_LUNG_Classification/ROI/roi_overlap_results.csv,True,True
TCGA-56-8309-01Z-00-DX1.5FC5FA81-405A-48AB-AA7D-2D38003A8942,Pathology-CoT,TCGA_LUNG_Classification,0.05,10,True,1.0,1.0,0.74482,1.0,0.8275777777777779,0.7467,0.1132,0.109,/work/Agent_benchmark/Pathology-CoT/post_eval/TCGA_LUNG_Classification/ROI/roi_overlap_results.csv,False,True
TCGA-56-8503-01Z-00-DX1.87FEB654-FC88-4CDA-8F52-ACF0D9A19191,Pathology-CoT,TCGA_LUNG_Classification,0.05,10,True,1.0,1.0,0.91051,1.0,0.91051,0.9271,0.0379,0.0378,/work/Agent_benchmark/Pathology-CoT/post_eval/TCGA_LUNG_Classification/ROI/roi_overlap_results.csv,True,True
TCGA-56-8504-01Z-00-DX1.032AF45F-89C3-4265-8287-A455780DA887,Pathology-CoT,TCGA_LUNG_Classification,0.05,6,False,,0.0039,0.00065,,,0.0009,0.0001,0.0001,/work/Agent_benchmark/Pathology-CoT/post_eval/TCGA_LUNG_Classification/ROI/roi_overlap_results.csv,True,True
TCGA-56-8622-01Z-00-DX1.62B552C4-5CBE-4469-8DBB-E27497FF95F4,Pathology-CoT,TCGA_LUNG_Classification,0.05,10,True,1.0,1.0,0.9969899999999999,1.0,0.9969899999999999,0.9977,0.0858,0.0858,/work/Agent_benchmark/Pathology-CoT/post_eval/TCGA_LUNG_Classification/ROI/roi_overlap_results.csv,True,True
TCGA-56-8623-01Z-00-DX1.119C11E2-16E4-48A9-B8BD-6F1E8CBFEBA1,Pathology-CoT,TCGA_LUNG_Classification,0.05,2,True,1.0,0.4844,0.35505,0.4844,0.35505,0.3588,0.024,0.023,/work/Agent_benchmark/Pathology-CoT/post_eval/TCGA_LUNG_Classification/ROI/roi_overlap_results.csv,True,True
TCGA-56-8624-01Z-00-DX1.18DFDAB8-1701-4E15-9321-7D99CD15E4B0,Pathology-CoT,TCGA_LUNG_Classification,0.05,2,True,1.0,1.0,1.0,1.0,1.0,1.0,0.0078,0.0078,/work/Agent_benchmark/Pathology-CoT/post_eval/TCGA_LUNG_Classification/ROI/roi_overlap_results.csv,True,True
TCGA-56-8625-01Z-00-DX1.11AADFB3-33FF-4EAA-B423-CD0F07163747,Pathology-CoT,TCGA_LUNG_Classification,0.05,9,True,1.0,1.0,1.0,1.0,1.0,1.0,0.0521,0.0521,/work/Agent_benchmark/Pathology-CoT/post_eval/TCGA_LUNG_Classification/ROI/roi_overlap_results.csv,True,True
TCGA-56-8626-01Z-00-DX1.C9836EAF-F005-40E9-B781-1D5586141F0D,Pathology-CoT,TCGA_LUNG_Classification,0.05,1,True,1.0,1.0,1.0,1.0,1.0,1.0,0.0141,0.0141,/work/Agent_benchmark/Pathology-CoT/post_eval/TCGA_LUNG_Classification/ROI/roi_overlap_results.csv,True,True
TCGA-56-8628-01Z-00-DX1.AAC57164-E0F9-4DF0-87EA-5C50FB201895,Pathology-CoT,TCGA_LUNG_Classification,0.05,1,True,1.0,1.0,1.0,1.0,1.0,1.0,0.036,0.036,/work/Agent_benchmark/Pathology-CoT/post_eval/TCGA_LUNG_Classification/ROI/roi_overlap_results.csv,True,True
TCGA-56-8629-01Z-00-DX1.6F79BFD6-36B0-46F4-918B-2F4FF083E3E3,Pathology-CoT,TCGA_LUNG_Classification,0.05,4,True,1.0,1.0,1.0,1.0,1.0,1.0,0.0231,0.0231,/work/Agent_benchmark/Pathology-CoT/post_eval/TCGA_LUNG_Classification/ROI/roi_overlap_results.csv,True,True
TCGA-56-A49D-01Z-00-DX1.1ECF40A0-1490-42B3-8924-A80E4ED35F93,Pathology-CoT,TCGA_LUNG_Classification,0.05,10,True,1.0,0.9976,0.13210000000000002,0.9976,0.4403333333333334,0.0855,0.0134,0.0117,/work/Agent_benchmark/Pathology-CoT/post_eval/TCGA_LUNG_Classification/ROI/roi_overlap_results.csv,True,True
TCGA-56-A4BW-01Z-00-DX1.8ED20788-092B-4C21-9D83-5423D853422F,Pathology-CoT,TCGA_LUNG_Classification,0.05,10,True,1.0,0.5749,0.13245999999999997,0.5749,0.32547499999999996,0.1465,0.0285,0.0244,/work/Agent_benchmark/Pathology-CoT/post_eval/TCGA_LUNG_Classification/ROI/roi_overlap_results.csv,True,True
TCGA-56-A4BX-01Z-00-DX1.60E64193-473C-4220-9E38-0F5D952BD157,Pathology-CoT,TCGA_LUNG_Classification,0.05,10,True,1.0,1.0,1.0,1.0,1.0,1.0,0.05,0.05,/work/Agent_benchmark/Pathology-CoT/post_eval/TCGA_LUNG_Classification/ROI/roi_overlap_results.csv,True,True
TCGA-56-A4BY-01Z-00-DX1.DCA0D153-7DB7-44FB-A87A-20931D36856A,Pathology-CoT,TCGA_LUNG_Classification,0.05,4,True,1.0,1.0,0.83765,1.0,0.83765,0.8491,0.0293,0.0292,/work/Agent_benchmark/Pathology-CoT/post_eval/TCGA_LUNG_Classification/ROI/roi_overlap_results.csv,True,True
TCGA-56-A4ZJ-01Z-00-DX1.6BB25D9D-75E7-4B44-8560-8A3C3EC9F118,Pathology-CoT,TCGA_LUNG_Classification,0.05,4,True,1.0,1.0,1.0,1.0,1.0,1.0,0.0265,0.0265,/work/Agent_benchmark/Pathology-CoT/post_eval/TCGA_LUNG_Classification/ROI/roi_overlap_results.csv,True,True
TCGA-56-A4ZK-01Z-00-DX1.D6B1AC68-BF70-4C49-A5A1-233D6DA4AE27,Pathology-CoT,TCGA_LUNG_Classification,0.05,1,True,1.0,1.0,1.0,1.0,1.0,1.0,0.0081,0.0081,/work/Agent_benchmark/Pathology-CoT/post_eval/TCGA_LUNG_Classification/ROI/roi_overlap_results.csv,True,True
TCGA-56-A5DR-01Z-00-DX1.F8F196F2-9380-490E-9D77-ABAC1E58BC5C,Pathology-CoT,TCGA_LUNG_Classification,0.05,10,True,1.0,1.0,1.0,1.0,1.0,1.0,0.0765,0.0765,/work/Agent_benchmark/Pathology-CoT/post_eval/TCGA_LUNG_Classification/ROI/roi_overlap_results.csv,True,True
TCGA-56-A5DS-01Z-00-DX1.952C8777-4B8F-415A-9D27-C155D1623A86,Pathology-CoT,TCGA_LUNG_Classification,0.05,6,False,,0.0,0.0,,,0.0,0.0,0.0,/work/Agent_benchmark/Pathology-CoT/post_eval/TCGA_LUNG_Classification/ROI/roi_overlap_results.csv,False,True
TCGA-56-A62T-01Z-00-DX1.05B9E747-DF22-4FFB-A79A-C023AB667CA0,Pathology-CoT,TCGA_LUNG_Classification,0.05,8,True,4.0,0.6763,0.1622625,0.6763,0.64905,0.1505,0.0162,0.0149,/work/Agent_benchmark/Pathology-CoT/post_eval/TCGA_LUNG_Classification/ROI/roi_overlap_results.csv,False,True
TCGA-58-A46J-01Z-00-DX1.4BF4AAC3-2020-41EA-A181-5E90A23DA024,Pathology-CoT,TCGA_LUNG_Classification,0.05,10,True,1.0,1.0,1.0,1.0,1.0,1.0,0.038,0.038,/work/Agent_benchmark/Pathology-CoT/post_eval/TCGA_LUNG_Classification/ROI/roi_overlap_results.csv,True,True
TCGA-58-A46K-01Z-00-DX1.A293339A-A592-4CA2-AE49-CDDD0810C624,Pathology-CoT,TCGA_LUNG_Classification,0.05,7,True,1.0,1.0,1.0,1.0,1.0,1.0,0.0275,0.0275,/work/Agent_benchmark/Pathology-CoT/post_eval/TCGA_LUNG_Classification/ROI/roi_overlap_results.csv,True,True
TCGA-58-A46L-01Z-00-DX1.DA77E0D9-23A2-4D54-81E9-36849E04FBC8,Pathology-CoT,TCGA_LUNG_Classification,0.05,1,True,1.0,1.0,1.0,1.0,1.0,1.0,0.013,0.013,/work/Agent_benchmark/Pathology-CoT/post_eval/TCGA_LUNG_Classification/ROI/roi_overlap_results.csv,False,True
TCGA-58-A46M-01Z-00-DX1.DCC711DA-EB83-498E-9AFA-33E874EA537C,Pathology-CoT,TCGA_LUNG_Classification,0.05,10,True,1.0,1.0,1.0,1.0,1.0,1.0,0.0536,0.0536,/work/Agent_benchmark/Pathology-CoT/post_eval/TCGA_LUNG_Classification/ROI/roi_overlap_results.csv,True,True
TCGA-58-A46N-01Z-00-DX1.5D51252C-5294-4E40-ABB2-31C3BE1039F8,Pathology-CoT,TCGA_LUNG_Classification,0.05,5,True,2.0,1.0,0.57564,1.0,0.9594,0.7375,0.0544,0.0534,/work/Agent_benchmark/Pathology-CoT/post_eval/TCGA_LUNG_Classification/ROI/roi_overlap_results.csv,True,True
TCGA-60-2695-01Z-00-DX1.4cc6c566-d60d-4ff9-9ea8-18a9da46ae6b,Pathology-CoT,TCGA_LUNG_Classification,0.05,10,True,1.0,1.0,0.9841399999999998,1.0,0.9841399999999998,0.9839,0.0823,0.0822,/work/Agent_benchmark/Pathology-CoT/post_eval/TCGA_LUNG_Classification/ROI/roi_overlap_results.csv,True,True
TCGA-60-2696-01Z-00-DX1.17748315-09b2-4abd-97f1-93c9951b0a70,Pathology-CoT,TCGA_LUNG_Classification,0.05,8,True,1.0,1.0,0.8349125,1.0,0.8349125,0.7244,0.0294,0.0291,/work/Agent_benchmark/Pathology-CoT/post_eval/TCGA_LUNG_Classification/ROI/roi_overlap_results.csv,True,True
TCGA-60-2697-01Z-00-DX1.e11a5b5b-c4be-4fe1-b7db-08879e55d552,Pathology-CoT,TCGA_LUNG_Classification,0.05,1,True,1.0,0.971,0.971,0.971,0.971,0.971,0.0237,0.0237,/work/Agent_benchmark/Pathology-CoT/post_eval/TCGA_LUNG_Classification/ROI/roi_overlap_results.csv,False,True
TCGA-60-2698-01Z-00-DX1.738ae69e-5170-46d6-b691-9f761f9a794b,Pathology-CoT,TCGA_LUNG_Classification,0.05,1,True,1.0,0.9357,0.9357,0.9357,0.9357,0.9357,0.0791,0.0787,/work/Agent_benchmark/Pathology-CoT/post_eval/TCGA_LUNG_Classification/ROI/roi_overlap_results.csv,True,True
TCGA-60-2703-01Z-00-DX1.13cdede5-0135-4e05-9478-3b728cad247e,Pathology-CoT,TCGA_LUNG_Classification,0.05,1,True,1.0,0.8511,0.8511,0.8511,0.8511,0.8511,0.0382,0.0379,/work/Agent_benchmark/Pathology-CoT/post_eval/TCGA_LUNG_Classification/ROI/roi_overlap_results.csv,False,True
TCGA-60-2704-01Z-00-DX1.e904afb3-7935-4df5-90dc-f7151e15b31b,Pathology-CoT,TCGA_LUNG_Classification,0.05,10,True,1.0,1.0,0.7106999999999999,1.0,0.8883749999999999,0.8631,0.1384,0.1354,/work/Agent_benchmark/Pathology-CoT/post_eval/TCGA_LUNG_Classification/ROI/roi_overlap_results.csv,True,True
TCGA-60-2706-01Z-00-DX1.db003232-66ab-437e-81c7-f490310ca03a,Pathology-CoT,TCGA_LUNG_Classification,0.05,1,True,1.0,1.0,1.0,1.0,1.0,1.0,0.0344,0.0344,/work/Agent_benchmark/Pathology-CoT/post_eval/TCGA_LUNG_Classification/ROI/roi_overlap_results.csv,False,True
TCGA-60-2707-01Z-00-DX1.4aafd76b-eb0e-4ab9-a740-682c169a3c3d,Pathology-CoT,TCGA_LUNG_Classification,0.05,2,True,2.0,0.7158,0.3579,0.7158,0.7158,0.6542,0.3541,0.2983,/work/Agent_benchmark/Pathology-CoT/post_eval/TCGA_LUNG_Classification/ROI/roi_overlap_results.csv,False,True
TCGA-60-2708-01Z-00-DX1.3b59f6dc-02f8-4118-9037-f18ebb9bd539,Pathology-CoT,TCGA_LUNG_Classification,0.05,1,True,1.0,1.0,1.0,1.0,1.0,1.0,0.0041,0.0041,/work/Agent_benchmark/Pathology-CoT/post_eval/TCGA_LUNG_Classification/ROI/roi_overlap_results.csv,True,True
TCGA-60-2709-01Z-00-DX1.ded10e7c-c1ca-4402-be0e-f3978994d4af,Pathology-CoT,TCGA_LUNG_Classification,0.05,8,True,1.0,1.0,1.0,1.0,1.0,1.0,0.1343,0.1343,/work/Agent_benchmark/Pathology-CoT/post_eval/TCGA_LUNG_Classification/ROI/roi_overlap_results.csv,True,True
TCGA-60-2710-01Z-00-DX1.45f8ef49-d5bb-404c-9ac5-c7882bc59b45,Pathology-CoT,TCGA_LUNG_Classification,0.05,1,True,1.0,0.0556,0.0556,0.0556,0.0556,0.0556,0.0029,0.0027,/work/Agent_benchmark/Pathology-CoT/post_eval/TCGA_LUNG_Classification/ROI/roi_overlap_results.csv,True,True
TCGA-60-2711-01Z-00-DX1.186b9a92-fcae-45b6-a52c-e8da0c1a419c,Pathology-CoT,TCGA_LUNG_Classification,0.05,6,True,1.0,1.0,1.0,1.0,1.0,1.0,0.1222,0.1222,/work/Agent_benchmark/Pathology-CoT/post_eval/TCGA_LUNG_Classification/ROI/roi_overlap_results.csv,True,True
TCGA-60-2712-01Z-00-DX1.97003dfc-4b37-4491-86e8-0801e6825aae,Pathology-CoT,TCGA_LUNG_Classification,0.05,3,True,1.0,1.0,0.9937333333333332,1.0,0.9937333333333332,0.9951,0.1935,0.1933,/work/Agent_benchmark/Pathology-CoT/post_eval/TCGA_LUNG_Classification/ROI/roi_overlap_results.csv,True,True
TCGA-60-2713-01Z-00-DX1.8cc5fb8d-be9c-4f25-b088-85e1feff834a,Pathology-CoT,TCGA_LUNG_Classification,0.05,1,False,,0.0,0.0,,,0.0,0.0,0.0,/work/Agent_benchmark/Pathology-CoT/post_eval/TCGA_LUNG_Classification/ROI/roi_overlap_results.csv,True,True
TCGA-60-2714-01Z-00-DX1.13f280a8-c8d3-48bb-8a38-49ce9ad9e1a2,Pathology-CoT,TCGA_LUNG_Classification,0.05,1,True,1.0,1.0,1.0,1.0,1.0,1.0,0.0064,0.0064,/work/Agent_benchmark/Pathology-CoT/post_eval/TCGA_LUNG_Classification/ROI/roi_overlap_results.csv,True,True
TCGA-60-2715-01Z-00-DX1.22710dc4-eaf5-44c2-8438-c6dcfae1d452,Pathology-CoT,TCGA_LUNG_Classification,0.05,1,True,1.0,1.0,1.0,1.0,1.0,1.0,0.0531,0.0531,/work/Agent_benchmark/Pathology-CoT/post_eval/TCGA_LUNG_Classification/ROI/roi_overlap_results.csv,True,True
TCGA-60-2716-01Z-00-DX1.28642302-a114-4e80-b9db-c04eee7d92d8,Pathology-CoT,TCGA_LUNG_Classification,0.05,1,True,1.0,1.0,1.0,1.0,1.0,1.0,0.0143,0.0143,/work/Agent_benchmark/Pathology-CoT/post_eval/TCGA_LUNG_Classification/ROI/roi_overlap_results.csv,False,True
TCGA-60-2719-01Z-00-DX1.e834671a-7468-4517-bf95-4e100f87e9a3,Pathology-CoT,TCGA_LUNG_Classification,0.05,4,True,1.0,1.0,0.8258,1.0,0.8258,0.8233,0.0144,0.0143,/work/Agent_benchmark/Pathology-CoT/post_eval/TCGA_LUNG_Classification/ROI/roi_overlap_results.csv,True,True
TCGA-60-2720-01Z-00-DX1.5ff16714-210d-44c3-856a-5877fd06e986,Pathology-CoT,TCGA_LUNG_Classification,0.05,10,True,1.0,1.0,0.98397,1.0,0.98397,0.9844,0.0638,0.0638,/work/Agent_benchmark/Pathology-CoT/post_eval/TCGA_LUNG_Classification/ROI/roi_overlap_results.csv,True,True
TCGA-60-2721-01Z-00-DX1.8ea139d5-018b-4a66-915e-4784c808742e,Pathology-CoT,TCGA_LUNG_Classification,0.05,1,True,1.0,0.1812,0.1812,0.1812,0.1812,0.1812,0.0088,0.0085,/work/Agent_benchmark/Pathology-CoT/post_eval/TCGA_LUNG_Classification/ROI/roi_overlap_results.csv,True,True
TCGA-60-2722-01Z-00-DX1.f3781266-e8dc-4386-9702-5b29e6f2cfa3,Pathology-CoT,TCGA_LUNG_Classification,0.05,4,True,2.0,0.997,0.40115,0.997,0.8023,0.5196,0.0517,0.0494,/work/Agent_benchmark/Pathology-CoT/post_eval/TCGA_LUNG_Classification/ROI/roi_overlap_results.csv,False,True
TCGA-60-2723-01Z-00-DX1.1c12de5a-5d31-468e-9169-feb23d24e7d6,Pathology-CoT,TCGA_LUNG_Classification,0.05,7,True,1.0,1.0,1.0,1.0,1.0,1.0,0.0888,0.0888,/work/Agent_benchmark/Pathology-CoT/post_eval/TCGA_LUNG_Classification/ROI/roi_overlap_results.csv,True,True
TCGA-60-2724-01Z-00-DX1.98f9e48f-9c09-4969-aa34-05666616ee9a,Pathology-CoT,TCGA_LUNG_Classification,0.05,1,True,1.0,0.8869,0.8869,0.8869,0.8869,0.8869,0.0312,0.0311,/work/Agent_benchmark/Pathology-CoT/post_eval/TCGA_LUNG_Classification/ROI/roi_overlap_results.csv,True,True
TCGA-60-2725-01Z-00-DX1.b9d038d6-c2fb-4e46-a4ef-80fdbfb56d0a,Pathology-CoT,TCGA_LUNG_Classification,0.05,2,True,1.0,1.0,0.99865,1.0,0.99865,0.9982,0.0452,0.0452,/work/Agent_benchmark/Pathology-CoT/post_eval/TCGA_LUNG_Classification/ROI/roi_overlap_results.csv,True,True
TCGA-60-2726-01Z-00-DX1.3c30934b-c93a-4dad-9c44-b417eae17137,Pathology-CoT,TCGA_LUNG_Classification,0.05,1,True,1.0,1.0,1.0,1.0,1.0,1.0,0.0097,0.0097,/work/Agent_benchmark/Pathology-CoT/post_eval/TCGA_LUNG_Classification/ROI/roi_overlap_results.csv,True,True
TCGA-62-A46O-01Z-00-DX1.39B361AD-ED1D-4C0C-8611-0E8CCBDBD252,Pathology-CoT,TCGA_LUNG_Classification,0.05,3,True,2.0,0.9504,0.5174666666666666,0.9504,0.7762,0.4719,0.0437,0.0416,/work/Agent_benchmark/Pathology-CoT/post_eval/TCGA_LUNG_Classification/ROI/roi_overlap_results.csv,True,True
TCGA-62-A46P-01Z-00-DX1.9136CC96-51B9-4FEB-8BCF-2C3676C708B1,Pathology-CoT,TCGA_LUNG_Classification,0.05,1,True,1.0,0.9447,0.9447,0.9447,0.9447,0.9447,0.0704,0.0701,/work/Agent_benchmark/Pathology-CoT/post_eval/TCGA_LUNG_Classification/ROI/roi_overlap_results.csv,True,True
TCGA-62-A46R-01Z-00-DX1.AD823FBA-A63F-4D36-8B84-2C995DE5FC47,Pathology-CoT,TCGA_LUNG_Classification,0.05,1,True,1.0,1.0,1.0,1.0,1.0,1.0,0.0286,0.0286,/work/Agent_benchmark/Pathology-CoT/post_eval/TCGA_LUNG_Classification/ROI/roi_overlap_results.csv,True,True
TCGA-62-A46S-01Z-00-DX1.7A8A6F38-76EA-4F43-BC03-1C42E6787E33,Pathology-CoT,TCGA_LUNG_Classification,0.05,1,True,1.0,1.0,1.0,1.0,1.0,1.0,0.0064,0.0064,/work/Agent_benchmark/Pathology-CoT/post_eval/TCGA_LUNG_Classification/ROI/roi_overlap_results.csv,True,True
TCGA-62-A46U-01Z-00-DX1.5129535F-8B6A-4647-8A88-3EE125642874,Pathology-CoT,TCGA_LUNG_Classification,0.05,1,False,,0.0,0.0,,,0.0,0.0,0.0,/work/Agent_benchmark/Pathology-CoT/post_eval/TCGA_LUNG_Classification/ROI/roi_overlap_results.csv,True,True
TCGA-62-A46V-01Z-00-DX1.631E54D0-9E57-4932-B4EF-81820E56A95B,Pathology-CoT,TCGA_LUNG_Classification,0.05,10,True,1.0,1.0,1.0,1.0,1.0,1.0,0.0807,0.0807,/work/Agent_benchmark/Pathology-CoT/post_eval/TCGA_LUNG_Classification/ROI/roi_overlap_results.csv,True,True
TCGA-62-A470-01Z-00-DX1.3983A979-E756-413C-941A-C8B83AD3BBA7,Pathology-CoT,TCGA_LUNG_Classification,0.05,10,True,1.0,1.0,1.0,1.0,1.0,1.0,0.073,0.073,/work/Agent_benchmark/Pathology-CoT/post_eval/TCGA_LUNG_Classification/ROI/roi_overlap_results.csv,True,True
TCGA-62-A471-01Z-00-DX1.51A235BB-7F67-4C0D-8B15-2E26116D8822,Pathology-CoT,TCGA_LUNG_Classification,0.05,2,True,1.0,1.0,0.9452499999999999,1.0,0.9452499999999999,0.9736,0.06,0.0599,/work/Agent_benchmark/Pathology-CoT/post_eval/TCGA_LUNG_Classification/ROI/roi_overlap_results.csv,False,True
TCGA-62-A472-01Z-00-DX1.C2F76C9A-C51A-4521-9B95-2A20063E9931,Pathology-CoT,TCGA_LUNG_Classification,0.05,10,True,1.0,1.0,0.49576000000000003,1.0,0.7082285714285714,0.5602,0.0629,0.0599,/work/Agent_benchmark/Pathology-CoT/post_eval/TCGA_LUNG_Classification/ROI/roi_overlap_results.csv,True,True
TCGA-63-5128-01Z-00-DX1.7D6C6ABF-D035-4F48-811B-629A0B4AD597,Pathology-CoT,TCGA_LUNG_Classification,0.05,1,True,1.0,0.9711,0.9711,0.9711,0.9711,0.9711,0.0087,0.0087,/work/Agent_benchmark/Pathology-CoT/post_eval/TCGA_LUNG_Classification/ROI/roi_overlap_results.csv,True,True
TCGA-63-5131-01Z-00-DX1.C1C3724A-D9FC-46D6-9D7B-9357A58ACAEF,Pathology-CoT,TCGA_LUNG_Classification,0.05,8,True,1.0,1.0,1.0,1.0,1.0,1.0,0.0899,0.0899,/work/Agent_benchmark/Pathology-CoT/post_eval/TCGA_LUNG_Classification/ROI/roi_overlap_results.csv,True,True
TCGA-63-6202-01Z-00-DX1.A0A13923-E41B-4A6D-BC55-532D8E90DE0F,Pathology-CoT,TCGA_LUNG_Classification,0.05,10,True,4.0,1.0,0.49813999999999997,1.0,0.9962799999999999,0.504,0.121,0.1081,/work/Agent_benchmark/Pathology-CoT/post_eval/TCGA_LUNG_Classification/ROI/roi_overlap_results.csv,True,True
TCGA-63-7020-01Z-00-DX1.33435AC2-9EBC-422C-89DB-962153E8F3F6,Pathology-CoT,TCGA_LUNG_Classification,0.05,4,True,1.0,1.0,0.76995,1.0,0.76995,0.8449,0.0179,0.0178,/work/Agent_benchmark/Pathology-CoT/post_eval/TCGA_LUNG_Classification/ROI/roi_overlap_results.csv,True,True
TCGA-63-7021-01Z-00-DX1.568DD2DB-2196-4817-AA00-8843F9A24A62,Pathology-CoT,TCGA_LUNG_Classification,0.05,1,False,,0.0,0.0,,,0.0,0.0,0.0,/work/Agent_benchmark/Pathology-CoT/post_eval/TCGA_LUNG_Classification/ROI/roi_overlap_results.csv,True,True
TCGA-63-7022-01Z-00-DX1.93EE6221-32E1-4E97-ABDB-E1814B655852,Pathology-CoT,TCGA_LUNG_Classification,0.05,4,True,1.0,1.0,1.0,1.0,1.0,1.0,0.0275,0.0275,/work/Agent_benchmark/Pathology-CoT/post_eval/TCGA_LUNG_Classification/ROI/roi_overlap_results.csv,True,True
TCGA-63-7023-01Z-00-DX1.B2435594-037A-40F2-B90F-60B76D2C859D,Pathology-CoT,TCGA_LUNG_Classification,0.05,1,False,,0.0,0.0,,,0.0,0.0,0.0,/work/Agent_benchmark/Pathology-CoT/post_eval/TCGA_LUNG_Classification/ROI/roi_overlap_results.csv,True,True
TCGA-63-A5M9-01Z-00-DX1.4E04AC12-6DAC-4DA2-A991-AFCD42FA1CF2,Pathology-CoT,TCGA_LUNG_Classification,0.05,2,True,1.0,1.0,0.9956499999999999,1.0,0.9956499999999999,0.9953,0.0801,0.0801,/work/Agent_benchmark/Pathology-CoT/post_eval/TCGA_LUNG_Classification/ROI/roi_overlap_results.csv,False,True
TCGA-63-A5MB-01Z-00-DX1.BA2648E1-4683-4992-A00C-96179C51A002,Pathology-CoT,TCGA_LUNG_Classification,0.05,1,True,1.0,1.0,1.0,1.0,1.0,1.0,0.0039,0.0039,/work/Agent_benchmark/Pathology-CoT/post_eval/TCGA_LUNG_Classification/ROI/roi_overlap_results.csv,True,True
TCGA-63-A5MG-01Z-00-DX1.EC6B6782-C52F-42B5-AD91-AB718B7EE1A6,Pathology-CoT,TCGA_LUNG_Classification,0.05,10,True,1.0,1.0,0.7602499999999999,1.0,0.9503125,0.6807,0.0298,0.0294,/work/Agent_benchmark/Pathology-CoT/post_eval/TCGA_LUNG_Classification/ROI/roi_overlap_results.csv,True,True
TCGA-63-A5MH-01Z-00-DX1.596077FF-9CE1-4EA7-9BB6-222C69872CA4,Pathology-CoT,TCGA_LUNG_Classification,0.05,2,True,1.0,1.0,1.0,1.0,1.0,1.0,0.019,0.019,/work/Agent_benchmark/Pathology-CoT/post_eval/TCGA_LUNG_Classification/ROI/roi_overlap_results.csv,True,True
TCGA-63-A5MI-01Z-00-DX1.D9A91E42-FF46-4A88-90A0-2A0214634EB4,Pathology-CoT,TCGA_LUNG_Classification,0.05,1,False,,0.0,0.0,,,0.0,0.0,0.0,/work/Agent_benchmark/Pathology-CoT/post_eval/TCGA_LUNG_Classification/ROI/roi_overlap_results.csv,True,True
TCGA-63-A5MJ-01Z-00-DX1.4F060025-3A21-4FEB-8A63-F55A95BFBA30,Pathology-CoT,TCGA_LUNG_Classification,0.05,1,True,1.0,1.0,1.0,1.0,1.0,1.0,0.0148,0.0148,/work/Agent_benchmark/Pathology-CoT/post_eval/TCGA_LUNG_Classification/ROI/roi_overlap_results.csv,True,True
TCGA-63-A5ML-01Z-00-DX1.14703756-F6F7-4EEF-A462-7D40910AE04D,Pathology-CoT,TCGA_LUNG_Classification,0.05,6,True,1.0,1.0,1.0,1.0,1.0,1.0,0.0347,0.0347,/work/Agent_benchmark/Pathology-CoT/post_eval/TCGA_LUNG_Classification/ROI/roi_overlap_results.csv,True,True
TCGA-63-A5MM-01Z-00-DX1.F385687A-3741-4E73-87F1-D9B00B1B6186,Pathology-CoT,TCGA_LUNG_Classification,0.05,1,True,1.0,0.0587,0.0587,0.0587,0.0587,0.0587,0.0034,0.0032,/work/Agent_benchmark/Pathology-CoT/post_eval/TCGA_LUNG_Classification/ROI/roi_overlap_results.csv,True,True
TCGA-63-A5MN-01Z-00-DX1.34F9BFA5-847A-456B-8159-7993A0F78543,Pathology-CoT,TCGA_LUNG_Classification,0.05,5,True,1.0,1.0,1.0,1.0,1.0,1.0,0.0225,0.0225,/work/Agent_benchmark/Pathology-CoT/post_eval/TCGA_LUNG_Classification/ROI/roi_overlap_results.csv,True,True
TCGA-63-A5MP-01Z-00-DX1.BBA62567-2E99-4AE4-83DB-DCF044F21C5E,Pathology-CoT,TCGA_LUNG_Classification,0.05,2,True,1.0,1.0,1.0,1.0,1.0,1.0,0.0111,0.0111,/work/Agent_benchmark/Pathology-CoT/post_eval/TCGA_LUNG_Classification/ROI/roi_overlap_results.csv,True,True
TCGA-63-A5MR-01Z-00-DX1.CCF83112-AEEA-4F76-A43F-2AADE321CE68,Pathology-CoT,TCGA_LUNG_Classification,0.05,1,True,1.0,1.0,1.0,1.0,1.0,1.0,0.0341,0.0341,/work/Agent_benchmark/Pathology-CoT/post_eval/TCGA_LUNG_Classification/ROI/roi_overlap_results.csv,True,True
TCGA-63-A5MS-01Z-00-DX1.F58D7779-B8E0-4086-AF14-256B812F83CE,Pathology-CoT,TCGA_LUNG_Classification,0.05,1,True,1.0,1.0,1.0,1.0,1.0,1.0,0.012,0.012,/work/Agent_benchmark/Pathology-CoT/post_eval/TCGA_LUNG_Classification/ROI/roi_overlap_results.csv,True,True
TCGA-63-A5MT-01Z-00-DX1.9F168173-804C-49CA-B157-7970CB55ED93,Pathology-CoT,TCGA_LUNG_Classification,0.05,1,False,,0.0,0.0,,,0.0,0.0,0.0,/work/Agent_benchmark/Pathology-CoT/post_eval/TCGA_LUNG_Classification/ROI/roi_overlap_results.csv,True,True
TCGA-63-A5MU-01Z-00-DX1.C80B700E-D924-4A6F-AC8E-D9C91D452A57,Pathology-CoT,TCGA_LUNG_Classification,0.05,1,False,,0.0,0.0,,,0.0,0.0,0.0,/work/Agent_benchmark/Pathology-CoT/post_eval/TCGA_LUNG_Classification/ROI/roi_overlap_results.csv,True,True
TCGA-63-A5MV-01Z-00-DX1.72B97C7E-0AE9-468B-9E85-C98BA40CBBCB,Pathology-CoT,TCGA_LUNG_Classification,0.05,1,True,1.0,1.0,1.0,1.0,1.0,1.0,0.0194,0.0194,/work/Agent_benchmark/Pathology-CoT/post_eval/TCGA_LUNG_Classification/ROI/roi_overlap_results.csv,True,True
TCGA-63-A5MW-01Z-00-DX1.DEDF1D36-BBFA-4B25-BE54-262025F9F571,Pathology-CoT,TCGA_LUNG_Classification,0.05,1,True,1.0,1.0,1.0,1.0,1.0,1.0,0.0482,0.0482,/work/Agent_benchmark/Pathology-CoT/post_eval/TCGA_LUNG_Classification/ROI/roi_overlap_results.csv,True,True
TCGA-63-A5MY-01Z-00-DX1.D3753889-13DC-40D4-8845-22A168F35256,Pathology-CoT,TCGA_LUNG_Classification,0.05,2,True,1.0,1.0,1.0,1.0,1.0,1.0,0.0885,0.0885,/work/Agent_benchmark/Pathology-CoT/post_eval/TCGA_LUNG_Classification/ROI/roi_overlap_results.csv,True,True
TCGA-64-1676-01Z-00-DX1.3B8F1FAC-0FB2-45DE-AFA1-6ED451A4A61B,Pathology-CoT,TCGA_LUNG_Classification,0.05,2,False,,0.0,0.0,,,0.0,0.0,0.0,/work/Agent_benchmark/Pathology-CoT/post_eval/TCGA_LUNG_Classification/ROI/roi_overlap_results.csv,True,True
TCGA-64-1677-01Z-00-DX1.7720D42B-1F57-4C23-9BC5-87C456E7737B,Pathology-CoT,TCGA_LUNG_Classification,0.05,1,True,1.0,1.0,1.0,1.0,1.0,1.0,0.0432,0.0432,/work/Agent_benchmark/Pathology-CoT/post_eval/TCGA_LUNG_Classification/ROI/roi_overlap_results.csv,True,True
TCGA-64-1678-01Z-00-DX1.92C851BD-37AC-4C4C-9920-DF394411CC2C,Pathology-CoT,TCGA_LUNG_Classification,0.05,10,True,3.0,1.0,0.43043999999999993,1.0,0.8501799999999999,0.4266,0.0267,0.0257,/work/Agent_benchmark/Pathology-CoT/post_eval/TCGA_LUNG_Classification/ROI/roi_overlap_results.csv,True,True
TCGA-64-1679-01Z-00-DX1.f9fd24ef-d51c-4530-9fb5-e8a8f09dba73,Pathology-CoT,TCGA_LUNG_Classification,0.05,3,False,,0.0093,0.0031,,,0.0032,0.0001,0.0001,/work/Agent_benchmark/Pathology-CoT/post_eval/TCGA_LUNG_Classification/ROI/roi_overlap_results.csv,True,True
TCGA-64-1680-01Z-00-DX1.9CB14F20-E7B0-49A1-A327-404B3160FD65,Pathology-CoT,TCGA_LUNG_Classification,0.05,1,True,1.0,1.0,1.0,1.0,1.0,1.0,0.0355,0.0355,/work/Agent_benchmark/Pathology-CoT/post_eval/TCGA_LUNG_Classification/ROI/roi_overlap_results.csv,False,True
TCGA-64-1681-01Z-00-DX1.fb0244f6-51a8-4da2-b45c-38d8e02edab7,Pathology-CoT,TCGA_LUNG_Classification,0.05,1,True,1.0,1.0,1.0,1.0,1.0,1.0,0.0248,0.0248,/work/Agent_benchmark/Pathology-CoT/post_eval/TCGA_LUNG_Classification/ROI/roi_overlap_results.csv,True,True
TCGA-64-5774-01Z-00-DX1.5E3B95EB-BF45-4687-BCF7-AA2A41AA806C,Pathology-CoT,TCGA_LUNG_Classification,0.05,8,True,1.0,1.0,1.0,1.0,1.0,1.0,0.0668,0.0668,/work/Agent_benchmark/Pathology-CoT/post_eval/TCGA_LUNG_Classification/ROI/roi_overlap_results.csv,True,True
TCGA-64-5775-01Z-00-DX1.9A338C1A-CDB6-41AF-B6D5-EDE608B5E3E1,Pathology-CoT,TCGA_LUNG_Classification,0.05,1,False,,0.0,0.0,,,0.0,0.0,0.0,/work/Agent_benchmark/Pathology-CoT/post_eval/TCGA_LUNG_Classification/ROI/roi_overlap_results.csv,False,True
TCGA-64-5778-01Z-00-DX1.96C39819-8A65-4651-BE83-39959F6FAD05,Pathology-CoT,TCGA_LUNG_Classification,0.05,1,True,1.0,1.0,1.0,1.0,1.0,1.0,0.018,0.018,/work/Agent_benchmark/Pathology-CoT/post_eval/TCGA_LUNG_Classification/ROI/roi_overlap_results.csv,False,True
TCGA-64-5779-01Z-00-DX1.B3268447-DCE0-4927-B5A9-EC4D61E9B17D,Pathology-CoT,TCGA_LUNG_Classification,0.05,3,True,1.0,1.0,1.0,1.0,1.0,1.0,0.086,0.086,/work/Agent_benchmark/Pathology-CoT/post_eval/TCGA_LUNG_Classification/ROI/roi_overlap_results.csv,False,True
TCGA-64-5781-01Z-00-DX1.81474D4D-6B48-473F-BAA9-ABD75C9223C3,Pathology-CoT,TCGA_LUNG_Classification,0.05,1,True,1.0,1.0,1.0,1.0,1.0,1.0,0.0323,0.0323,/work/Agent_benchmark/Pathology-CoT/post_eval/TCGA_LUNG_Classification/ROI/roi_overlap_results.csv,False,True
TCGA-64-5815-01Z-00-DX1.1E3600B5-7E83-47BE-AC70-E0C2D623740B,Pathology-CoT,TCGA_LUNG_Classification,0.05,2,True,1.0,1.0,1.0,1.0,1.0,1.0,0.0152,0.0152,/work/Agent_benchmark/Pathology-CoT/post_eval/TCGA_LUNG_Classification/ROI/roi_overlap_results.csv,False,True
TCGA-66-2727-01Z-00-DX1.cab55166-3a9a-4f2e-9f7a-33859ab32d12,Pathology-CoT,TCGA_LUNG_Classification,0.05,10,True,1.0,1.0,0.8,1.0,1.0,0.8068,0.08,0.0785,/work/Agent_benchmark/Pathology-CoT/post_eval/TCGA_LUNG_Classification/ROI/roi_overlap_results.csv,True,True
TCGA-66-2734-01Z-00-DX1.2c23bc49-e2be-480a-b6a8-d3259a584930,Pathology-CoT,TCGA_LUNG_Classification,0.05,10,True,1.0,1.0,1.0,1.0,1.0,1.0,0.0308,0.0308,/work/Agent_benchmark/Pathology-CoT/post_eval/TCGA_LUNG_Classification/ROI/roi_overlap_results.csv,True,True
TCGA-66-2737-01Z-00-DX1.3c508c22-fadc-4b05-ada4-b447b21e098c,Pathology-CoT,TCGA_LUNG_Classification,0.05,10,True,1.0,1.0,0.99176,1.0,0.99176,0.9631,0.0724,0.0722,/work/Agent_benchmark/Pathology-CoT/post_eval/TCGA_LUNG_Classification/ROI/roi_overlap_results.csv,False,True
TCGA-66-2742-01Z-00-DX1.8fdd6990-a08c-457b-80e4-586c619a784e,Pathology-CoT,TCGA_LUNG_Classification,0.05,4,True,1.0,1.0,1.0,1.0,1.0,1.0,0.0251,0.0251,/work/Agent_benchmark/Pathology-CoT/post_eval/TCGA_LUNG_Classification/ROI/roi_overlap_results.csv,True,True
TCGA-66-2744-01Z-00-DX1.e67796a0-fc9e-4137-8cbf-fae91ea90a7c,Pathology-CoT,TCGA_LUNG_Classification,0.05,10,True,1.0,1.0,0.83231,1.0,0.9247888888888889,0.8021,0.0589,0.0581,/work/Agent_benchmark/Pathology-CoT/post_eval/TCGA_LUNG_Classification/ROI/roi_overlap_results.csv,False,True
TCGA-66-2753-01Z-00-DX1.ae9d8372-adb8-46f9-a140-2f0a1ddff579,Pathology-CoT,TCGA_LUNG_Classification,0.05,1,True,1.0,1.0,1.0,1.0,1.0,1.0,0.0026,0.0026,/work/Agent_benchmark/Pathology-CoT/post_eval/TCGA_LUNG_Classification/ROI/roi_overlap_results.csv,False,True
TCGA-66-2754-01Z-00-DX1.3cd19122-06f3-420e-9c3f-362225ff49eb,Pathology-CoT,TCGA_LUNG_Classification,0.05,1,True,1.0,1.0,1.0,1.0,1.0,1.0,0.0109,0.0109,/work/Agent_benchmark/Pathology-CoT/post_eval/TCGA_LUNG_Classification/ROI/roi_overlap_results.csv,True,True
TCGA-66-2755-01Z-00-DX1.ccc904f0-4cd3-44a5-8b68-7272f2a7558f,Pathology-CoT,TCGA_LUNG_Classification,0.05,1,True,1.0,1.0,1.0,1.0,1.0,1.0,0.0066,0.0066,/work/Agent_benchmark/Pathology-CoT/post_eval/TCGA_LUNG_Classification/ROI/roi_overlap_results.csv,True,True
TCGA-66-2756-01Z-00-DX1.e6bda67d-2647-4751-9c16-b711933a1d6c,Pathology-CoT,TCGA_LUNG_Classification,0.05,10,True,1.0,1.0,1.0,1.0,1.0,1.0,0.2227,0.2227,/work/Agent_benchmark/Pathology-CoT/post_eval/TCGA_LUNG_Classification/ROI/roi_overlap_results.csv,True,True
TCGA-66-2757-01Z-00-DX1.fa182184-fbf1-46ab-bdae-6f383441fd85,Pathology-CoT,TCGA_LUNG_Classification,0.05,10,True,1.0,1.0,1.0,1.0,1.0,1.0,0.126,0.126,/work/Agent_benchmark/Pathology-CoT/post_eval/TCGA_LUNG_Classification/ROI/roi_overlap_results.csv,False,True
TCGA-66-2758-01Z-00-DX1.23611c66-bd21-47d1-abb0-2f3da38c377f,Pathology-CoT,TCGA_LUNG_Classification,0.05,5,True,1.0,1.0,1.0,1.0,1.0,1.0,0.074,0.074,/work/Agent_benchmark/Pathology-CoT/post_eval/TCGA_LUNG_Classification/ROI/roi_overlap_results.csv,True,True
TCGA-66-2759-01Z-00-DX1.10135ce3-22d5-4802-907d-057fe54f5554,Pathology-CoT,TCGA_LUNG_Classification,0.05,5,True,1.0,1.0,0.8,1.0,1.0,0.3031,0.0191,0.0183,/work/Agent_benchmark/Pathology-CoT/post_eval/TCGA_LUNG_Classification/ROI/roi_overlap_results.csv,True,True
TCGA-66-2763-01Z-00-DX1.99bc6dec-4e57-45bb-8d94-4dc38657d852,Pathology-CoT,TCGA_LUNG_Classification,0.05,10,True,1.0,1.0,1.0,1.0,1.0,1.0,0.0565,0.0565,/work/Agent_benchmark/Pathology-CoT/post_eval/TCGA_LUNG_Classification/ROI/roi_overlap_results.csv,False,True
TCGA-66-2765-01Z-00-DX1.c9d8b0f7-b2c8-45ea-8bd1-81e231fd6e91,Pathology-CoT,TCGA_LUNG_Classification,0.05,10,True,1.0,1.0,0.93003,1.0,0.93003,0.9258,0.0466,0.0465,/work/Agent_benchmark/Pathology-CoT/post_eval/TCGA_LUNG_Classification/ROI/roi_overlap_results.csv,False,True
TCGA-66-2766-01Z-00-DX1.05729d5f-7c12-44e1-9a61-90296f555e89,Pathology-CoT,TCGA_LUNG_Classification,0.05,10,True,1.0,1.0,1.0,1.0,1.0,1.0,0.0436,0.0436,/work/Agent_benchmark/Pathology-CoT/post_eval/TCGA_LUNG_Classification/ROI/roi_overlap_results.csv,True,True
TCGA-66-2767-01Z-00-DX1.7bcc7633-3e70-46e3-8689-542c23577ed1,Pathology-CoT,TCGA_LUNG_Classification,0.05,10,True,1.0,1.0,0.9143699999999999,1.0,0.9143699999999999,0.761,0.0468,0.0461,/work/Agent_benchmark/Pathology-CoT/post_eval/TCGA_LUNG_Classification/ROI/roi_overlap_results.csv,True,True
TCGA-66-2768-01Z-00-DX1.02fadcc4-9d05-4b37-9114-d8e80c09ef1a,Pathology-CoT,TCGA_LUNG_Classification,0.05,8,True,1.0,1.0,0.398475,1.0,0.6365000000000001,0.2703,0.0168,0.016,/work/Agent_benchmark/Pathology-CoT/post_eval/TCGA_LUNG_Classification/ROI/roi_overlap_results.csv,False,True
TCGA-66-2769-01Z-00-DX1.101b6493-a7b3-42cf-ae2f-a90948f3fb8f,Pathology-CoT,TCGA_LUNG_Classification,0.05,7,True,1.0,1.0,0.8039285714285713,1.0,0.8039285714285713,0.8658,0.0405,0.0403,/work/Agent_benchmark/Pathology-CoT/post_eval/TCGA_LUNG_Classification/ROI/roi_overlap_results.csv,True,True
TCGA-66-2770-01Z-00-DX1.c11eb894-06a2-4bd0-92da-70fe024b07f1,Pathology-CoT,TCGA_LUNG_Classification,0.05,9,True,1.0,1.0,1.0,1.0,1.0,1.0,0.0995,0.0995,/work/Agent_benchmark/Pathology-CoT/post_eval/TCGA_LUNG_Classification/ROI/roi_overlap_results.csv,True,True
TCGA-66-2770-01Z-00-DX2.58f25170-ac3a-471a-80a0-0586f2ae1669,Pathology-CoT,TCGA_LUNG_Classification,0.05,9,True,1.0,1.0,0.9301222222222223,1.0,0.9301222222222223,0.8845,0.1049,0.1035,/work/Agent_benchmark/Pathology-CoT/post_eval/TCGA_LUNG_Classification/ROI/roi_overlap_results.csv,True,True
TCGA-66-2771-01Z-00-DX1.b84a28ec-2726-4386-9445-0f5ca351d985,Pathology-CoT,TCGA_LUNG_Classification,0.05,1,True,1.0,1.0,1.0,1.0,1.0,1.0,0.0087,0.0087,/work/Agent_benchmark/Pathology-CoT/post_eval/TCGA_LUNG_Classification/ROI/roi_overlap_results.csv,False,True
TCGA-66-2773-01Z-00-DX1.70fe76fc-749d-4720-a97e-40cd097f2340,Pathology-CoT,TCGA_LUNG_Classification,0.05,7,True,1.0,1.0,0.6991428571428572,1.0,0.9788,0.7275,0.1585,0.1496,/work/Agent_benchmark/Pathology-CoT/post_eval/TCGA_LUNG_Classification/ROI/roi_overlap_results.csv,False,True
TCGA-66-2777-01Z-00-DX1.78b3c4b0-e7e5-427b-b4d7-3ca9c5b7bbd6,Pathology-CoT,TCGA_LUNG_Classification,0.05,2,True,1.0,1.0,0.5,1.0,1.0,0.401,0.1119,0.0959,/work/Agent_benchmark/Pathology-CoT/post_eval/TCGA_LUNG_Classification/ROI/roi_overlap_results.csv,True,True
TCGA-66-2778-01Z-00-DX1.5806ab4d-fdde-45b6-a131-fd5f71bcde0b,Pathology-CoT,TCGA_LUNG_Classification,0.05,10,True,1.0,1.0,0.9201900000000001,1.0,0.9201900000000001,0.7577,0.0293,0.029,/work/Agent_benchmark/Pathology-CoT/post_eval/TCGA_LUNG_Classification/ROI/roi_overlap_results.csv,False,True
TCGA-66-2780-01Z-00-DX1.895b75f9-6127-49f9-8106-0161b5de18ec,Pathology-CoT,TCGA_LUNG_Classification,0.05,10,True,1.0,1.0,0.5,1.0,1.0,0.7596,0.0543,0.0534,/work/Agent_benchmark/Pathology-CoT/post_eval/TCGA_LUNG_Classification/ROI/roi_overlap_results.csv,True,True
TCGA-66-2781-01Z-00-DX1.ed9ff5b7-7c66-4bf7-bfb5-ca48b9e1a54e,Pathology-CoT,TCGA_LUNG_Classification,0.05,10,True,1.0,1.0,0.9985800000000001,1.0,0.9985800000000001,0.9996,0.1207,0.1207,/work/Agent_benchmark/Pathology-CoT/post_eval/TCGA_LUNG_Classification/ROI/roi_overlap_results.csv,True,True
TCGA-66-2783-01Z-00-DX1.34df2ea9-f8d8-448e-bd54-02364f434355,Pathology-CoT,TCGA_LUNG_Classification,0.05,1,False,,0.0,0.0,,,0.0,0.0,0.0,/work/Agent_benchmark/Pathology-CoT/post_eval/TCGA_LUNG_Classification/ROI/roi_overlap_results.csv,True,True
TCGA-66-2785-01Z-00-DX1.b9439ee1-d22b-4ccd-b53b-ce7717a37a17,Pathology-CoT,TCGA_LUNG_Classification,0.05,10,True,1.0,1.0,0.6874,1.0,0.7637777777777779,0.6736,0.133,0.125,/work/Agent_benchmark/Pathology-CoT/post_eval/TCGA_LUNG_Classification/ROI/roi_overlap_results.csv,True,True
TCGA-66-2786-01Z-00-DX1.5fd5c25f-cb17-4650-b59e-122c6ddafe86,Pathology-CoT,TCGA_LUNG_Classification,0.05,8,True,2.0,1.0,0.5,1.0,1.0,0.3812,0.046,0.0428,/work/Agent_benchmark/Pathology-CoT/post_eval/TCGA_LUNG_Classification/ROI/roi_overlap_results.csv,True,True
TCGA-67-3770-01Z-00-DX1.4C14BE72-905C-4AAE-B07A-6437D98A23FA,Pathology-CoT,TCGA_LUNG_Classification,0.05,2,True,1.0,1.0,1.0,1.0,1.0,1.0,0.1043,0.1043,/work/Agent_benchmark/Pathology-CoT/post_eval/TCGA_LUNG_Classification/ROI/roi_overlap_results.csv,False,True
TCGA-67-3771-01Z-00-DX1.7B54D132-6AB7-4F2D-8BFF-33AFE83CF204,Pathology-CoT,TCGA_LUNG_Classification,0.05,1,False,,0.0,0.0,,,0.0,0.0,0.0,/work/Agent_benchmark/Pathology-CoT/post_eval/TCGA_LUNG_Classification/ROI/roi_overlap_results.csv,True,True
TCGA-67-3772-01Z-00-DX1.CB05C5CC-2801-4BB9-94A0-83E9005BCA2E,Pathology-CoT,TCGA_LUNG_Classification,0.05,1,False,,0.0,0.0,,,0.0,0.0,0.0,/work/Agent_benchmark/Pathology-CoT/post_eval/TCGA_LUNG_Classification/ROI/roi_overlap_results.csv,True,True
TCGA-67-3773-01Z-00-DX1.3E9DFC22-E962-4C18-BF5B-27EBEA089F5D,Pathology-CoT,TCGA_LUNG_Classification,0.05,10,True,1.0,1.0,0.48878000000000005,1.0,0.9775600000000001,0.501,0.3014,0.2318,/work/Agent_benchmark/Pathology-CoT/post_eval/TCGA_LUNG_Classification/ROI/roi_overlap_results.csv,False,True
TCGA-67-3774-01Z-00-DX1.FE85FDCB-91D2-47C5-8D13-D622A51A7BE0,Pathology-CoT,TCGA_LUNG_Classification,0.05,1,True,1.0,1.0,1.0,1.0,1.0,1.0,0.0036,0.0036,/work/Agent_benchmark/Pathology-CoT/post_eval/TCGA_LUNG_Classification/ROI/roi_overlap_results.csv,True,True
TCGA-67-4679-01Z-00-DX1.a3d84341-fed7-4235-a053-638ed5294954,Pathology-CoT,TCGA_LUNG_Classification,0.05,1,False,,0.0,0.0,,,0.0,0.0,0.0,/work/Agent_benchmark/Pathology-CoT/post_eval/TCGA_LUNG_Classification/ROI/roi_overlap_results.csv,True,True
TCGA-67-6215-01Z-00-DX1.c014ffaf-6db8-42ef-a50c-9de98d6a5345,Pathology-CoT,TCGA_LUNG_Classification,0.05,1,False,,0.0,0.0,,,0.0,0.0,0.0,/work/Agent_benchmark/Pathology-CoT/post_eval/TCGA_LUNG_Classification/ROI/roi_overlap_results.csv,True,True
TCGA-67-6216-01Z-00-DX1.04da6a64-bd3a-48ed-bc99-d651e00a1aa4,Pathology-CoT,TCGA_LUNG_Classification,0.05,7,True,1.0,0.9407,0.32845714285714284,0.9407,0.7664,0.3694,0.1138,0.0953,/work/Agent_benchmark/Pathology-CoT/post_eval/TCGA_LUNG_Classification/ROI/roi_overlap_results.csv,True,True
TCGA-67-6217-01Z-00-DX1.3fa5c69b-60d1-41fb-a86f-48f77d81285f,Pathology-CoT,TCGA_LUNG_Classification,0.05,5,True,1.0,1.0,0.4,1.0,1.0,0.3862,0.0605,0.0552,/work/Agent_benchmark/Pathology-CoT/post_eval/TCGA_LUNG_Classification/ROI/roi_overlap_results.csv,True,True
TCGA-69-7760-01Z-00-DX1.7fc295e3-5bfc-4017-801c-491489d0eb34,Pathology-CoT,TCGA_LUNG_Classification,0.05,4,True,1.0,1.0,1.0,1.0,1.0,1.0,0.0488,0.0488,/work/Agent_benchmark/Pathology-CoT/post_eval/TCGA_LUNG_Classification/ROI/roi_overlap_results.csv,True,True
TCGA-69-7761-01Z-00-DX1.aa7ef5ef-8162-4961-a923-3a29646efba3,Pathology-CoT,TCGA_LUNG_Classification,0.05,10,True,3.0,1.0,0.5,1.0,1.0,0.3503,0.0694,0.0615,/work/Agent_benchmark/Pathology-CoT/post_eval/TCGA_LUNG_Classification/ROI/roi_overlap_results.csv,True,True
TCGA-69-7763-01Z-00-DX1.33203e8a-43e9-4e3e-98ba-1ac08b80a44f,Pathology-CoT,TCGA_LUNG_Classification,0.05,1,False,,0.0,0.0,,,0.0,0.0,0.0,/work/Agent_benchmark/Pathology-CoT/post_eval/TCGA_LUNG_Classification/ROI/roi_overlap_results.csv,True,True
TCGA-69-7764-01Z-00-DX1.be9fec48-68eb-4c27-a028-5315d7e368e0,Pathology-CoT,TCGA_LUNG_Classification,0.05,1,True,1.0,0.9459,0.9459,0.9459,0.9459,0.9459,0.0448,0.0447,/work/Agent_benchmark/Pathology-CoT/post_eval/TCGA_LUNG_Classification/ROI/roi_overlap_results.csv,True,True
TCGA-69-7765-01Z-00-DX1.ac389366-febb-488c-9190-fe00bc07cd20,Pathology-CoT,TCGA_LUNG_Classification,0.05,1,True,1.0,1.0,1.0,1.0,1.0,1.0,0.0399,0.0399,/work/Agent_benchmark/Pathology-CoT/post_eval/TCGA_LUNG_Classification/ROI/roi_overlap_results.csv,True,True
TCGA-69-7973-01Z-00-DX1.aefb015a-cb51-425f-a80f-cd51091a0ee3,Pathology-CoT,TCGA_LUNG_Classification,0.05,1,True,1.0,1.0,1.0,1.0,1.0,1.0,0.0179,0.0179,/work/Agent_benchmark/Pathology-CoT/post_eval/TCGA_LUNG_Classification/ROI/roi_overlap_results.csv,True,True
TCGA-69-7974-01Z-00-DX1.e4282067-fc3d-4fee-bae7-fe99000979d4,Pathology-CoT,TCGA_LUNG_Classification,0.05,3,True,1.0,1.0,1.0,1.0,1.0,1.0,0.0334,0.0334,/work/Agent_benchmark/Pathology-CoT/post_eval/TCGA_LUNG_Classification/ROI/roi_overlap_results.csv,True,True
TCGA-69-7978-01Z-00-DX1.90a2bf2f-18e2-4bfe-b858-d2de619e2493,Pathology-CoT,TCGA_LUNG_Classification,0.05,3,True,1.0,1.0,0.8030666666666667,1.0,0.8030666666666667,0.7953,0.025,0.0248,/work/Agent_benchmark/Pathology-CoT/post_eval/TCGA_LUNG_Classification/ROI/roi_overlap_results.csv,True,True
TCGA-69-7979-01Z-00-DX1.c9bc265d-4889-4333-9852-b8b535887f1e,Pathology-CoT,TCGA_LUNG_Classification,0.05,4,True,1.0,1.0,0.82265,1.0,0.82265,0.8196,0.0274,0.0272,/work/Agent_benchmark/Pathology-CoT/post_eval/TCGA_LUNG_Classification/ROI/roi_overlap_results.csv,True,True
TCGA-69-7980-01Z-00-DX1.8bbf8cc0-eca7-49e5-a022-c22e3e6ed6dc,Pathology-CoT,TCGA_LUNG_Classification,0.05,10,True,2.0,1.0,0.7928,1.0,0.991,0.7854,0.085,0.083,/work/Agent_benchmark/Pathology-CoT/post_eval/TCGA_LUNG_Classification/ROI/roi_overlap_results.csv,True,True
TCGA-69-8253-01Z-00-DX1.631c741f-46bd-4d4b-8f6c-64787fb4c402,Pathology-CoT,TCGA_LUNG_Classification,0.05,1,True,1.0,1.0,1.0,1.0,1.0,1.0,0.012,0.012,/work/Agent_benchmark/Pathology-CoT/post_eval/TCGA_LUNG_Classification/ROI/roi_overlap_results.csv,False,True
TCGA-69-8254-01Z-00-DX1.83a81d08-8c70-4f07-b4da-cbd17c4fe4d4,Pathology-CoT,TCGA_LUNG_Classification,0.05,1,False,,0.0,0.0,,,0.0,0.0,0.0,/work/Agent_benchmark/Pathology-CoT/post_eval/TCGA_LUNG_Classification/ROI/roi_overlap_results.csv,True,True
TCGA-69-8255-01Z-00-DX1.75d1666c-c088-405c-80da-52d84b990361,Pathology-CoT,TCGA_LUNG_Classification,0.05,8,True,8.0,0.8681,0.1085125,0.8681,0.8681,0.1712,0.0363,0.0309,/work/Agent_benchmark/Pathology-CoT/post_eval/TCGA_LUNG_Classification/ROI/roi_overlap_results.csv,True,True
TCGA-69-8453-01Z-00-DX1.C472096B-95BA-42CD-ADEB-326C38F9DC95,Pathology-CoT,TCGA_LUNG_Classification,0.05,3,False,,0.0,0.0,,,0.0,0.0,0.0,/work/Agent_benchmark/Pathology-CoT/post_eval/TCGA_LUNG_Classification/ROI/roi_overlap_results.csv,True,True
TCGA-69-A59K-01Z-00-DX1.01EAF520-9AC1-4ECC-8EF3-B9122924A1E3,Pathology-CoT,TCGA_LUNG_Classification,0.05,1,False,,0.0,0.0,,,0.0,0.0,0.0,/work/Agent_benchmark/Pathology-CoT/post_eval/TCGA_LUNG_Classification/ROI/roi_overlap_results.csv,False,True
TCGA-71-6725-01Z-00-DX1.b9e1d4aa-439d-481f-b24b-134c4e470f28,Pathology-CoT,TCGA_LUNG_Classification,0.05,1,True,1.0,1.0,1.0,1.0,1.0,1.0,0.0043,0.0043,/work/Agent_benchmark/Pathology-CoT/post_eval/TCGA_LUNG_Classification/ROI/roi_overlap_results.csv,False,True
TCGA-71-8520-01Z-00-DX1.EAE99132-A397-4B4D-8B09-CBB774A7B62F,Pathology-CoT,TCGA_LUNG_Classification,0.05,9,True,1.0,1.0,1.0,1.0,1.0,1.0,0.0652,0.0652,/work/Agent_benchmark/Pathology-CoT/post_eval/TCGA_LUNG_Classification/ROI/roi_overlap_results.csv,True,True
TCGA-73-4658-01Z-00-DX1.d5beb44f-9d76-485a-8af4-407b0f1a610e,Pathology-CoT,TCGA_LUNG_Classification,0.05,1,False,,0.0,0.0,,,0.0,0.0,0.0,/work/Agent_benchmark/Pathology-CoT/post_eval/TCGA_LUNG_Classification/ROI/roi_overlap_results.csv,True,True
TCGA-73-4659-01Z-00-DX1.578400cd-d284-451b-8fdf-9f82c1458276,Pathology-CoT,TCGA_LUNG_Classification,0.05,1,True,1.0,1.0,1.0,1.0,1.0,1.0,0.0431,0.0431,/work/Agent_benchmark/Pathology-CoT/post_eval/TCGA_LUNG_Classification/ROI/roi_overlap_results.csv,True,True
TCGA-73-4662-01Z-00-DX1.76e23a15-0917-44ad-9181-50100d318003,Pathology-CoT,TCGA_LUNG_Classification,0.05,5,True,1.0,1.0,0.8,1.0,1.0,0.7003,0.0674,0.0655,/work/Agent_benchmark/Pathology-CoT/post_eval/TCGA_LUNG_Classification/ROI/roi_overlap_results.csv,False,True
TCGA-73-4666-01Z-00-DX1.dd9c8922-ddd1-4674-8124-9e334532e47e,Pathology-CoT,TCGA_LUNG_Classification,0.05,1,False,,0.0,0.0,,,0.0,0.0,0.0,/work/Agent_benchmark/Pathology-CoT/post_eval/TCGA_LUNG_Classification/ROI/roi_overlap_results.csv,True,True
TCGA-73-4668-01Z-00-DX1.3470b27e-210f-4ff3-9dde-69aa85faa9ee,Pathology-CoT,TCGA_LUNG_Classification,0.05,1,True,1.0,1.0,1.0,1.0,1.0,1.0,0.0424,0.0424,/work/Agent_benchmark/Pathology-CoT/post_eval/TCGA_LUNG_Classification/ROI/roi_overlap_results.csv,True,True
TCGA-73-4670-01Z-00-DX1.a92a23d5-01aa-45a2-9f83-4784cd65fd58,Pathology-CoT,TCGA_LUNG_Classification,0.05,1,False,,0.0162,0.0162,,,0.0162,0.0088,0.0057,/work/Agent_benchmark/Pathology-CoT/post_eval/TCGA_LUNG_Classification/ROI/roi_overlap_results.csv,True,True
TCGA-73-4675-01Z-00-DX1.1027587f-8ec4-4b8c-8768-ff7b669683e0,Pathology-CoT,TCGA_LUNG_Classification,0.05,2,True,1.0,1.0,1.0,1.0,1.0,1.0,0.0095,0.0095,/work/Agent_benchmark/Pathology-CoT/post_eval/TCGA_LUNG_Classification/ROI/roi_overlap_results.csv,True,True
TCGA-73-4676-01Z-00-DX1.4d781bbc-a45e-4f9d-b6b6-2265282dff99,Pathology-CoT,TCGA_LUNG_Classification,0.05,1,True,1.0,1.0,1.0,1.0,1.0,1.0,0.0327,0.0327,/work/Agent_benchmark/Pathology-CoT/post_eval/TCGA_LUNG_Classification/ROI/roi_overlap_results.csv,True,True
TCGA-73-4677-01Z-00-DX1.b557785c-9ccc-42a7-bb54-7bb47638ddfc,Pathology-CoT,TCGA_LUNG_Classification,0.05,1,False,,0.0,0.0,,,0.0,0.0,0.0,/work/Agent_benchmark/Pathology-CoT/post_eval/TCGA_LUNG_Classification/ROI/roi_overlap_results.csv,True,True
TCGA-73-7498-01Z-00-DX1.5313bba9-7f6a-49b4-8d6e-a0f46a04f189,Pathology-CoT,TCGA_LUNG_Classification,0.05,2,False,,0.0228,0.0114,,,0.0132,0.0023,0.002,/work/Agent_benchmark/Pathology-CoT/post_eval/TCGA_LUNG_Classification/ROI/roi_overlap_results.csv,False,True
TCGA-73-7499-01Z-00-DX1.81f5c1c1-3d40-4773-a1fb-e1f8eb9f6730,Pathology-CoT,TCGA_LUNG_Classification,0.05,3,False,,0.0,0.0,,,0.0,0.0,0.0,/work/Agent_benchmark/Pathology-CoT/post_eval/TCGA_LUNG_Classification/ROI/roi_overlap_results.csv,True,True
TCGA-73-A9RS-01Z-00-DX1.EDCEFE41-61E2-48C9-B8D5-28B55372E0CA,Pathology-CoT,TCGA_LUNG_Classification,0.05,4,True,1.0,1.0,1.0,1.0,1.0,1.0,0.1211,0.1211,/work/Agent_benchmark/Pathology-CoT/post_eval/TCGA_LUNG_Classification/ROI/roi_overlap_results.csv,False,True
TCGA-75-5122-01Z-00-DX1.627FD712-3881-44CC-83E0-6C4DFC6C88C1,Pathology-CoT,TCGA_LUNG_Classification,0.05,1,False,,0.0,0.0,,,0.0,0.0,0.0,/work/Agent_benchmark/Pathology-CoT/post_eval/TCGA_LUNG_Classification/ROI/roi_overlap_results.csv,False,True
TCGA-75-5125-01Z-00-DX1.2E419CAF-E248-4959-951E-498D8054433E,Pathology-CoT,TCGA_LUNG_Classification,0.05,10,True,1.0,1.0,1.0,1.0,1.0,1.0,0.0433,0.0433,/work/Agent_benchmark/Pathology-CoT/post_eval/TCGA_LUNG_Classification/ROI/roi_overlap_results.csv,True,True
TCGA-75-5126-01Z-00-DX1.164887F4-9986-415F-A94A-E40E92D80DA3,Pathology-CoT,TCGA_LUNG_Classification,0.05,1,True,1.0,0.1558,0.1558,0.1558,0.1558,0.1558,0.0151,0.014,/work/Agent_benchmark/Pathology-CoT/post_eval/TCGA_LUNG_Classification/ROI/roi_overlap_results.csv,False,True
TCGA-75-5146-01Z-00-DX1.4958A631-7E6F-4FBB-A1C3-B8F8368D46C5,Pathology-CoT,TCGA_LUNG_Classification,0.05,1,True,1.0,1.0,1.0,1.0,1.0,1.0,0.0169,0.0169,/work/Agent_benchmark/Pathology-CoT/post_eval/TCGA_LUNG_Classification/ROI/roi_overlap_results.csv,True,True
TCGA-75-5147-01Z-00-DX1.3156FA5C-9737-4EAA-989C-FD578FBF15A1,Pathology-CoT,TCGA_LUNG_Classification,0.05,1,True,1.0,1.0,1.0,1.0,1.0,1.0,0.0096,0.0096,/work/Agent_benchmark/Pathology-CoT/post_eval/TCGA_LUNG_Classification/ROI/roi_overlap_results.csv,True,True
TCGA-75-6203-01Z-00-DX1.9796ACAB-9E1A-4BC5-B80C-4EC856FA14B7,Pathology-CoT,TCGA_LUNG_Classification,0.05,1,True,1.0,0.1096,0.1096,0.1096,0.1096,0.1096,0.0148,0.0132,/work/Agent_benchmark/Pathology-CoT/post_eval/TCGA_LUNG_Classification/ROI/roi_overlap_results.csv,True,True
TCGA-75-6205-01Z-00-DX1.B75BC6BA-5196-4F62-BDA2-3F1D320ABD7C,Pathology-CoT,TCGA_LUNG_Classification,0.05,1,True,1.0,1.0,1.0,1.0,1.0,1.0,0.0163,0.0163,/work/Agent_benchmark/Pathology-CoT/post_eval/TCGA_LUNG_Classification/ROI/roi_overlap_results.csv,True,True
TCGA-75-6206-01Z-00-DX1.63230D94-7015-4247-936D-E7ACD6692AB3,Pathology-CoT,TCGA_LUNG_Classification,0.05,4,True,2.0,1.0,0.75,1.0,1.0,0.745,0.0181,0.018,/work/Agent_benchmark/Pathology-CoT/post_eval/TCGA_LUNG_Classification/ROI/roi_overlap_results.csv,True,True
TCGA-75-6207-01Z-00-DX1.837B7B0F-424C-423B-9045-A905E7C1C54C,Pathology-CoT,TCGA_LUNG_Classification,0.05,5,True,1.0,1.0,1.0,1.0,1.0,1.0,0.04,0.04,/work/Agent_benchmark/Pathology-CoT/post_eval/TCGA_LUNG_Classification/ROI/roi_overlap_results.csv,True,True
TCGA-75-6211-01Z-00-DX1.3E7B5948-521E-48EE-9204-80F5713ECD25,Pathology-CoT,TCGA_LUNG_Classification,0.05,1,True,1.0,0.0626,0.0626,0.0626,0.0626,0.0626,0.0171,0.0136,/work/Agent_benchmark/Pathology-CoT/post_eval/TCGA_LUNG_Classification/ROI/roi_overlap_results.csv,True,True
TCGA-75-6212-01Z-00-DX1.FCB36956-DF6C-485D-8E7A-922A2BDAE669,Pathology-CoT,TCGA_LUNG_Classification,0.05,3,True,2.0,0.3614,0.12046666666666667,0.3614,0.3614,0.1117,0.0034,0.0033,/work/Agent_benchmark/Pathology-CoT/post_eval/TCGA_LUNG_Classification/ROI/roi_overlap_results.csv,False,True
TCGA-75-6214-01Z-00-DX1.00424C13-65B8-4872-81EB-EE207AB3F78C,Pathology-CoT,TCGA_LUNG_Classification,0.05,4,True,1.0,1.0,1.0,1.0,1.0,1.0,0.0351,0.0351,/work/Agent_benchmark/Pathology-CoT/post_eval/TCGA_LUNG_Classification/ROI/roi_overlap_results.csv,True,True
TCGA-75-7025-01Z-00-DX1.284477D7-4F47-4084-A15C-0A7E9571E3DF,Pathology-CoT,TCGA_LUNG_Classification,0.05,1,False,,0.0,0.0,,,0.0,0.0,0.0,/work/Agent_benchmark/Pathology-CoT/post_eval/TCGA_LUNG_Classification/ROI/roi_overlap_results.csv,False,True
TCGA-75-7027-01Z-00-DX1.AC91B34F-DF67-4F95-B145-079A71A54E83,Pathology-CoT,TCGA_LUNG_Classification,0.05,10,True,1.0,1.0,1.0,1.0,1.0,1.0,0.0756,0.0756,/work/Agent_benchmark/Pathology-CoT/post_eval/TCGA_LUNG_Classification/ROI/roi_overlap_results.csv,True,True
TCGA-75-7030-01Z-00-DX1.5DDF24B5-00D1-4418-A067-A9B609E15314,Pathology-CoT,TCGA_LUNG_Classification,0.05,1,True,1.0,1.0,1.0,1.0,1.0,1.0,0.0183,0.0183,/work/Agent_benchmark/Pathology-CoT/post_eval/TCGA_LUNG_Classification/ROI/roi_overlap_results.csv,True,True
TCGA-75-7031-01Z-00-DX1.B058D81B-E869-4AEA-8CAC-4B6264FB86A8,Pathology-CoT,TCGA_LUNG_Classification,0.05,4,True,1.0,1.0,1.0,1.0,1.0,1.0,0.0298,0.0298,/work/Agent_benchmark/Pathology-CoT/post_eval/TCGA_LUNG_Classification/ROI/roi_overlap_results.csv,True,True
TCGA-78-7145-01Z-00-DX1.ecde66bf-2de8-4e31-b3ab-4fed4f055dda,Pathology-CoT,TCGA_LUNG_Classification,0.05,10,True,1.0,1.0,1.0,1.0,1.0,1.0,0.0683,0.0683,/work/Agent_benchmark/Pathology-CoT/post_eval/TCGA_LUNG_Classification/ROI/roi_overlap_results.csv,True,True
TCGA-78-7146-01Z-00-DX1.830209b2-94c5-4277-a7b6-b2f2634de0dc,Pathology-CoT,TCGA_LUNG_Classification,0.05,5,True,1.0,1.0,1.0,1.0,1.0,1.0,0.0561,0.0561,/work/Agent_benchmark/Pathology-CoT/post_eval/TCGA_LUNG_Classification/ROI/roi_overlap_results.csv,False,True
TCGA-78-7147-01Z-00-DX1.a9fd2c5d-b8f3-4524-bd64-6c3362ce373b,Pathology-CoT,TCGA_LUNG_Classification,0.05,8,True,4.0,1.0,0.31010000000000004,1.0,0.8269333333333333,0.3142,0.0702,0.0609,/work/Agent_benchmark/Pathology-CoT/post_eval/TCGA_LUNG_Classification/ROI/roi_overlap_results.csv,True,True
TCGA-78-7148-01Z-00-DX1.aac94f79-77f2-45e6-b0c3-0b103fecbb22,Pathology-CoT,TCGA_LUNG_Classification,0.05,2,True,2.0,0.0555,0.02775,0.0555,0.0555,0.0305,0.0016,0.0016,/work/Agent_benchmark/Pathology-CoT/post_eval/TCGA_LUNG_Classification/ROI/roi_overlap_results.csv,True,True
TCGA-78-7149-01Z-00-DX1.1b83dbcb-0c9f-4e50-bb98-bf9a157052cf,Pathology-CoT,TCGA_LUNG_Classification,0.05,1,True,1.0,1.0,1.0,1.0,1.0,1.0,0.0098,0.0098,/work/Agent_benchmark/Pathology-CoT/post_eval/TCGA_LUNG_Classification/ROI/roi_overlap_results.csv,True,True
TCGA-78-7150-01Z-00-DX1.46e6e65c-521c-49de-b106-419dc840b235,Pathology-CoT,TCGA_LUNG_Classification,0.05,1,True,1.0,0.9881,0.9881,0.9881,0.9881,0.9881,0.0058,0.0058,/work/Agent_benchmark/Pathology-CoT/post_eval/TCGA_LUNG_Classification/ROI/roi_overlap_results.csv,False,True
TCGA-78-7152-01Z-00-DX1.a04f9d84-3304-402c-9c0c-f64545c14781,Pathology-CoT,TCGA_LUNG_Classification,0.05,1,True,1.0,1.0,1.0,1.0,1.0,1.0,0.0224,0.0224,/work/Agent_benchmark/Pathology-CoT/post_eval/TCGA_LUNG_Classification/ROI/roi_overlap_results.csv,True,True
TCGA-78-7153-01Z-00-DX1.5190321a-f1aa-4c6e-b4b9-6767b779682b,Pathology-CoT,TCGA_LUNG_Classification,0.05,2,True,1.0,1.0,1.0,1.0,1.0,1.0,0.0159,0.0159,/work/Agent_benchmark/Pathology-CoT/post_eval/TCGA_LUNG_Classification/ROI/roi_overlap_results.csv,True,True
TCGA-78-7154-01Z-00-DX1.596c20c2-e811-4b5e-961c-98343afcccde,Pathology-CoT,TCGA_LUNG_Classification,0.05,10,True,1.0,1.0,1.0,1.0,1.0,1.0,0.0588,0.0588,/work/Agent_benchmark/Pathology-CoT/post_eval/TCGA_LUNG_Classification/ROI/roi_overlap_results.csv,True,True
TCGA-78-7155-01Z-00-DX1.32258467-7550-4a1b-8df9-a869fb83e559,Pathology-CoT,TCGA_LUNG_Classification,0.05,10,True,1.0,1.0,1.0,1.0,1.0,1.0,0.067,0.067,/work/Agent_benchmark/Pathology-CoT/post_eval/TCGA_LUNG_Classification/ROI/roi_overlap_results.csv,True,True
TCGA-78-7156-01Z-00-DX1.9f7c8eb9-73de-49be-a487-e1fd4411b7b5,Pathology-CoT,TCGA_LUNG_Classification,0.05,1,True,1.0,0.9413,0.9413,0.9413,0.9413,0.9413,0.017,0.0169,/work/Agent_benchmark/Pathology-CoT/post_eval/TCGA_LUNG_Classification/ROI/roi_overlap_results.csv,True,True
TCGA-78-7158-01Z-00-DX1.74db3dcd-2715-4ce7-8e48-30c8b7946ba0,Pathology-CoT,TCGA_LUNG_Classification,0.05,1,True,1.0,1.0,1.0,1.0,1.0,1.0,0.0175,0.0175,/work/Agent_benchmark/Pathology-CoT/post_eval/TCGA_LUNG_Classification/ROI/roi_overlap_results.csv,True,True
TCGA-78-7159-01Z-00-DX1.399d865f-f4f9-4602-b15b-908be0afe459,Pathology-CoT,TCGA_LUNG_Classification,0.05,6,True,1.0,1.0,0.98385,1.0,0.98385,0.9819,0.1165,0.1162,/work/Agent_benchmark/Pathology-CoT/post_eval/TCGA_LUNG_Classification/ROI/roi_overlap_results.csv,True,True
TCGA-78-7160-01Z-00-DX1.f40f6c04-74b1-4cef-aabc-cbafadbdf39f,Pathology-CoT,TCGA_LUNG_Classification,0.05,10,True,1.0,1.0,0.9655400000000001,1.0,0.9655400000000001,0.9673,0.076,0.0758,/work/Agent_benchmark/Pathology-CoT/post_eval/TCGA_LUNG_Classification/ROI/roi_overlap_results.csv,True,True
TCGA-78-7161-01Z-00-DX1.646cf15a-5961-4728-b9fe-fe3fff11831f,Pathology-CoT,TCGA_LUNG_Classification,0.05,10,True,1.0,1.0,0.91235,1.0,0.91235,0.8358,0.0549,0.0543,/work/Agent_benchmark/Pathology-CoT/post_eval/TCGA_LUNG_Classification/ROI/roi_overlap_results.csv,True,True
TCGA-78-7163-01Z-00-DX1.42880bdf-271d-41dd-aada-e7ec1156ff31,Pathology-CoT,TCGA_LUNG_Classification,0.05,10,True,1.0,1.0,0.77771,1.0,0.9721375,0.6521,0.0251,0.0248,/work/Agent_benchmark/Pathology-CoT/post_eval/TCGA_LUNG_Classification/ROI/roi_overlap_results.csv,True,True
TCGA-78-7166-01Z-00-DX1.d19ad2d9-b006-4a13-ba54-2fec234c2373,Pathology-CoT,TCGA_LUNG_Classification,0.05,2,True,1.0,1.0,1.0,1.0,1.0,1.0,0.012,0.012,/work/Agent_benchmark/Pathology-CoT/post_eval/TCGA_LUNG_Classification/ROI/roi_overlap_results.csv,True,True
TCGA-78-7167-01Z-00-DX1.f79e1a9b-a3eb-4c91-a1fd-7bb58b1620b1,Pathology-CoT,TCGA_LUNG_Classification,0.05,1,False,,0.0008,0.0008,,,0.0008,0.0,0.0,/work/Agent_benchmark/Pathology-CoT/post_eval/TCGA_LUNG_Classification/ROI/roi_overlap_results.csv,True,True
TCGA-78-7220-01Z-00-DX1.3df84ce0-4395-4c9e-ba62-76b55676a440,Pathology-CoT,TCGA_LUNG_Classification,0.05,10,True,1.0,1.0,0.84962,1.0,0.9407666666666665,0.793,0.0569,0.0561,/work/Agent_benchmark/Pathology-CoT/post_eval/TCGA_LUNG_Classification/ROI/roi_overlap_results.csv,False,True
TCGA-78-7535-01Z-00-DX1.c4ca06f3-22d1-4e39-85c8-98d1fa2b0e60,Pathology-CoT,TCGA_LUNG_Classification,0.05,10,True,1.0,1.0,1.0,1.0,1.0,1.0,0.0491,0.0491,/work/Agent_benchmark/Pathology-CoT/post_eval/TCGA_LUNG_Classification/ROI/roi_overlap_results.csv,True,True
TCGA-78-7536-01Z-00-DX1.6b066140-8b82-40a5-bd48-430eeb4463fe,Pathology-CoT,TCGA_LUNG_Classification,0.05,1,True,1.0,0.9279,0.9279,0.9279,0.9279,0.9279,0.0176,0.0176,/work/Agent_benchmark/Pathology-CoT/post_eval/TCGA_LUNG_Classification/ROI/roi_overlap_results.csv,True,True
TCGA-78-7537-01Z-00-DX1.e5597e41-ebba-4d6f-8a1f-15cd81d8f026,Pathology-CoT,TCGA_LUNG_Classification,0.05,1,True,1.0,1.0,1.0,1.0,1.0,1.0,0.0018,0.0018,/work/Agent_benchmark/Pathology-CoT/post_eval/TCGA_LUNG_Classification/ROI/roi_overlap_results.csv,True,True
TCGA-78-7539-01Z-00-DX1.b838d859-2fb7-48d1-a442-d366ac404099,Pathology-CoT,TCGA_LUNG_Classification,0.05,10,False,,0.0,0.0,,,0.0,0.0,0.0,/work/Agent_benchmark/Pathology-CoT/post_eval/TCGA_LUNG_Classification/ROI/roi_overlap_results.csv,True,True
TCGA-78-7540-01Z-00-DX1.25c29857-0d5f-4e52-be0c-32c6686b653f,Pathology-CoT,TCGA_LUNG_Classification,0.05,7,True,4.0,1.0,0.42857142857142855,1.0,1.0,0.4524,0.0425,0.0404,/work/Agent_benchmark/Pathology-CoT/post_eval/TCGA_LUNG_Classification/ROI/roi_overlap_results.csv,True,True
TCGA-78-7542-01Z-00-DX1.2ee042a6-11ee-4668-b254-44144fca4234,Pathology-CoT,TCGA_LUNG_Classification,0.05,10,True,1.0,1.0,0.9057299999999999,1.0,0.9057299999999999,0.9143,0.0848,0.0841,/work/Agent_benchmark/Pathology-CoT/post_eval/TCGA_LUNG_Classification/ROI/roi_overlap_results.csv,False,True
TCGA-78-7633-01Z-00-DX1.f0cd4825-eb92-4098-954a-fbb1e4851660,Pathology-CoT,TCGA_LUNG_Classification,0.05,1,True,1.0,0.2959,0.2959,0.2959,0.2959,0.2959,0.0043,0.0043,/work/Agent_benchmark/Pathology-CoT/post_eval/TCGA_LUNG_Classification/ROI/roi_overlap_results.csv,True,True
TCGA-78-8640-01Z-00-DX1.6F929E56-34D5-45A6-8A9E-ACB4B88A68B1,Pathology-CoT,TCGA_LUNG_Classification,0.05,10,True,1.0,1.0,0.89671,1.0,0.89671,0.9126,0.105,0.1039,/work/Agent_benchmark/Pathology-CoT/post_eval/TCGA_LUNG_Classification/ROI/roi_overlap_results.csv,False,True
TCGA-78-8648-01Z-00-DX1.D3EAEF8E-E739-490F-BF48-A4796B0C0E7A,Pathology-CoT,TCGA_LUNG_Classification,0.05,1,True,1.0,0.6451,0.6451,0.6451,0.6451,0.6451,0.0191,0.0189,/work/Agent_benchmark/Pathology-CoT/post_eval/TCGA_LUNG_Classification/ROI/roi_overlap_results.csv,True,True
TCGA-78-8655-01Z-00-DX1.DC81D146-A4A6-411E-A5DC-C0689A8D445F,Pathology-CoT,TCGA_LUNG_Classification,0.05,10,True,1.0,1.0,0.8832000000000001,1.0,0.8832000000000001,0.895,0.0632,0.0627,/work/Agent_benchmark/Pathology-CoT/post_eval/TCGA_LUNG_Classification/ROI/roi_overlap_results.csv,True,True
TCGA-78-8660-01Z-00-DX1.11E923ED-C01B-439D-8796-08C9E3DC2D93,Pathology-CoT,TCGA_LUNG_Classification,0.05,1,True,1.0,1.0,1.0,1.0,1.0,1.0,0.0107,0.0107,/work/Agent_benchmark/Pathology-CoT/post_eval/TCGA_LUNG_Classification/ROI/roi_overlap_results.csv,True,True
TCGA-78-8662-01Z-00-DX1.754A4C57-B5FA-4077-99E4-F6EFA6459410,Pathology-CoT,TCGA_LUNG_Classification,0.05,2,False,,0.0,0.0,,,0.0,0.0,0.0,/work/Agent_benchmark/Pathology-CoT/post_eval/TCGA_LUNG_Classification/ROI/roi_overlap_results.csv,True,True
TCGA-80-5607-01Z-00-DX1.94C9CF78-2F79-4A0B-8939-1CD9B915222D,Pathology-CoT,TCGA_LUNG_Classification,0.05,2,True,1.0,1.0,1.0,1.0,1.0,1.0,0.0536,0.0536,/work/Agent_benchmark/Pathology-CoT/post_eval/TCGA_LUNG_Classification/ROI/roi_overlap_results.csv,True,True
TCGA-80-5608-01Z-00-DX1.CB85BA53-AF00-4C7D-8489-C2FF0F4F49AB,Pathology-CoT,TCGA_LUNG_Classification,0.05,4,True,1.0,1.0,0.9993,1.0,0.9993,0.9986,0.0147,0.0147,/work/Agent_benchmark/Pathology-CoT/post_eval/TCGA_LUNG_Classification/ROI/roi_overlap_results.csv,True,True
TCGA-80-5611-01Z-00-DX1.31920706-8AF4-46D2-B1D4-7DD5AF4AAC77,Pathology-CoT,TCGA_LUNG_Classification,0.05,1,False,,0.0,0.0,,,0.0,0.0,0.0,/work/Agent_benchmark/Pathology-CoT/post_eval/TCGA_LUNG_Classification/ROI/roi_overlap_results.csv,True,True
TCGA-83-5908-01Z-00-DX1.381c8f82-61a0-4e9d-982d-1ad0af7bead9,Pathology-CoT,TCGA_LUNG_Classification,0.05,9,True,1.0,1.0,0.6716444444444445,1.0,0.8635428571428572,0.7888,0.0795,0.0778,/work/Agent_benchmark/Pathology-CoT/post_eval/TCGA_LUNG_Classification/ROI/roi_overlap_results.csv,True,True
TCGA-86-6562-01Z-00-DX1.5dea3015-e606-4837-9f99-ac14f0aa091b,Pathology-CoT,TCGA_LUNG_Classification,0.05,1,False,,0.0,0.0,,,0.0,0.0,0.0,/work/Agent_benchmark/Pathology-CoT/post_eval/TCGA_LUNG_Classification/ROI/roi_overlap_results.csv,True,True
TCGA-86-6851-01Z-00-DX1.0b13e600-fd7b-44a2-9ec2-26e9938fb7bc,Pathology-CoT,TCGA_LUNG_Classification,0.05,1,False,,0.0,0.0,,,0.0,0.0,0.0,/work/Agent_benchmark/Pathology-CoT/post_eval/TCGA_LUNG_Classification/ROI/roi_overlap_results.csv,False,True
TCGA-86-7701-01Z-00-DX1.a8a6e71e-9fa9-42c6-a186-0ac7526e9960,Pathology-CoT,TCGA_LUNG_Classification,0.05,1,True,1.0,1.0,1.0,1.0,1.0,1.0,0.009,0.009,/work/Agent_benchmark/Pathology-CoT/post_eval/TCGA_LUNG_Classification/ROI/roi_overlap_results.csv,True,True
TCGA-86-7711-01Z-00-DX1.f64dd9d8-b9ca-4d1f-9783-d1042979132d,Pathology-CoT,TCGA_LUNG_Classification,0.05,5,True,1.0,1.0,1.0,1.0,1.0,1.0,0.0252,0.0252,/work/Agent_benchmark/Pathology-CoT/post_eval/TCGA_LUNG_Classification/ROI/roi_overlap_results.csv,False,True
TCGA-86-7713-01Z-00-DX1.23f9e213-b566-47bb-beb8-7d12b2f0508b,Pathology-CoT,TCGA_LUNG_Classification,0.05,1,True,1.0,1.0,1.0,1.0,1.0,1.0,0.0111,0.0111,/work/Agent_benchmark/Pathology-CoT/post_eval/TCGA_LUNG_Classification/ROI/roi_overlap_results.csv,True,True
TCGA-86-7714-01Z-00-DX1.8ee03c3b-013e-4dd5-aa0e-9c1a771cbdc5,Pathology-CoT,TCGA_LUNG_Classification,0.05,3,True,1.0,1.0,1.0,1.0,1.0,1.0,0.0316,0.0316,/work/Agent_benchmark/Pathology-CoT/post_eval/TCGA_LUNG_Classification/ROI/roi_overlap_results.csv,True,True
TCGA-86-7953-01Z-00-DX1.847865ce-df59-4677-bac2-ee88a258fe4e,Pathology-CoT,TCGA_LUNG_Classification,0.05,1,True,1.0,1.0,1.0,1.0,1.0,1.0,0.0854,0.0854,/work/Agent_benchmark/Pathology-CoT/post_eval/TCGA_LUNG_Classification/ROI/roi_overlap_results.csv,True,True
TCGA-86-7954-01Z-00-DX1.0a063ee6-18b7-4b66-9726-04fb452156cb,Pathology-CoT,TCGA_LUNG_Classification,0.05,3,True,1.0,1.0,1.0,1.0,1.0,1.0,0.0266,0.0266,/work/Agent_benchmark/Pathology-CoT/post_eval/TCGA_LUNG_Classification/ROI/roi_overlap_results.csv,True,True
TCGA-86-7955-01Z-00-DX1.ef4f4d94-5efb-4a07-97cf-b0ed69085827,Pathology-CoT,TCGA_LUNG_Classification,0.05,6,True,1.0,1.0,0.9998833333333333,1.0,0.9998833333333333,0.9998,0.0559,0.0559,/work/Agent_benchmark/Pathology-CoT/post_eval/TCGA_LUNG_Classification/ROI/roi_overlap_results.csv,True,True
TCGA-86-8054-01Z-00-DX1.2c4c08f6-be1c-46d1-a719-5983cade0c54,Pathology-CoT,TCGA_LUNG_Classification,0.05,10,True,1.0,1.0,1.0,1.0,1.0,1.0,0.0803,0.0803,/work/Agent_benchmark/Pathology-CoT/post_eval/TCGA_LUNG_Classification/ROI/roi_overlap_results.csv,False,True
TCGA-86-8055-01Z-00-DX1.546dc42e-3742-4da5-8f9b-80732180ce76,Pathology-CoT,TCGA_LUNG_Classification,0.05,1,True,1.0,0.9973,0.9973,0.9973,0.9973,0.9973,0.0253,0.0253,/work/Agent_benchmark/Pathology-CoT/post_eval/TCGA_LUNG_Classification/ROI/roi_overlap_results.csv,True,True
TCGA-86-8056-01Z-00-DX1.eee7e03a-842c-4a44-bff8-f7b906725605,Pathology-CoT,TCGA_LUNG_Classification,0.05,1,False,,0.0,0.0,,,0.0,0.0,0.0,/work/Agent_benchmark/Pathology-CoT/post_eval/TCGA_LUNG_Classification/ROI/roi_overlap_results.csv,False,True
TCGA-86-8073-01Z-00-DX1.33c016fc-5c9e-4ad6-8de2-a7f8521d205c,Pathology-CoT,TCGA_LUNG_Classification,0.05,1,True,1.0,0.3498,0.3498,0.3498,0.3498,0.3498,0.0088,0.0087,/work/Agent_benchmark/Pathology-CoT/post_eval/TCGA_LUNG_Classification/ROI/roi_overlap_results.csv,True,True
TCGA-86-8074-01Z-00-DX1.0c34b434-8701-4060-a4ea-08a72371ee1e,Pathology-CoT,TCGA_LUNG_Classification,0.05,1,True,1.0,1.0,1.0,1.0,1.0,1.0,0.0126,0.0126,/work/Agent_benchmark/Pathology-CoT/post_eval/TCGA_LUNG_Classification/ROI/roi_overlap_results.csv,True,True
TCGA-86-8075-01Z-00-DX1.171bd8bd-af24-4770-b24b-732e675efd75,Pathology-CoT,TCGA_LUNG_Classification,0.05,10,True,1.0,1.0,0.99786,1.0,0.99786,0.9822,0.074,0.0739,/work/Agent_benchmark/Pathology-CoT/post_eval/TCGA_LUNG_Classification/ROI/roi_overlap_results.csv,True,True
TCGA-86-8076-01Z-00-DX1.e7378b2f-e20e-4d2f-a86c-3a8ead08a385,Pathology-CoT,TCGA_LUNG_Classification,0.05,10,True,1.0,1.0,1.0,1.0,1.0,1.0,0.0748,0.0748,/work/Agent_benchmark/Pathology-CoT/post_eval/TCGA_LUNG_Classification/ROI/roi_overlap_results.csv,False,True
TCGA-86-8279-01Z-00-DX1.fd12b60e-d181-454b-a655-298a973a849d,Pathology-CoT,TCGA_LUNG_Classification,0.05,1,True,1.0,1.0,1.0,1.0,1.0,1.0,0.0444,0.0444,/work/Agent_benchmark/Pathology-CoT/post_eval/TCGA_LUNG_Classification/ROI/roi_overlap_results.csv,True,True
TCGA-86-8280-01Z-00-DX1.52627b97-1cfa-4382-819b-949b58c0f995,Pathology-CoT,TCGA_LUNG_Classification,0.05,2,True,1.0,1.0,1.0,1.0,1.0,1.0,0.0277,0.0277,/work/Agent_benchmark/Pathology-CoT/post_eval/TCGA_LUNG_Classification/ROI/roi_overlap_results.csv,True,True
TCGA-86-8281-01Z-00-DX1.02237263-003b-4de1-8a2f-0f3ad14768c7,Pathology-CoT,TCGA_LUNG_Classification,0.05,10,True,1.0,1.0,1.0,1.0,1.0,1.0,0.055,0.055,/work/Agent_benchmark/Pathology-CoT/post_eval/TCGA_LUNG_Classification/ROI/roi_overlap_results.csv,True,True
TCGA-86-8358-01Z-00-DX1.C50100F8-9414-4A06-BEDF-93E7B01B24D6,Pathology-CoT,TCGA_LUNG_Classification,0.05,1,True,1.0,1.0,1.0,1.0,1.0,1.0,0.0134,0.0134,/work/Agent_benchmark/Pathology-CoT/post_eval/TCGA_LUNG_Classification/ROI/roi_overlap_results.csv,True,True
TCGA-86-8359-01Z-00-DX1.11B8FDC3-4B84-4A22-B89D-46EA76345F13,Pathology-CoT,TCGA_LUNG_Classification,0.05,1,False,,0.0,0.0,,,0.0,0.0,0.0,/work/Agent_benchmark/Pathology-CoT/post_eval/TCGA_LUNG_Classification/ROI/roi_overlap_results.csv,True,True
TCGA-86-8585-01Z-00-DX1.bc0b1c69-f71d-46fc-8195-2d205002e6e5,Pathology-CoT,TCGA_LUNG_Classification,0.05,1,True,1.0,1.0,1.0,1.0,1.0,1.0,0.0106,0.0106,/work/Agent_benchmark/Pathology-CoT/post_eval/TCGA_LUNG_Classification/ROI/roi_overlap_results.csv,True,True
TCGA-86-8668-01Z-00-DX1.d720d486-02c7-4f98-8feb-e0e50a12c158,Pathology-CoT,TCGA_LUNG_Classification,0.05,5,True,1.0,1.0,1.0,1.0,1.0,1.0,0.0482,0.0482,/work/Agent_benchmark/Pathology-CoT/post_eval/TCGA_LUNG_Classification/ROI/roi_overlap_results.csv,True,True
TCGA-86-8669-01Z-00-DX1.845b8b4e-6445-4da1-8275-42b765c024cc,Pathology-CoT,TCGA_LUNG_Classification,0.05,10,True,1.0,1.0,1.0,1.0,1.0,1.0,0.054,0.054,/work/Agent_benchmark/Pathology-CoT/post_eval/TCGA_LUNG_Classification/ROI/roi_overlap_results.csv,True,True
TCGA-86-8671-01Z-00-DX1.1fd0019c-df9d-48cc-9055-8de57759f273,Pathology-CoT,TCGA_LUNG_Classification,0.05,1,True,1.0,1.0,1.0,1.0,1.0,1.0,0.0072,0.0072,/work/Agent_benchmark/Pathology-CoT/post_eval/TCGA_LUNG_Classification/ROI/roi_overlap_results.csv,True,True
TCGA-86-8672-01Z-00-DX1.94ca1954-921d-4ef6-a078-4e0fcb09157f,Pathology-CoT,TCGA_LUNG_Classification,0.05,1,True,1.0,1.0,1.0,1.0,1.0,1.0,0.008,0.008,/work/Agent_benchmark/Pathology-CoT/post_eval/TCGA_LUNG_Classification/ROI/roi_overlap_results.csv,True,True
TCGA-86-8673-01Z-00-DX1.21191041-c10e-4166-ad00-1243656feaa7,Pathology-CoT,TCGA_LUNG_Classification,0.05,1,False,,0.0085,0.0085,,,0.0085,0.0001,0.0001,/work/Agent_benchmark/Pathology-CoT/post_eval/TCGA_LUNG_Classification/ROI/roi_overlap_results.csv,True,True
TCGA-86-8674-01Z-00-DX1.9fcaae4e-4062-45ab-a49d-7dba43040919,Pathology-CoT,TCGA_LUNG_Classification,0.05,5,True,1.0,1.0,1.0,1.0,1.0,1.0,0.0278,0.0278,/work/Agent_benchmark/Pathology-CoT/post_eval/TCGA_LUNG_Classification/ROI/roi_overlap_results.csv,True,True
TCGA-86-A456-01Z-00-DX1.5C7CBF9B-0AE3-4776-9434-296AA0C605CC,Pathology-CoT,TCGA_LUNG_Classification,0.05,1,True,1.0,1.0,1.0,1.0,1.0,1.0,0.0235,0.0235,/work/Agent_benchmark/Pathology-CoT/post_eval/TCGA_LUNG_Classification/ROI/roi_overlap_results.csv,True,True
TCGA-86-A4D0-01Z-00-DX1.165461AD-A8DA-4B7B-87CE-F5DBDBD2C0A7,Pathology-CoT,TCGA_LUNG_Classification,0.05,1,True,1.0,1.0,1.0,1.0,1.0,1.0,0.0143,0.0143,/work/Agent_benchmark/Pathology-CoT/post_eval/TCGA_LUNG_Classification/ROI/roi_overlap_results.csv,True,True
TCGA-86-A4JF-01Z-00-DX1.22828B15-D68E-4300-A3A8-FBC11B319BC5,Pathology-CoT,TCGA_LUNG_Classification,0.05,7,True,1.0,1.0,0.9940285714285714,1.0,0.9940285714285714,0.9926,0.0556,0.0556,/work/Agent_benchmark/Pathology-CoT/post_eval/TCGA_LUNG_Classification/ROI/roi_overlap_results.csv,True,True
TCGA-86-A4P7-01Z-00-DX1.37026DCF-5A81-4098-B444-C8A40CA168D0,Pathology-CoT,TCGA_LUNG_Classification,0.05,1,False,,0.0054,0.0054,,,0.0054,0.0,0.0,/work/Agent_benchmark/Pathology-CoT/post_eval/TCGA_LUNG_Classification/ROI/roi_overlap_results.csv,True,True
TCGA-86-A4P8-01Z-00-DX1.D65E8855-F7A1-4584-A501-BBFBC61C2DEB,Pathology-CoT,TCGA_LUNG_Classification,0.05,1,True,1.0,1.0,1.0,1.0,1.0,1.0,0.0084,0.0084,/work/Agent_benchmark/Pathology-CoT/post_eval/TCGA_LUNG_Classification/ROI/roi_overlap_results.csv,True,True
TCGA-91-A4BC-01Z-00-DX1.8D8783B1-D1BA-4970-B77B-3AED8506C487,Pathology-CoT,TCGA_LUNG_Classification,0.05,10,True,1.0,1.0,1.0,1.0,1.0,1.0,0.074,0.074,/work/Agent_benchmark/Pathology-CoT/post_eval/TCGA_LUNG_Classification/ROI/roi_overlap_results.csv,True,True
TCGA-91-A4BD-01Z-00-DX1.2E575CAC-6AEB-4049-972A-EA43457A9C9D,Pathology-CoT,TCGA_LUNG_Classification,0.05,1,False,,0.0212,0.0212,,,0.0212,0.0017,0.0016,/work/Agent_benchmark/Pathology-CoT/post_eval/TCGA_LUNG_Classification/ROI/roi_overlap_results.csv,True,True
TCGA-93-7347-01Z-00-DX1.a22b7163-07bd-4f6a-97c7-f1561c4d73cb,Pathology-CoT,TCGA_LUNG_Classification,0.05,4,True,1.0,1.0,0.75,1.0,1.0,0.7311,0.0467,0.0459,/work/Agent_benchmark/Pathology-CoT/post_eval/TCGA_LUNG_Classification/ROI/roi_overlap_results.csv,True,True
TCGA-93-8067-01Z-00-DX1.325d0cd5-9bb5-4f51-a197-75d3c3d19aaf,Pathology-CoT,TCGA_LUNG_Classification,0.05,10,True,1.0,1.0,1.0,1.0,1.0,1.0,0.0504,0.0504,/work/Agent_benchmark/Pathology-CoT/post_eval/TCGA_LUNG_Classification/ROI/roi_overlap_results.csv,True,True
TCGA-93-A4JN-01Z-00-DX1.ED4C9365-6CCF-4AEE-B4C9-3CC5EC57286C,Pathology-CoT,TCGA_LUNG_Classification,0.05,1,True,1.0,0.9436,0.9436,0.9436,0.9436,0.9436,0.0159,0.0159,/work/Agent_benchmark/Pathology-CoT/post_eval/TCGA_LUNG_Classification/ROI/roi_overlap_results.csv,True,True
TCGA-93-A4JO-01Z-00-DX1.314C53B6-603C-402B-8CF7-E3CE851A0A0F,Pathology-CoT,TCGA_LUNG_Classification,0.05,7,True,1.0,1.0,0.9941857142857142,1.0,0.9941857142857142,0.9941,0.0325,0.0325,/work/Agent_benchmark/Pathology-CoT/post_eval/TCGA_LUNG_Classification/ROI/roi_overlap_results.csv,True,True
TCGA-93-A4JP-01Z-00-DX1.994E229B-5251-4F61-8C41-863047F3A136,Pathology-CoT,TCGA_LUNG_Classification,0.05,1,True,1.0,1.0,1.0,1.0,1.0,1.0,0.0068,0.0068,/work/Agent_benchmark/Pathology-CoT/post_eval/TCGA_LUNG_Classification/ROI/roi_overlap_results.csv,True,True
TCGA-93-A4JQ-01Z-00-DX1.24573112-917C-43E9-B0FD-763C290AA88A,Pathology-CoT,TCGA_LUNG_Classification,0.05,1,True,1.0,1.0,1.0,1.0,1.0,1.0,0.016,0.016,/work/Agent_benchmark/Pathology-CoT/post_eval/TCGA_LUNG_Classification/ROI/roi_overlap_results.csv,True,True
TCGA-95-7039-01Z-00-DX1.C191A46D-A667-4BF6-8E6B-3E5CBF9DF43F,Pathology-CoT,TCGA_LUNG_Classification,0.05,2,True,1.0,1.0,1.0,1.0,1.0,1.0,0.0331,0.0331,/work/Agent_benchmark/Pathology-CoT/post_eval/TCGA_LUNG_Classification/ROI/roi_overlap_results.csv,True,True
TCGA-95-7043-01Z-00-DX1.AE0FD8AA-9B88-45FE-B247-402BED1285EF,Pathology-CoT,TCGA_LUNG_Classification,0.05,1,True,1.0,0.1629,0.1629,0.1629,0.1629,0.1629,0.0069,0.0067,/work/Agent_benchmark/Pathology-CoT/post_eval/TCGA_LUNG_Classification/ROI/roi_overlap_results.csv,True,True
TCGA-95-7562-01Z-00-DX1.C722891A-C5C6-4F0D-A73F-259FA8DB2394,Pathology-CoT,TCGA_LUNG_Classification,0.05,2,True,1.0,1.0,1.0,1.0,1.0,1.0,0.022,0.022,/work/Agent_benchmark/Pathology-CoT/post_eval/TCGA_LUNG_Classification/ROI/roi_overlap_results.csv,True,True
TCGA-95-7567-01Z-00-DX1.982FF122-A440-4949-926C-B58AF8381090,Pathology-CoT,TCGA_LUNG_Classification,0.05,1,True,1.0,1.0,1.0,1.0,1.0,1.0,0.0252,0.0252,/work/Agent_benchmark/Pathology-CoT/post_eval/TCGA_LUNG_Classification/ROI/roi_overlap_results.csv,True,True
TCGA-95-7944-01Z-00-DX1.E66A3565-7B0D-412B-9C0C-81D7397E8B87,Pathology-CoT,TCGA_LUNG_Classification,0.05,4,True,1.0,0.9983,0.7842,0.9983,0.7842,0.7753,0.1112,0.1077,/work/Agent_benchmark/Pathology-CoT/post_eval/TCGA_LUNG_Classification/ROI/roi_overlap_results.csv,False,True
TCGA-95-7947-01Z-00-DX1.44291078-2D8E-4E79-8FAB-439E52BAAD60,Pathology-CoT,TCGA_LUNG_Classification,0.05,1,False,,0.0,0.0,,,0.0,0.0,0.0,/work/Agent_benchmark/Pathology-CoT/post_eval/TCGA_LUNG_Classification/ROI/roi_overlap_results.csv,True,True
TCGA-95-7948-01Z-00-DX1.FF1AEF38-19E5-4475-87C8-B318204FEF1D,Pathology-CoT,TCGA_LUNG_Classification,0.05,2,True,2.0,1.0,0.5,1.0,1.0,0.4774,0.024,0.0234,/work/Agent_benchmark/Pathology-CoT/post_eval/TCGA_LUNG_Classification/ROI/roi_overlap_results.csv,True,True
TCGA-95-8039-01Z-00-DX1.38b07435-987d-495d-9940-ba5f20e6ef97,Pathology-CoT,TCGA_LUNG_Classification,0.05,1,True,1.0,1.0,1.0,1.0,1.0,1.0,0.0118,0.0118,/work/Agent_benchmark/Pathology-CoT/post_eval/TCGA_LUNG_Classification/ROI/roi_overlap_results.csv,True,True
TCGA-95-8494-01Z-00-DX1.716299EF-71BB-4095-8F4D-F0C2252CE594,Pathology-CoT,TCGA_LUNG_Classification,0.05,1,True,1.0,0.989,0.989,0.989,0.989,0.989,0.0345,0.0345,/work/Agent_benchmark/Pathology-CoT/post_eval/TCGA_LUNG_Classification/ROI/roi_overlap_results.csv,True,True
TCGA-95-A4VK-01Z-00-DX1.D09778E0-285E-4593-84C8-B6009DDF4E41,Pathology-CoT,TCGA_LUNG_Classification,0.05,1,True,1.0,1.0,1.0,1.0,1.0,1.0,0.0127,0.0127,/work/Agent_benchmark/Pathology-CoT/post_eval/TCGA_LUNG_Classification/ROI/roi_overlap_results.csv,True,True
TCGA-95-A4VN-01Z-00-DX1.B997A80F-C396-40AB-808A-B70EB83A2B74,Pathology-CoT,TCGA_LUNG_Classification,0.05,2,True,1.0,1.0,1.0,1.0,1.0,1.0,0.0132,0.0132,/work/Agent_benchmark/Pathology-CoT/post_eval/TCGA_LUNG_Classification/ROI/roi_overlap_results.csv,True,True
TCGA-95-A4VP-01Z-00-DX1.1B145AC0-2471-4974-BBB6-C88BDF0BE8BD,Pathology-CoT,TCGA_LUNG_Classification,0.05,1,True,1.0,0.9877,0.9877,0.9877,0.9877,0.9877,0.1279,0.1277,/work/Agent_benchmark/Pathology-CoT/post_eval/TCGA_LUNG_Classification/ROI/roi_overlap_results.csv,True,True
TCGA-97-7546-01Z-00-DX1.dad9871f-cdfb-424d-a5b2-4e0905c29137,Pathology-CoT,TCGA_LUNG_Classification,0.05,1,True,1.0,0.9809,0.9809,0.9809,0.9809,0.9809,0.0051,0.0051,/work/Agent_benchmark/Pathology-CoT/post_eval/TCGA_LUNG_Classification/ROI/roi_overlap_results.csv,True,True
TCGA-97-7547-01Z-00-DX1.3563966f-21ee-4405-9106-9e0bf8df9f1a,Pathology-CoT,TCGA_LUNG_Classification,0.05,10,True,1.0,1.0,0.71677,1.0,0.8959625,0.7158,0.0411,0.0404,/work/Agent_benchmark/Pathology-CoT/post_eval/TCGA_LUNG_Classification/ROI/roi_overlap_results.csv,True,True
TCGA-97-7552-01Z-00-DX1.a5ab8959-ff7a-4287-b014-87439957fb67,Pathology-CoT,TCGA_LUNG_Classification,0.05,1,True,1.0,1.0,1.0,1.0,1.0,1.0,0.0158,0.0158,/work/Agent_benchmark/Pathology-CoT/post_eval/TCGA_LUNG_Classification/ROI/roi_overlap_results.csv,True,True
TCGA-97-7553-01Z-00-DX1.e31eec5e-0053-407a-b057-9b87555b122d,Pathology-CoT,TCGA_LUNG_Classification,0.05,2,True,1.0,1.0,0.8110999999999999,1.0,0.8110999999999999,0.7616,0.0293,0.029,/work/Agent_benchmark/Pathology-CoT/post_eval/TCGA_LUNG_Classification/ROI/roi_overlap_results.csv,True,True
TCGA-97-7554-01Z-00-DX1.4107ca63-4642-42b9-b6f2-13778ecaf9a7,Pathology-CoT,TCGA_LUNG_Classification,0.05,10,True,1.0,1.0,1.0,1.0,1.0,1.0,0.0575,0.0575,/work/Agent_benchmark/Pathology-CoT/post_eval/TCGA_LUNG_Classification/ROI/roi_overlap_results.csv,True,True
TCGA-97-7937-01Z-00-DX1.6db4b2ff-722c-4bb8-b12f-15f1a38b4ab1,Pathology-CoT,TCGA_LUNG_Classification,0.05,2,True,1.0,1.0,0.998,1.0,0.998,0.9984,0.0402,0.0402,/work/Agent_benchmark/Pathology-CoT/post_eval/TCGA_LUNG_Classification/ROI/roi_overlap_results.csv,True,True
TCGA-97-7938-01Z-00-DX1.d774d0a2-ee34-43ba-9d9d-34bf9718292e,Pathology-CoT,TCGA_LUNG_Classification,0.05,5,True,1.0,1.0,1.0,1.0,1.0,1.0,0.0252,0.0252,/work/Agent_benchmark/Pathology-CoT/post_eval/TCGA_LUNG_Classification/ROI/roi_overlap_results.csv,True,True
TCGA-97-7941-01Z-00-DX1.6845ef95-2231-44a2-aeae-004a117f1964,Pathology-CoT,TCGA_LUNG_Classification,0.05,1,False,,0.0,0.0,,,0.0,0.0,0.0,/work/Agent_benchmark/Pathology-CoT/post_eval/TCGA_LUNG_Classification/ROI/roi_overlap_results.csv,True,True
TCGA-97-8171-01Z-00-DX1.a55cbfd1-6674-4206-b3e0-2a4f12a74e5d,Pathology-CoT,TCGA_LUNG_Classification,0.05,1,True,1.0,0.9735,0.9735,0.9735,0.9735,0.9735,0.0158,0.0158,/work/Agent_benchmark/Pathology-CoT/post_eval/TCGA_LUNG_Classification/ROI/roi_overlap_results.csv,False,True
TCGA-97-8172-01Z-00-DX1.812ab977-692e-42f8-af57-7ce9084ab045,Pathology-CoT,TCGA_LUNG_Classification,0.05,7,True,1.0,1.0,0.9940142857142857,1.0,0.9940142857142857,0.9945,0.0995,0.0995,/work/Agent_benchmark/Pathology-CoT/post_eval/TCGA_LUNG_Classification/ROI/roi_overlap_results.csv,True,True
TCGA-97-8175-01Z-00-DX1.f7148cec-5e4b-46ac-b167-d41b36eb3ee5,Pathology-CoT,TCGA_LUNG_Classification,0.05,1,True,1.0,1.0,1.0,1.0,1.0,1.0,0.0255,0.0255,/work/Agent_benchmark/Pathology-CoT/post_eval/TCGA_LUNG_Classification/ROI/roi_overlap_results.csv,False,True
TCGA-97-8177-01Z-00-DX1.4c2ddf48-40d3-4fa0-8b5f-0485e8270ac7,Pathology-CoT,TCGA_LUNG_Classification,0.05,8,True,1.0,1.0,1.0,1.0,1.0,1.0,0.0759,0.0759,/work/Agent_benchmark/Pathology-CoT/post_eval/TCGA_LUNG_Classification/ROI/roi_overlap_results.csv,True,True
TCGA-97-8179-01Z-00-DX1.5501338a-dd89-4c41-8267-5baaaea71643,Pathology-CoT,TCGA_LUNG_Classification,0.05,1,False,,0.0,0.0,,,0.0,0.0,0.0,/work/Agent_benchmark/Pathology-CoT/post_eval/TCGA_LUNG_Classification/ROI/roi_overlap_results.csv,False,True
TCGA-97-8552-01Z-00-DX1.69631717-0E05-49C1-B112-15C2E36BC2F8,Pathology-CoT,TCGA_LUNG_Classification,0.05,1,True,1.0,0.9627,0.9627,0.9627,0.9627,0.9627,0.0403,0.0402,/work/Agent_benchmark/Pathology-CoT/post_eval/TCGA_LUNG_Classification/ROI/roi_overlap_results.csv,True,True
TCGA-97-A4LX-01Z-00-DX1.B2334672-A626-4E74-B4D1-A79F70F65909,Pathology-CoT,TCGA_LUNG_Classification,0.05,2,True,1.0,1.0,0.9804999999999999,1.0,0.9804999999999999,0.9855,0.0132,0.0132,/work/Agent_benchmark/Pathology-CoT/post_eval/TCGA_LUNG_Classification/ROI/roi_overlap_results.csv,True,True
TCGA-97-A4M0-01Z-00-DX1.BDDFB04C-2475-485A-9A85-C4B9EB15155E,Pathology-CoT,TCGA_LUNG_Classification,0.05,1,True,1.0,1.0,1.0,1.0,1.0,1.0,0.0909,0.0909,/work/Agent_benchmark/Pathology-CoT/post_eval/TCGA_LUNG_Classification/ROI/roi_overlap_results.csv,False,True
TCGA-97-A4M1-01Z-00-DX1.1C4B8247-BA3F-4841-BC9D-554F03F7894C,Pathology-CoT,TCGA_LUNG_Classification,0.05,1,True,1.0,1.0,1.0,1.0,1.0,1.0,0.0126,0.0126,/work/Agent_benchmark/Pathology-CoT/post_eval/TCGA_LUNG_Classification/ROI/roi_overlap_results.csv,True,True
TCGA-97-A4M2-01Z-00-DX1.5C72522C-1538-4D68-B517-5FB05A9D401A,Pathology-CoT,TCGA_LUNG_Classification,0.05,1,False,,0.0,0.0,,,0.0,0.0,0.0,/work/Agent_benchmark/Pathology-CoT/post_eval/TCGA_LUNG_Classification/ROI/roi_overlap_results.csv,True,True
TCGA-97-A4M3-01Z-00-DX1.16330A66-2501-48D2-AF6A-713698BF6918,Pathology-CoT,TCGA_LUNG_Classification,0.05,7,True,1.0,1.0,0.8571428571428571,1.0,1.0,0.9414,0.0902,0.0897,/work/Agent_benchmark/Pathology-CoT/post_eval/TCGA_LUNG_Classification/ROI/roi_overlap_results.csv,True,True
TCGA-97-A4M5-01Z-00-DX1.283AFBA6-A349-425F-A18E-5CA186084C23,Pathology-CoT,TCGA_LUNG_Classification,0.05,4,True,1.0,1.0,1.0,1.0,1.0,1.0,0.0709,0.0709,/work/Agent_benchmark/Pathology-CoT/post_eval/TCGA_LUNG_Classification/ROI/roi_overlap_results.csv,True,True
TCGA-97-A4M6-01Z-00-DX1.01D83621-3D8E-4339-9F9B-CBD3083D5AE0,Pathology-CoT,TCGA_LUNG_Classification,0.05,1,True,1.0,1.0,1.0,1.0,1.0,1.0,0.0324,0.0324,/work/Agent_benchmark/Pathology-CoT/post_eval/TCGA_LUNG_Classification/ROI/roi_overlap_results.csv,True,True
TCGA-97-A4M7-01Z-00-DX1.111ED60D-6E4A-47E9-AFD0-C2A109DE2C60,Pathology-CoT,TCGA_LUNG_Classification,0.05,1,False,,0.0,0.0,,,0.0,0.0,0.0,/work/Agent_benchmark/Pathology-CoT/post_eval/TCGA_LUNG_Classification/ROI/roi_overlap_results.csv,True,True
TCGA-97-A4M7-01Z-00-DX2.9D0A8A7E-5A84-439B-B3D1-DFA22BC6ED87,Pathology-CoT,TCGA_LUNG_Classification,0.05,10,True,1.0,1.0,0.99685,1.0,0.99685,0.9969,0.0783,0.0783,/work/Agent_benchmark/Pathology-CoT/post_eval/TCGA_LUNG_Classification/ROI/roi_overlap_results.csv,False,True
TCGA-99-7458-01Z-00-DX1.10ea0b2c-c763-40d1-83a4-3d4ae957fdb0,Pathology-CoT,TCGA_LUNG_Classification,0.05,5,True,3.0,1.0,0.2,1.0,1.0,0.1475,0.0104,0.0098,/work/Agent_benchmark/Pathology-CoT/post_eval/TCGA_LUNG_Classification/ROI/roi_overlap_results.csv,True,True
TCGA-99-8025-01Z-00-DX1.76d4e012-91a7-4f1d-ba0f-4cecd812ec49,Pathology-CoT,TCGA_LUNG_Classification,0.05,1,False,,0.0,0.0,,,0.0,0.0,0.0,/work/Agent_benchmark/Pathology-CoT/post_eval/TCGA_LUNG_Classification/ROI/roi_overlap_results.csv,True,True
TCGA-99-8028-01Z-00-DX1.23de89b1-67f8-41fb-980a-010ea190d687,Pathology-CoT,TCGA_LUNG_Classification,0.05,3,True,1.0,1.0,0.9991333333333333,1.0,0.9991333333333333,0.9984,0.1974,0.1973,/work/Agent_benchmark/Pathology-CoT/post_eval/TCGA_LUNG_Classification/ROI/roi_overlap_results.csv,True,True
TCGA-99-8032-01Z-00-DX1.7380b78f-ea25-43e0-ac90-194b5c6b1432,Pathology-CoT,TCGA_LUNG_Classification,0.05,3,True,2.0,1.0,0.6666666666666666,1.0,1.0,0.6183,0.0892,0.0846,/work/Agent_benchmark/Pathology-CoT/post_eval/TCGA_LUNG_Classification/ROI/roi_overlap_results.csv,True,True
TCGA-99-8033-01Z-00-DX1.06f8ca81-c0a7-4ab5-b2fe-d5fc6671e29d,Pathology-CoT,TCGA_LUNG_Classification,0.05,1,True,1.0,1.0,1.0,1.0,1.0,1.0,0.0645,0.0645,/work/Agent_benchmark/Pathology-CoT/post_eval/TCGA_LUNG_Classification/ROI/roi_overlap_results.csv,True,True
TCGA-99-AA5R-01Z-00-DX1.4DE7FC30-D338-49CE-B8D9-EB0F34A3DD0B,Pathology-CoT,TCGA_LUNG_Classification,0.05,4,True,1.0,1.0,0.748675,1.0,0.9982333333333333,0.7598,0.0742,0.0725,/work/Agent_benchmark/Pathology-CoT/post_eval/TCGA_LUNG_Classification/ROI/roi_overlap_results.csv,False,True
TCGA-J2-8192-01Z-00-DX1.A784F381-7906-480F-99A1-0B88005953A0,Pathology-CoT,TCGA_LUNG_Classification,0.05,1,False,,0.0,0.0,,,0.0,0.0,0.0,/work/Agent_benchmark/Pathology-CoT/post_eval/TCGA_LUNG_Classification/ROI/roi_overlap_results.csv,True,True
TCGA-J2-8194-01Z-00-DX1.7700924D-B6AF-46A7-A7D7-B5C17A66C5F7,Pathology-CoT,TCGA_LUNG_Classification,0.05,2,True,1.0,0.5999,0.29995,0.5999,0.5999,0.3008,0.0184,0.0176,/work/Agent_benchmark/Pathology-CoT/post_eval/TCGA_LUNG_Classification/ROI/roi_overlap_results.csv,True,True
TCGA-J2-A4AD-01Z-00-DX1.C3C3B0C6-0666-4CCF-8422-345560B237DA,Pathology-CoT,TCGA_LUNG_Classification,0.05,4,True,4.0,1.0,0.25,1.0,1.0,0.4017,0.1456,0.1196,/work/Agent_benchmark/Pathology-CoT/post_eval/TCGA_LUNG_Classification/ROI/roi_overlap_results.csv,True,True
TCGA-J2-A4AE-01Z-00-DX1.42C5DE4A-7787-4E59-8969-D12503262C96,Pathology-CoT,TCGA_LUNG_Classification,0.05,1,True,1.0,0.612,0.612,0.612,0.612,0.612,0.0567,0.0547,/work/Agent_benchmark/Pathology-CoT/post_eval/TCGA_LUNG_Classification/ROI/roi_overlap_results.csv,True,True
TCGA-J2-A4AG-01Z-00-DX1.487780B8-18E7-494A-8054-5637239870EB,Pathology-CoT,TCGA_LUNG_Classification,0.05,10,True,1.0,1.0,0.70462,1.0,0.7792777777777777,0.7087,0.0937,0.0902,/work/Agent_benchmark/Pathology-CoT/post_eval/TCGA_LUNG_Classification/ROI/roi_overlap_results.csv,True,True
TCGA-L4-A4E5-01Z-00-DX1.C2A5EF71-1F40-4E34-AC30-58D7121C1338,Pathology-CoT,TCGA_LUNG_Classification,0.05,10,True,1.0,1.0,0.9698800000000001,1.0,0.9698800000000001,0.9667,0.0576,0.0574,/work/Agent_benchmark/Pathology-CoT/post_eval/TCGA_LUNG_Classification/ROI/roi_overlap_results.csv,True,True
TCGA-L4-A4E6-01Z-00-DX1.1B537DE0-2CE3-4B90-9ED3-71F1F8747EE9,Pathology-CoT,TCGA_LUNG_Classification,0.05,1,True,1.0,0.991,0.991,0.991,0.991,0.991,0.0187,0.0187,/work/Agent_benchmark/Pathology-CoT/post_eval/TCGA_LUNG_Classification/ROI/roi_overlap_results.csv,True,True
TCGA-L9-A443-01Z-00-DX1.9F68A13A-2865-41BF-88A7-B0DF75961C6F,Pathology-CoT,TCGA_LUNG_Classification,0.05,2,True,1.0,1.0,0.97605,1.0,0.97605,0.9653,0.0987,0.0984,/work/Agent_benchmark/Pathology-CoT/post_eval/TCGA_LUNG_Classification/ROI/roi_overlap_results.csv,True,True
TCGA-L9-A444-01Z-00-DX1.88CF6F01-0C1F-4572-81E3-1A5790692861,Pathology-CoT,TCGA_LUNG_Classification,0.05,1,True,1.0,0.9952,0.9952,0.9952,0.9952,0.9952,0.0489,0.0489,/work/Agent_benchmark/Pathology-CoT/post_eval/TCGA_LUNG_Classification/ROI/roi_overlap_results.csv,True,True
TCGA-L9-A50W-01Z-00-DX1.21FAAB58-58EF-4A6A-8F0A-16D9AB9B1056,Pathology-CoT,TCGA_LUNG_Classification,0.05,10,True,1.0,1.0,1.0,1.0,1.0,1.0,0.0527,0.0527,/work/Agent_benchmark/Pathology-CoT/post_eval/TCGA_LUNG_Classification/ROI/roi_overlap_results.csv,True,True
TCGA-L9-A5IP-01Z-00-DX1.E699D989-8BB8-41DF-9B95-A880858653E6,Pathology-CoT,TCGA_LUNG_Classification,0.05,10,True,4.0,1.0,0.36976,1.0,0.9244,0.3546,0.0446,0.0412,/work/Agent_benchmark/Pathology-CoT/post_eval/TCGA_LUNG_Classification/ROI/roi_overlap_results.csv,False,True
TCGA-L9-A743-01Z-00-DX1.27ED2955-E8B5-4A3C-ADAA-82568ECCFB83,Pathology-CoT,TCGA_LUNG_Classification,0.05,10,True,1.0,1.0,1.0,1.0,1.0,1.0,0.0446,0.0446,/work/Agent_benchmark/Pathology-CoT/post_eval/TCGA_LUNG_Classification/ROI/roi_overlap_results.csv,True,True
TCGA-L9-A7SV-01Z-00-DX1.153B8E2D-54CE-4747-A22E-7A6ADCA03DB5,Pathology-CoT,TCGA_LUNG_Classification,0.05,1,True,1.0,1.0,1.0,1.0,1.0,1.0,0.049,0.049,/work/Agent_benchmark/Pathology-CoT/post_eval/TCGA_LUNG_Classification/ROI/roi_overlap_results.csv,False,True
TCGA-L9-A8F4-01Z-00-DX1.E2BBB8DE-94E2-4781-9B55-8A4CFBF8A69D,Pathology-CoT,TCGA_LUNG_Classification,0.05,10,True,1.0,1.0,0.9,1.0,1.0,0.9688,0.0786,0.0784,/work/Agent_benchmark/Pathology-CoT/post_eval/TCGA_LUNG_Classification/ROI/roi_overlap_results.csv,False,True
TCGA-MN-A4N1-01Z-00-DX1.07CD10C3-73A7-47E5-AD45-45458CE33107,Pathology-CoT,TCGA_LUNG_Classification,0.05,1,True,1.0,0.999,0.999,0.999,0.999,0.999,0.0294,0.0294,/work/Agent_benchmark/Pathology-CoT/post_eval/TCGA_LUNG_Classification/ROI/roi_overlap_results.csv,True,True
TCGA-MN-A4N1-01Z-00-DX2.9B0852C4-16BF-4962-B86F-E2570E48A89E,Pathology-CoT,TCGA_LUNG_Classification,0.05,10,True,2.0,1.0,0.6517999999999999,1.0,0.81475,0.7489,0.0452,0.0445,/work/Agent_benchmark/Pathology-CoT/post_eval/TCGA_LUNG_Classification/ROI/roi_overlap_results.csv,True,True
TCGA-MN-A4N4-01Z-00-DX1.7D8352EF-7A4B-4084-9612-CF92D9D16041,Pathology-CoT,TCGA_LUNG_Classification,0.05,1,False,,0.0,0.0,,,0.0,0.0,0.0,/work/Agent_benchmark/Pathology-CoT/post_eval/TCGA_LUNG_Classification/ROI/roi_overlap_results.csv,True,True
TCGA-MN-A4N4-01Z-00-DX2.9550732D-8FB1-43D9-B094-7C0CD310E9C0,Pathology-CoT,TCGA_LUNG_Classification,0.05,6,True,1.0,0.9688,0.34484999999999993,0.9688,0.6896999999999999,0.3117,0.0208,0.0199,/work/Agent_benchmark/Pathology-CoT/post_eval/TCGA_LUNG_Classification/ROI/roi_overlap_results.csv,True,True
TCGA-MN-A4N5-01Z-00-DX1.D0FBA0D2-6245-4EFD-AF2B-849215600DBE,Pathology-CoT,TCGA_LUNG_Classification,0.05,1,True,1.0,0.9893,0.9893,0.9893,0.9893,0.9893,0.0344,0.0344,/work/Agent_benchmark/Pathology-CoT/post_eval/TCGA_LUNG_Classification/ROI/roi_overlap_results.csv,True,True
TCGA-MP-A4SV-01Z-00-DX1.5430F2CF-BE4B-42D6-9CD4-92E6FB3F6E99,Pathology-CoT,TCGA_LUNG_Classification,0.05,7,True,1.0,1.0,0.9343,1.0,0.9343,0.9499,0.0503,0.0502,/work/Agent_benchmark/Pathology-CoT/post_eval/TCGA_LUNG_Classification/ROI/roi_overlap_results.csv,True,True
TCGA-MP-A4SW-01Z-00-DX1.A6651B25-A35A-4BDE-9EBF-D264A02003C8,Pathology-CoT,TCGA_LUNG_Classification,0.05,6,True,1.0,1.0,1.0,1.0,1.0,1.0,0.0455,0.0455,/work/Agent_benchmark/Pathology-CoT/post_eval/TCGA_LUNG_Classification/ROI/roi_overlap_results.csv,True,True
TCGA-MP-A4SY-01Z-00-DX1.9535274F-C850-409E-80A1-B933B2F1A110,Pathology-CoT,TCGA_LUNG_Classification,0.05,1,True,1.0,1.0,1.0,1.0,1.0,1.0,0.0108,0.0108,/work/Agent_benchmark/Pathology-CoT/post_eval/TCGA_LUNG_Classification/ROI/roi_overlap_results.csv,True,True
TCGA-MP-A4T2-01Z-00-DX1.ADE8B45C-26F3-465E-ADB6-2C36E6326974,Pathology-CoT,TCGA_LUNG_Classification,0.05,1,False,,0.0,0.0,,,0.0,0.0,0.0,/work/Agent_benchmark/Pathology-CoT/post_eval/TCGA_LUNG_Classification/ROI/roi_overlap_results.csv,False,True
TCGA-MP-A4T4-01Z-00-DX1.5F72FF0B-59C0-4E95-A8C1-BF22A948F7AC,Pathology-CoT,TCGA_LUNG_Classification,0.05,1,True,1.0,1.0,1.0,1.0,1.0,1.0,0.0089,0.0089,/work/Agent_benchmark/Pathology-CoT/post_eval/TCGA_LUNG_Classification/ROI/roi_overlap_results.csv,True,True
TCGA-MP-A4T6-01Z-00-DX1.085C4F5A-DB1B-434A-9D62-E2187D133B0A,Pathology-CoT,TCGA_LUNG_Classification,0.05,10,True,1.0,1.0,1.0,1.0,1.0,1.0,0.0331,0.0331,/work/Agent_benchmark/Pathology-CoT/post_eval/TCGA_LUNG_Classification/ROI/roi_overlap_results.csv,True,True
TCGA-MP-A4T7-01Z-00-DX1.C74D7A5B-1D1A-423B-85CA-C11E0CCF5873,Pathology-CoT,TCGA_LUNG_Classification,0.05,10,True,1.0,1.0,0.68622,1.0,0.68622,0.7386,0.0608,0.0595,/work/Agent_benchmark/Pathology-CoT/post_eval/TCGA_LUNG_Classification/ROI/roi_overlap_results.csv,True,True
TCGA-MP-A4T8-01Z-00-DX1.3ECB340F-66C7-4F64-8E00-463BF82AAD83,Pathology-CoT,TCGA_LUNG_Classification,0.05,1,True,1.0,1.0,1.0,1.0,1.0,1.0,0.0089,0.0089,/work/Agent_benchmark/Pathology-CoT/post_eval/TCGA_LUNG_Classification/ROI/roi_overlap_results.csv,True,True
TCGA-MP-A4T9-01Z-00-DX1.F7B341C4-EBCD-455F-BE90-3B77AC6B76EC,Pathology-CoT,TCGA_LUNG_Classification,0.05,1,True,1.0,1.0,1.0,1.0,1.0,1.0,0.012,0.012,/work/Agent_benchmark/Pathology-CoT/post_eval/TCGA_LUNG_Classification/ROI/roi_overlap_results.csv,False,True
TCGA-MP-A4TA-01Z-00-DX1.11DDADA4-B7A2-4216-9B18-7AD993AE12E4,Pathology-CoT,TCGA_LUNG_Classification,0.05,10,True,1.0,1.0,0.7,1.0,1.0,0.7835,0.0613,0.0603,/work/Agent_benchmark/Pathology-CoT/post_eval/TCGA_LUNG_Classification/ROI/roi_overlap_results.csv,True,True
TCGA-MP-A4TC-01Z-00-DX1.C7DB4A7F-F6B8-4FA0-84C1-9B87D41C7749,Pathology-CoT,TCGA_LUNG_Classification,0.05,1,True,1.0,0.4277,0.4277,0.4277,0.4277,0.4277,0.0173,0.0169,/work/Agent_benchmark/Pathology-CoT/post_eval/TCGA_LUNG_Classification/ROI/roi_overlap_results.csv,True,True
TCGA-MP-A4TD-01Z-00-DX1.937DEBC9-F5D5-4682-AA9A-13D8226EE06C,Pathology-CoT,TCGA_LUNG_Classification,0.05,1,True,1.0,1.0,1.0,1.0,1.0,1.0,0.0215,0.0215,/work/Agent_benchmark/Pathology-CoT/post_eval/TCGA_LUNG_Classification/ROI/roi_overlap_results.csv,True,True
TCGA-MP-A4TE-01Z-00-DX1.B4680570-FD2E-47A5-8D50-A508CEB6A62C,Pathology-CoT,TCGA_LUNG_Classification,0.05,1,True,1.0,0.9801,0.9801,0.9801,0.9801,0.9801,0.0824,0.0822,/work/Agent_benchmark/Pathology-CoT/post_eval/TCGA_LUNG_Classification/ROI/roi_overlap_results.csv,True,True
TCGA-MP-A4TF-01Z-00-DX1.F98B0438-6D32-4EA3-ABA8-E624457EA658,Pathology-CoT,TCGA_LUNG_Classification,0.05,9,True,1.0,1.0,0.9927666666666666,1.0,0.9927666666666666,0.9946,0.062,0.062,/work/Agent_benchmark/Pathology-CoT/post_eval/TCGA_LUNG_Classification/ROI/roi_overlap_results.csv,True,True
TCGA-MP-A4TH-01Z-00-DX1.E89D2C19-F9B2-4BF2-AA5F-6104CBC076D1,Pathology-CoT,TCGA_LUNG_Classification,0.05,10,True,1.0,1.0,0.9539899999999999,1.0,0.9539899999999999,0.9279,0.0586,0.0583,/work/Agent_benchmark/Pathology-CoT/post_eval/TCGA_LUNG_Classification/ROI/roi_overlap_results.csv,True,True
TCGA-MP-A4TI-01Z-00-DX1.08AB4C0B-F953-41B5-A9BB-7452A8E34A54,Pathology-CoT,TCGA_LUNG_Classification,0.05,2,True,2.0,1.0,0.5,1.0,1.0,0.5404,0.0272,0.0266,/work/Agent_benchmark/Pathology-CoT/post_eval/TCGA_LUNG_Classification/ROI/roi_overlap_results.csv,True,True
TCGA-MP-A4TJ-01Z-00-DX1.14EDBE5C-5D0C-4002-BE95-AF5C9D9F3D43,Pathology-CoT,TCGA_LUNG_Classification,0.05,10,True,1.0,1.0,0.92113,1.0,0.92113,0.9335,0.0405,0.0404,/work/Agent_benchmark/Pathology-CoT/post_eval/TCGA_LUNG_Classification/ROI/roi_overlap_results.csv,True,True
TCGA-MP-A4TK-01Z-00-DX1.57494698-D9D9-4C04-AAB2-16616CCFDCC9,Pathology-CoT,TCGA_LUNG_Classification,0.05,8,True,1.0,1.0,0.6106125,1.0,0.6978428571428571,0.6177,0.0451,0.0439,/work/Agent_benchmark/Pathology-CoT/post_eval/TCGA_LUNG_Classification/ROI/roi_overlap_results.csv,True,True
TCGA-MP-A5C7-01Z-00-DX1.26E5FA5A-3E6D-4CD3-8FA2-F331B7012311,Pathology-CoT,TCGA_LUNG_Classification,0.05,1,True,1.0,1.0,1.0,1.0,1.0,1.0,0.0166,0.0166,/work/Agent_benchmark/Pathology-CoT/post_eval/TCGA_LUNG_Classification/ROI/roi_overlap_results.csv,True,True
TCGA-NJ-A4YF-01Z-00-DX1.4A3DE76A-9F1E-4766-A013-5E7E3A665071,Pathology-CoT,TCGA_LUNG_Classification,0.05,1,True,1.0,0.9347,0.9347,0.9347,0.9347,0.9347,0.0214,0.0214,/work/Agent_benchmark/Pathology-CoT/post_eval/TCGA_LUNG_Classification/ROI/roi_overlap_results.csv,True,True
TCGA-NJ-A4YG-01Z-00-DX1.507BAE41-5EE9-4657-AAD1-AD456750BA2F,Pathology-CoT,TCGA_LUNG_Classification,0.05,3,True,1.0,1.0,1.0,1.0,1.0,1.0,0.0244,0.0244,/work/Agent_benchmark/Pathology-CoT/post_eval/TCGA_LUNG_Classification/ROI/roi_overlap_results.csv,True,True
TCGA-NJ-A4YI-01Z-00-DX1.C4111D01-27BF-486F-8E0E-C8053DB16133,Pathology-CoT,TCGA_LUNG_Classification,0.05,1,False,,0.0,0.0,,,0.0,0.0,0.0,/work/Agent_benchmark/Pathology-CoT/post_eval/TCGA_LUNG_Classification/ROI/roi_overlap_results.csv,True,True
TCGA-NJ-A4YP-01Z-00-DX1.148BFF66-4DC7-468C-8783-97F27C2E1245,Pathology-CoT,TCGA_LUNG_Classification,0.05,1,True,1.0,1.0,1.0,1.0,1.0,1.0,0.0078,0.0078,/work/Agent_benchmark/Pathology-CoT/post_eval/TCGA_LUNG_Classification/ROI/roi_overlap_results.csv,True,True
TCGA-NJ-A4YQ-01Z-00-DX1.56C29975-77E9-4822-A9E1-83AD70D6C5F7,Pathology-CoT,TCGA_LUNG_Classification,0.05,2,False,,0.0,0.0,,,0.0,0.0,0.0,/work/Agent_benchmark/Pathology-CoT/post_eval/TCGA_LUNG_Classification/ROI/roi_overlap_results.csv,True,True
TCGA-NJ-A55A-01Z-00-DX1.42C356FE-52A3-4A60-886B-75F84ADBC534,Pathology-CoT,TCGA_LUNG_Classification,0.05,7,True,1.0,1.0,0.46328571428571425,1.0,0.6486,0.4695,0.0306,0.0296,/work/Agent_benchmark/Pathology-CoT/post_eval/TCGA_LUNG_Classification/ROI/roi_overlap_results.csv,True,True
TCGA-NJ-A55O-01Z-00-DX1.8E23C821-B8BB-4D89-9E38-E97424A685CE,Pathology-CoT,TCGA_LUNG_Classification,0.05,5,True,1.0,1.0,0.7173799999999999,1.0,0.7173799999999999,0.6348,0.1607,0.1471,/work/Agent_benchmark/Pathology-CoT/post_eval/TCGA_LUNG_Classification/ROI/roi_overlap_results.csv,True,True
TCGA-NJ-A55R-01Z-00-DX1.2E2B3642-4E1C-47DB-AF7B-988D586C0986,Pathology-CoT,TCGA_LUNG_Classification,0.05,1,True,1.0,1.0,1.0,1.0,1.0,1.0,0.0237,0.0237,/work/Agent_benchmark/Pathology-CoT/post_eval/TCGA_LUNG_Classification/ROI/roi_overlap_results.csv,True,True
TCGA-NJ-A7XG-01Z-00-DX1.4A876254-653C-410B-A36C-55FC41C1DD93,Pathology-CoT,TCGA_LUNG_Classification,0.05,1,True,1.0,1.0,1.0,1.0,1.0,1.0,0.0081,0.0081,/work/Agent_benchmark/Pathology-CoT/post_eval/TCGA_LUNG_Classification/ROI/roi_overlap_results.csv,False,True
TCGA-O1-A52J-01Z-00-DX1.26F6ECCA-D614-4950-98E6-4D76E82F71B4,Pathology-CoT,TCGA_LUNG_Classification,0.05,2,True,1.0,1.0,1.0,1.0,1.0,1.0,0.0171,0.0171,/work/Agent_benchmark/Pathology-CoT/post_eval/TCGA_LUNG_Classification/ROI/roi_overlap_results.csv,True,True
TCGA-S2-AA1A-01Z-00-DX1.4B5D5FAE-8305-4D2D-B245-584589352886,Pathology-CoT,TCGA_LUNG_Classification,0.05,9,True,1.0,1.0,0.8975111111111111,1.0,0.8975111111111111,0.9058,0.1056,0.1044,/work/Agent_benchmark/Pathology-CoT/post_eval/TCGA_LUNG_Classification/ROI/roi_overlap_results.csv,True,True
TCGA-05-4244-01Z-00-DX1.d4ff32cd-38cf-40ea-8213-45c2b100ac01,slide_seek,TCGA_LUNG_Classification,0.05,12,True,8.0,1.0,0.16666666666666666,1.0,1.0,0.2074,0.0148,0.014,/work/Agent_benchmark/slide_seek/post_eval/TCGA_LUNG_Classification/ROI/roi_overlap_results.csv,False,True
TCGA-05-4245-01Z-00-DX1.36ff5403-d4bb-4415-b2c5-7c750d655cde,slide_seek,TCGA_LUNG_Classification,0.05,5,False,,0.0,0.0,,,0.0,0.0,0.0,/work/Agent_benchmark/slide_seek/post_eval/TCGA_LUNG_Classification/ROI/roi_overlap_results.csv,False,True
TCGA-05-4249-01Z-00-DX1.9fce0297-cc19-4c04-872c-4466ee4024db,slide_seek,TCGA_LUNG_Classification,0.05,4,True,1.0,1.0,1.0,1.0,1.0,1.0,0.0106,0.0106,/work/Agent_benchmark/slide_seek/post_eval/TCGA_LUNG_Classification/ROI/roi_overlap_results.csv,True,True
TCGA-05-4250-01Z-00-DX1.90f67fdf-dff9-46ca-af71-0978d7c221ba,slide_seek,TCGA_LUNG_Classification,0.05,30,True,1.0,1.0,0.5779833333333333,1.0,0.8669749999999998,0.7182,0.1079,0.1035,/work/Agent_benchmark/slide_seek/post_eval/TCGA_LUNG_Classification/ROI/roi_overlap_results.csv,False,True
TCGA-05-4382-01Z-00-DX1.76b49a4c-dbbb-48b0-b677-6d3037e5ce88,slide_seek,TCGA_LUNG_Classification,0.05,13,True,7.0,1.0,0.2370615384615385,1.0,0.76815,0.0254,0.0184,0.0108,/work/Agent_benchmark/slide_seek/post_eval/TCGA_LUNG_Classification/ROI/roi_overlap_results.csv,True,True
TCGA-05-4384-01Z-00-DX1.CA68BF29-BBE3-4C8E-B48B-554431A9EE13,slide_seek,TCGA_LUNG_Classification,0.05,9,True,1.0,0.6512,0.3946888888888889,0.6512,0.4380625,0.3532,0.997,0.3529,/work/Agent_benchmark/slide_seek/post_eval/TCGA_LUNG_Classification/ROI/roi_overlap_results.csv,True,True
TCGA-05-4390-01Z-00-DX1.858E64DF-DD3E-4F43-B7C1-CE35B33F1C90,slide_seek,TCGA_LUNG_Classification,0.05,27,True,1.0,1.0,0.5926851851851852,1.0,0.5926851851851852,0.4571,0.7716,0.4027,/work/Agent_benchmark/slide_seek/post_eval/TCGA_LUNG_Classification/ROI/roi_overlap_results.csv,False,True
TCGA-05-4395-01Z-00-DX1.20205276-ca16-46b2-914a-fe5e576a5cf9,slide_seek,TCGA_LUNG_Classification,0.05,6,True,1.0,1.0,1.0,1.0,1.0,1.0,0.1293,0.1293,/work/Agent_benchmark/slide_seek/post_eval/TCGA_LUNG_Classification/ROI/roi_overlap_results.csv,True,True
TCGA-05-4396-01Z-00-DX1.49DD5F68-7473-4945-B384-EA6D5AE383CB,slide_seek,TCGA_LUNG_Classification,0.05,3,True,1.0,1.0,0.6703333333333333,1.0,1.0,0.6703,0.0044,0.0044,/work/Agent_benchmark/slide_seek/post_eval/TCGA_LUNG_Classification/ROI/roi_overlap_results.csv,True,True
TCGA-05-4397-01Z-00-DX1.00e9cdb3-b50e-439c-86b0-d7b73b802c0d,slide_seek,TCGA_LUNG_Classification,0.05,45,True,1.0,1.0,0.6641355555555555,1.0,0.878464705882353,0.5702,0.1524,0.1367,/work/Agent_benchmark/slide_seek/post_eval/TCGA_LUNG_Classification/ROI/roi_overlap_results.csv,False,True
TCGA-05-4398-01Z-00-DX1.269bc75f-492e-48b1-87ee-85924aa80e74,slide_seek,TCGA_LUNG_Classification,0.05,22,True,14.0,0.5786,0.04442727272727273,0.5786,0.48655000000000004,0.0582,0.0317,0.0209,/work/Agent_benchmark/slide_seek/post_eval/TCGA_LUNG_Classification/ROI/roi_overlap_results.csv,False,True
TCGA-05-4402-01Z-00-DX1.c653ddc2-88c1-45ac-88e7-4e512b8e8d53,slide_seek,TCGA_LUNG_Classification,0.05,4,True,1.0,1.0,1.0,1.0,1.0,1.0,0.057,0.057,/work/Agent_benchmark/slide_seek/post_eval/TCGA_LUNG_Classification/ROI/roi_overlap_results.csv,False,True
TCGA-05-4403-01Z-00-DX1.fee8e988-956c-42a2-a6c5-06b6d6736295,slide_seek,TCGA_LUNG_Classification,0.05,5,False,,0.0,0.0,,,0.0,0.0,0.0,/work/Agent_benchmark/slide_seek/post_eval/TCGA_LUNG_Classification/ROI/roi_overlap_results.csv,False,True
TCGA-05-4405-01Z-00-DX1.D57EC2B2-3A59-4954-86A7-61782938BCC5,slide_seek,TCGA_LUNG_Classification,0.05,23,True,2.0,1.0,0.2541869565217391,1.0,0.41759285714285715,0.2059,0.1646,0.1007,/work/Agent_benchmark/slide_seek/post_eval/TCGA_LUNG_Classification/ROI/roi_overlap_results.csv,False,True
TCGA-05-4410-01Z-00-DX1.E5B66334-4949-4F45-9200-296B1A2F1AD5,slide_seek,TCGA_LUNG_Classification,0.05,20,True,1.0,1.0,0.7688349999999999,1.0,0.8542611111111111,0.6405,0.1154,0.1084,/work/Agent_benchmark/slide_seek/post_eval/TCGA_LUNG_Classification/ROI/roi_overlap_results.csv,True,True
TCGA-05-4415-01Z-00-DX1.55E0C429-B308-4962-8DA9-41D7D3F7764E,slide_seek,TCGA_LUNG_Classification,0.05,33,False,,0.0,0.0,,,0.0,0.0,0.0,/work/Agent_benchmark/slide_seek/post_eval/TCGA_LUNG_Classification/ROI/roi_overlap_results.csv,False,True
TCGA-05-4417-01Z-00-DX1.6E534856-996F-4BD9-8AFC-7B1BF627E505,slide_seek,TCGA_LUNG_Classification,0.05,59,True,2.0,1.0,0.7014271186440678,1.0,0.7390035714285714,0.7104,0.0479,0.047,/work/Agent_benchmark/slide_seek/post_eval/TCGA_LUNG_Classification/ROI/roi_overlap_results.csv,False,True
TCGA-05-4418-01Z-00-DX1.f3863ea5-564f-482f-9878-cc104cf69401,slide_seek,TCGA_LUNG_Classification,0.05,2,False,,0.0,0.0,,,0.0,0.0,0.0,/work/Agent_benchmark/slide_seek/post_eval/TCGA_LUNG_Classification/ROI/roi_overlap_results.csv,False,True
TCGA-05-4420-01Z-00-DX1.2df0552e-87dc-491e-9be2-be8fbce2660d,slide_seek,TCGA_LUNG_Classification,0.05,31,True,1.0,1.0,1.0,1.0,1.0,1.0,0.0469,0.0469,/work/Agent_benchmark/slide_seek/post_eval/TCGA_LUNG_Classification/ROI/roi_overlap_results.csv,True,True
TCGA-05-4422-01Z-00-DX1.4802093f-71ea-43d5-bd92-b4bd7fc8c5bf,slide_seek,TCGA_LUNG_Classification,0.05,45,True,31.0,0.8887,0.01974888888888889,0.8887,0.8887,0.1652,0.046,0.0373,/work/Agent_benchmark/slide_seek/post_eval/TCGA_LUNG_Classification/ROI/roi_overlap_results.csv,False,True
TCGA-05-4424-01Z-00-DX1.4892016C-1A96-4A72-ACB8-FFD282FC4E69,slide_seek,TCGA_LUNG_Classification,0.05,65,False,,0.0382,0.0005876923076923076,,,0.0022,0.0027,0.0012,/work/Agent_benchmark/slide_seek/post_eval/TCGA_LUNG_Classification/ROI/roi_overlap_results.csv,False,True
TCGA-05-4425-01Z-00-DX1.82B093EE-49BC-4FD9-91AC-4CC89944309D,slide_seek,TCGA_LUNG_Classification,0.05,48,True,1.0,1.0,0.62783125,1.0,0.9114090909090908,0.5516,0.6768,0.4366,/work/Agent_benchmark/slide_seek/post_eval/TCGA_LUNG_Classification/ROI/roi_overlap_results.csv,False,True
TCGA-05-4426-01Z-00-DX1.4c9da782-f4aa-4c4f-b3aa-fae2259f236f,slide_seek,TCGA_LUNG_Classification,0.05,21,True,1.0,1.0,0.5961333333333334,1.0,0.62594,0.5843,0.5149,0.3769,/work/Agent_benchmark/slide_seek/post_eval/TCGA_LUNG_Classification/ROI/roi_overlap_results.csv,False,True
TCGA-05-4427-01Z-00-DX1.36CF4E93-3FBB-4346-A26B-85F0D9D0575D,slide_seek,TCGA_LUNG_Classification,0.05,14,True,6.0,1.0,0.5,1.0,1.0,0.3304,0.0061,0.006,/work/Agent_benchmark/slide_seek/post_eval/TCGA_LUNG_Classification/ROI/roi_overlap_results.csv,False,True
TCGA-05-4430-01Z-00-DX1.95659bbb-3091-4370-bc1d-6c6c1baa7b3d,slide_seek,TCGA_LUNG_Classification,0.05,10,True,1.0,0.9215,0.23556,0.9215,0.47112,0.3955,0.1176,0.0996,/work/Agent_benchmark/slide_seek/post_eval/TCGA_LUNG_Classification/ROI/roi_overlap_results.csv,False,True
TCGA-05-4432-01Z-00-DX1.90d00d62-402b-404a-85e2-0edf869193ab,slide_seek,TCGA_LUNG_Classification,0.05,22,True,1.0,1.0,1.0,1.0,1.0,1.0,0.0568,0.0568,/work/Agent_benchmark/slide_seek/post_eval/TCGA_LUNG_Classification/ROI/roi_overlap_results.csv,False,True
TCGA-05-4433-01Z-00-DX1.5843D3CC-CB24-4A0A-BB65-78A5DAA11D84,slide_seek,TCGA_LUNG_Classification,0.05,3,True,1.0,1.0,1.0,1.0,1.0,1.0,0.0021,0.0021,/work/Agent_benchmark/slide_seek/post_eval/TCGA_LUNG_Classification/ROI/roi_overlap_results.csv,True,True
TCGA-05-4434-01Z-00-DX1.f3f5c89c-306f-4876-98fa-f7bd231f2e10,slide_seek,TCGA_LUNG_Classification,0.05,17,True,1.0,1.0,0.9411764705882353,1.0,1.0,0.844,0.0132,0.0132,/work/Agent_benchmark/slide_seek/post_eval/TCGA_LUNG_Classification/ROI/roi_overlap_results.csv,False,True
TCGA-05-5420-01Z-00-DX1.8C253A99-44FD-48B6-AF31-D808CCB7DB1E,slide_seek,TCGA_LUNG_Classification,0.05,4,True,1.0,0.9254,0.33244999999999997,0.9254,0.33244999999999997,0.5996,0.4321,0.3353,/work/Agent_benchmark/slide_seek/post_eval/TCGA_LUNG_Classification/ROI/roi_overlap_results.csv,True,True
TCGA-05-5423-01Z-00-DX1.CCCF5FDB-ACAD-4D9D-80DF-556F0D6284AF,slide_seek,TCGA_LUNG_Classification,0.05,51,True,1.0,1.0,0.9343431372549019,1.0,0.9723469387755103,0.8092,0.247,0.2334,/work/Agent_benchmark/slide_seek/post_eval/TCGA_LUNG_Classification/ROI/roi_overlap_results.csv,True,True
TCGA-05-5425-01Z-00-DX1.85865B2F-4888-43DD-A501-458BEFCF832B,slide_seek,TCGA_LUNG_Classification,0.05,62,True,1.0,1.0,0.8508064516129032,1.0,0.8930271186440678,0.8005,0.2869,0.2677,/work/Agent_benchmark/slide_seek/post_eval/TCGA_LUNG_Classification/ROI/roi_overlap_results.csv,True,True
TCGA-05-5429-01Z-00-DX1.20729065-FADA-4E43-98D7-AFA5FB4A0447,slide_seek,TCGA_LUNG_Classification,0.05,16,True,2.0,1.0,0.6611875,1.0,0.7535571428571429,0.3047,0.6188,0.2565,/work/Agent_benchmark/slide_seek/post_eval/TCGA_LUNG_Classification/ROI/roi_overlap_results.csv,False,True
TCGA-05-5715-01Z-00-DX1.D3F0A1FA-2507-45FF-823F-F9981E62BB4C,slide_seek,TCGA_LUNG_Classification,0.05,87,True,1.0,1.0,0.6054988505747125,1.0,0.8485806451612903,0.4319,0.4079,0.2654,/work/Agent_benchmark/slide_seek/post_eval/TCGA_LUNG_Classification/ROI/roi_overlap_results.csv,False,True
TCGA-18-3406-01Z-00-DX1.8D07F006-425C-4724-BBB3-5BA099401234,slide_seek,TCGA_LUNG_Classification,0.05,1,False,,0.0,0.0,,,0.0,0.0,0.0,/work/Agent_benchmark/slide_seek/post_eval/TCGA_LUNG_Classification/ROI/roi_overlap_results.csv,False,True
TCGA-18-3407-01Z-00-DX1.E7DDA7E3-45A2-4E06-A081-E6A81A672155,slide_seek,TCGA_LUNG_Classification,0.05,25,True,13.0,0.177,0.0070799999999999995,0.177,0.177,0.0093,0.0014,0.0012,/work/Agent_benchmark/slide_seek/post_eval/TCGA_LUNG_Classification/ROI/roi_overlap_results.csv,False,True
TCGA-18-3408-01Z-00-DX1.B4AFC08A-7460-4EE6-B033-629C6A6CA6E8,slide_seek,TCGA_LUNG_Classification,0.05,94,False,,0.0,0.0,,,0.0,0.0,0.0,/work/Agent_benchmark/slide_seek/post_eval/TCGA_LUNG_Classification/ROI/roi_overlap_results.csv,False,True
TCGA-18-3409-01Z-00-DX1.3E32CC78-B066-4F85-A781-EDAF39DE0704,slide_seek,TCGA_LUNG_Classification,0.05,14,False,,0.0,0.0,,,0.0,0.0,0.0,/work/Agent_benchmark/slide_seek/post_eval/TCGA_LUNG_Classification/ROI/roi_overlap_results.csv,False,True
TCGA-18-3410-01Z-00-DX1.DB186D75-4AEE-4E1B-83D5-5A1970F03581,slide_seek,TCGA_LUNG_Classification,0.05,25,True,1.0,1.0,0.24,1.0,1.0,0.2683,0.001,0.001,/work/Agent_benchmark/slide_seek/post_eval/TCGA_LUNG_Classification/ROI/roi_overlap_results.csv,False,True
TCGA-18-3411-01Z-00-DX1.D9228674-5B13-44CB-A7AE-C64FD97A3BBB,slide_seek,TCGA_LUNG_Classification,0.05,4,True,1.0,1.0,0.75,1.0,1.0,0.6667,0.0065,0.0065,/work/Agent_benchmark/slide_seek/post_eval/TCGA_LUNG_Classification/ROI/roi_overlap_results.csv,False,True
TCGA-18-3412-01Z-00-DX1.699A17A5-356B-42F8-815A-5DBD60293242,slide_seek,TCGA_LUNG_Classification,0.05,45,True,1.0,1.0,1.0,1.0,1.0,1.0,0.0439,0.0439,/work/Agent_benchmark/slide_seek/post_eval/TCGA_LUNG_Classification/ROI/roi_overlap_results.csv,False,True
TCGA-18-3414-01Z-00-DX1.B76AF657-7A93-4F33-BC1A-2E8BF652FC17,slide_seek,TCGA_LUNG_Classification,0.05,12,True,1.0,1.0,0.543225,1.0,0.9296142857142857,0.3037,0.1674,0.121,/work/Agent_benchmark/slide_seek/post_eval/TCGA_LUNG_Classification/ROI/roi_overlap_results.csv,False,True
TCGA-18-3415-01Z-00-DX1.8C62F2CD-4A2F-4D1E-A662-D7D5AFE557AB,slide_seek,TCGA_LUNG_Classification,0.05,18,True,7.0,1.0,0.6666666666666666,1.0,1.0,0.4568,0.0029,0.0029,/work/Agent_benchmark/slide_seek/post_eval/TCGA_LUNG_Classification/ROI/roi_overlap_results.csv,False,True
TCGA-18-3416-01Z-00-DX1.EDAD3DEB-8A86-4F34-82EC-6691BFDE900D,slide_seek,TCGA_LUNG_Classification,0.05,22,True,1.0,1.0,0.7198454545454546,1.0,0.931564705882353,0.5299,0.1837,0.158,/work/Agent_benchmark/slide_seek/post_eval/TCGA_LUNG_Classification/ROI/roi_overlap_results.csv,False,True
TCGA-18-3417-01Z-00-DX1.B424DA03-9007-4FD0-9A92-BCB40319711C,slide_seek,TCGA_LUNG_Classification,0.05,62,True,1.0,1.0,1.0,1.0,1.0,1.0,0.0026,0.0026,/work/Agent_benchmark/slide_seek/post_eval/TCGA_LUNG_Classification/ROI/roi_overlap_results.csv,True,True
TCGA-18-3419-01Z-00-DX1.69597BCF-2D4E-4D9B-B4E8-C03137445AF4,slide_seek,TCGA_LUNG_Classification,0.05,30,True,1.0,1.0,0.6808133333333333,1.0,0.9725904761904761,0.8107,0.0085,0.0084,/work/Agent_benchmark/slide_seek/post_eval/TCGA_LUNG_Classification/ROI/roi_overlap_results.csv,False,True
TCGA-18-3421-01Z-00-DX1.3777597A-8B36-48A9-B950-C8233392A6D5,slide_seek,TCGA_LUNG_Classification,0.05,65,True,1.0,1.0,0.7692307692307693,1.0,1.0,0.7063,0.0102,0.0102,/work/Agent_benchmark/slide_seek/post_eval/TCGA_LUNG_Classification/ROI/roi_overlap_results.csv,False,True
TCGA-18-4083-01Z-00-DX1.337D4583-326F-4108-9441-DC74FAED6AE2,slide_seek,TCGA_LUNG_Classification,0.05,5,True,3.0,1.0,0.6,1.0,1.0,0.6,0.0011,0.0011,/work/Agent_benchmark/slide_seek/post_eval/TCGA_LUNG_Classification/ROI/roi_overlap_results.csv,False,True
TCGA-18-4086-01Z-00-DX1.1D06B771-F978-4763-8D4E-7B540E02C55A,slide_seek,TCGA_LUNG_Classification,0.05,41,True,1.0,1.0,0.975609756097561,1.0,1.0,0.9635,0.0067,0.0067,/work/Agent_benchmark/slide_seek/post_eval/TCGA_LUNG_Classification/ROI/roi_overlap_results.csv,False,True
TCGA-18-4721-01Z-00-DX1.C4952E79-071A-49C5-8E28-474442832D4E,slide_seek,TCGA_LUNG_Classification,0.05,61,True,1.0,1.0,0.3845688524590164,1.0,0.8688407407407408,0.3408,0.0041,0.0041,/work/Agent_benchmark/slide_seek/post_eval/TCGA_LUNG_Classification/ROI/roi_overlap_results.csv,False,True
TCGA-18-5592-01Z-00-DX1.41BD6380-A3A0-4ED1-8752-42BBC3B4680C,slide_seek,TCGA_LUNG_Classification,0.05,21,True,1.0,1.0,0.7330380952380952,1.0,0.9621125,0.6885,0.0037,0.0037,/work/Agent_benchmark/slide_seek/post_eval/TCGA_LUNG_Classification/ROI/roi_overlap_results.csv,False,True
TCGA-18-5595-01Z-00-DX1.75235488-2F6F-42CE-8D7D-0E9A360E1C61,slide_seek,TCGA_LUNG_Classification,0.05,5,True,2.0,0.7659,0.30636,0.7659,0.7659,0.2553,0.0004,0.0004,/work/Agent_benchmark/slide_seek/post_eval/TCGA_LUNG_Classification/ROI/roi_overlap_results.csv,False,True
TCGA-21-1070-01Z-00-DX1.06363f8a-ef29-4d73-95da-a3172d7873c0,slide_seek,TCGA_LUNG_Classification,0.05,4,True,1.0,1.0,0.96135,1.0,0.96135,0.9614,0.0481,0.048,/work/Agent_benchmark/slide_seek/post_eval/TCGA_LUNG_Classification/ROI/roi_overlap_results.csv,False,True
TCGA-21-1071-01Z-00-DX1.a9bba825-1c92-4101-9086-c4d1c91117af,slide_seek,TCGA_LUNG_Classification,0.05,3,True,1.0,1.0,0.6666666666666666,1.0,1.0,0.5,0.0214,0.021,/work/Agent_benchmark/slide_seek/post_eval/TCGA_LUNG_Classification/ROI/roi_overlap_results.csv,False,True
TCGA-21-1072-01Z-00-DX1.9e6c90ad-0529-4b8b-a4f8-1b05430600f9,slide_seek,TCGA_LUNG_Classification,0.05,82,True,58.0,1.0,0.012195121951219513,1.0,1.0,0.0221,0.0012,0.0012,/work/Agent_benchmark/slide_seek/post_eval/TCGA_LUNG_Classification/ROI/roi_overlap_results.csv,False,True
TCGA-21-1075-01Z-00-DX1.937872ae-4d6f-4d7a-b54f-b7e797cb84b0,slide_seek,TCGA_LUNG_Classification,0.05,9,True,1.0,1.0,0.7098333333333333,1.0,0.9123714285714285,0.7098,0.1669,0.1562,/work/Agent_benchmark/slide_seek/post_eval/TCGA_LUNG_Classification/ROI/roi_overlap_results.csv,False,True
TCGA-21-1076-01Z-00-DX1.533ca070-93e0-4d49-8770-8f42f341ca38,slide_seek,TCGA_LUNG_Classification,0.05,8,True,1.0,1.0,1.0,1.0,1.0,1.0,0.0083,0.0083,/work/Agent_benchmark/slide_seek/post_eval/TCGA_LUNG_Classification/ROI/roi_overlap_results.csv,False,True
TCGA-21-1077-01Z-00-DX1.e7d0d3ca-b24c-4b2b-bb8f-13cc6991fb78,slide_seek,TCGA_LUNG_Classification,0.05,13,True,1.0,1.0,0.9599461538461539,1.0,0.9599461538461539,0.9367,0.0221,0.0221,/work/Agent_benchmark/slide_seek/post_eval/TCGA_LUNG_Classification/ROI/roi_overlap_results.csv,False,True
TCGA-21-1078-01Z-00-DX1.12d4a290-04fa-413e-b274-7c143d42c266,slide_seek,TCGA_LUNG_Classification,0.05,36,True,1.0,1.0,0.057583333333333334,1.0,0.40695999999999993,0.2052,0.0051,0.005,/work/Agent_benchmark/slide_seek/post_eval/TCGA_LUNG_Classification/ROI/roi_overlap_results.csv,False,True
TCGA-21-1079-01Z-00-DX1.fb8e44cd-f73f-48a4-82d2-34f334d79f53,slide_seek,TCGA_LUNG_Classification,0.05,6,True,1.0,0.9146,0.3131,0.9146,0.37572,0.2017,0.0198,0.0184,/work/Agent_benchmark/slide_seek/post_eval/TCGA_LUNG_Classification/ROI/roi_overlap_results.csv,False,True
TCGA-21-1080-01Z-00-DX1.7afa55df-e460-406e-ae9a-43ac4a71d0b0,slide_seek,TCGA_LUNG_Classification,0.05,5,True,1.0,0.6706,0.2537,0.6706,0.63425,0.5864,0.0209,0.0206,/work/Agent_benchmark/slide_seek/post_eval/TCGA_LUNG_Classification/ROI/roi_overlap_results.csv,False,True
TCGA-21-1081-01Z-00-DX1.fce8927a-2c5f-4a64-8414-da66424b3859,slide_seek,TCGA_LUNG_Classification,0.05,1,True,1.0,1.0,1.0,1.0,1.0,1.0,0.0007,0.0007,/work/Agent_benchmark/slide_seek/post_eval/TCGA_LUNG_Classification/ROI/roi_overlap_results.csv,True,True
TCGA-21-1082-01Z-00-DX1.cae5bbaa-76f5-416d-b532-16cf773e017e,slide_seek,TCGA_LUNG_Classification,0.05,6,True,1.0,1.0,0.6605500000000001,1.0,0.9908250000000001,0.5927,0.0481,0.0465,/work/Agent_benchmark/slide_seek/post_eval/TCGA_LUNG_Classification/ROI/roi_overlap_results.csv,False,True
TCGA-21-1083-01Z-00-DX1.8288ca92-b611-4acf-986e-0b8a3f620b94,slide_seek,TCGA_LUNG_Classification,0.05,1,True,1.0,1.0,1.0,1.0,1.0,1.0,0.0012,0.0012,/work/Agent_benchmark/slide_seek/post_eval/TCGA_LUNG_Classification/ROI/roi_overlap_results.csv,False,True
TCGA-21-5782-01Z-00-DX1.E0C856C0-9055-4437-9393-695D699E4F57,slide_seek,TCGA_LUNG_Classification,0.05,5,True,3.0,0.9851,0.33564,0.9851,0.8391,0.231,0.0112,0.0108,/work/Agent_benchmark/slide_seek/post_eval/TCGA_LUNG_Classification/ROI/roi_overlap_results.csv,True,True
TCGA-21-5783-01Z-00-DX1.3FAB28DF-5748-42D5-8257-3D440C4FB5FB,slide_seek,TCGA_LUNG_Classification,0.05,33,True,1.0,1.0,0.10496969696969696,1.0,0.866,0.1195,0.002,0.002,/work/Agent_benchmark/slide_seek/post_eval/TCGA_LUNG_Classification/ROI/roi_overlap_results.csv,False,True
TCGA-21-5784-01Z-00-DX1.E50E7F4B-BE37-4171-94A7-E824CFF4B3BB,slide_seek,TCGA_LUNG_Classification,0.05,63,True,47.0,1.0,0.24513174603174603,1.0,0.96459375,0.2581,0.0203,0.0192,/work/Agent_benchmark/slide_seek/post_eval/TCGA_LUNG_Classification/ROI/roi_overlap_results.csv,False,True
TCGA-21-5786-01Z-00-DX1.928370C0-0BD4-43D6-94EB-FE7CB172265E,slide_seek,TCGA_LUNG_Classification,0.05,7,True,1.0,0.8916,0.766357142857143,0.8916,0.766357142857143,0.6872,0.0012,0.0012,/work/Agent_benchmark/slide_seek/post_eval/TCGA_LUNG_Classification/ROI/roi_overlap_results.csv,False,True
TCGA-21-5787-01Z-00-DX1.FEE037E3-B9B0-4C2E-97EF-D6E4F64E1DF9,slide_seek,TCGA_LUNG_Classification,0.05,15,True,1.0,1.0,0.9333333333333333,1.0,1.0,0.925,0.0041,0.0041,/work/Agent_benchmark/slide_seek/post_eval/TCGA_LUNG_Classification/ROI/roi_overlap_results.csv,False,True
TCGA-21-A5DI-01Z-00-DX1.E9123261-ADE7-468C-9E9A-334E131FFF97,slide_seek,TCGA_LUNG_Classification,0.05,1,False,,0.0,0.0,,,0.0,0.0,0.0,/work/Agent_benchmark/slide_seek/post_eval/TCGA_LUNG_Classification/ROI/roi_overlap_results.csv,True,True
TCGA-22-0940-01Z-00-DX1.775CB101-6A55-40DD-B19F-7BFCA7820F5F,slide_seek,TCGA_LUNG_Classification,0.05,71,True,28.0,1.0,0.1430943661971831,1.0,0.8466416666666667,0.1423,0.0081,0.0078,/work/Agent_benchmark/slide_seek/post_eval/TCGA_LUNG_Classification/ROI/roi_overlap_results.csv,False,True
TCGA-22-0944-01Z-00-DX1.3DC7624F-2D59-40D5-9E1F-95FCCD80D0C4,slide_seek,TCGA_LUNG_Classification,0.05,9,True,1.0,1.0,0.5031333333333333,1.0,0.90564,0.441,0.0147,0.0144,/work/Agent_benchmark/slide_seek/post_eval/TCGA_LUNG_Classification/ROI/roi_overlap_results.csv,False,True
TCGA-22-1000-01Z-00-DX1.D2ACF3D3-6187-49A1-ABBC-8D8E611EEE55,slide_seek,TCGA_LUNG_Classification,0.05,19,True,2.0,0.8833,0.046489473684210525,0.8833,0.8833,0.0194,0.0005,0.0005,/work/Agent_benchmark/slide_seek/post_eval/TCGA_LUNG_Classification/ROI/roi_overlap_results.csv,True,True
TCGA-22-1002-01Z-00-DX1.A41CF987-B2E7-4ADE-8580-735631EEE963,slide_seek,TCGA_LUNG_Classification,0.05,34,True,3.0,0.8841,0.04184705882352941,0.8841,0.70455,0.1197,0.1249,0.0651,/work/Agent_benchmark/slide_seek/post_eval/TCGA_LUNG_Classification/ROI/roi_overlap_results.csv,False,True
TCGA-22-1005-01Z-00-DX1.4A151CC3-E57F-4345-817A-2B9DBAF98477,slide_seek,TCGA_LUNG_Classification,0.05,13,True,3.0,1.0,0.44236923076923074,1.0,0.9583833333333334,0.7576,0.0058,0.0058,/work/Agent_benchmark/slide_seek/post_eval/TCGA_LUNG_Classification/ROI/roi_overlap_results.csv,True,True
TCGA-22-1011-01Z-00-DX1.A67E3D3F-4B94-4335-8199-03B7CB75608E,slide_seek,TCGA_LUNG_Classification,0.05,48,True,1.0,1.0,0.6029333333333333,1.0,0.9979586206896551,0.6648,0.0065,0.0064,/work/Agent_benchmark/slide_seek/post_eval/TCGA_LUNG_Classification/ROI/roi_overlap_results.csv,False,True
TCGA-22-1012-01Z-00-DX1.053F81FA-F91A-42B0-8F12-CD2495FA9E99,slide_seek,TCGA_LUNG_Classification,0.05,35,True,1.0,1.0,0.7020914285714286,1.0,0.980324,0.7301,0.0039,0.0038,/work/Agent_benchmark/slide_seek/post_eval/TCGA_LUNG_Classification/ROI/roi_overlap_results.csv,False,True
TCGA-22-1016-01Z-00-DX1.807510FD-222D-4E65-B261-3EB0815F8A50,slide_seek,TCGA_LUNG_Classification,0.05,1,True,1.0,1.0,1.0,1.0,1.0,1.0,0.0008,0.0008,/work/Agent_benchmark/slide_seek/post_eval/TCGA_LUNG_Classification/ROI/roi_overlap_results.csv,False,True
TCGA-22-1017-01Z-00-DX1.9562FE79-A261-42D3-B394-F3E0E2FF7DDA,slide_seek,TCGA_LUNG_Classification,0.05,80,True,1.0,1.0,0.9625,1.0,1.0,0.953,0.0346,0.0345,/work/Agent_benchmark/slide_seek/post_eval/TCGA_LUNG_Classification/ROI/roi_overlap_results.csv,True,True
TCGA-22-4591-01Z-00-DX1.8C89ABEB-A1E3-47D1-B247-02539EF3F959,slide_seek,TCGA_LUNG_Classification,0.05,2,True,1.0,1.0,1.0,1.0,1.0,1.0,0.0039,0.0039,/work/Agent_benchmark/slide_seek/post_eval/TCGA_LUNG_Classification/ROI/roi_overlap_results.csv,True,True
TCGA-22-4593-01Z-00-DX1.B573D1D5-88CE-4989-8A18-F9545E8ACA82,slide_seek,TCGA_LUNG_Classification,0.05,24,True,1.0,1.0,0.7055166666666667,1.0,0.9960235294117648,0.5238,0.0014,0.0014,/work/Agent_benchmark/slide_seek/post_eval/TCGA_LUNG_Classification/ROI/roi_overlap_results.csv,False,True
TCGA-22-4594-01Z-00-DX1.3FCEBC89-8473-4841-87A2-F84AF58A7793,slide_seek,TCGA_LUNG_Classification,0.05,42,True,1.0,1.0,1.0,1.0,1.0,1.0,0.0046,0.0046,/work/Agent_benchmark/slide_seek/post_eval/TCGA_LUNG_Classification/ROI/roi_overlap_results.csv,False,True
TCGA-22-4595-01Z-00-DX1.42F28D1E-7AC2-4113-B4EC-F1E7850EA14D,slide_seek,TCGA_LUNG_Classification,0.05,72,True,1.0,1.0,0.8472944444444445,1.0,1.0,0.8805,0.014,0.014,/work/Agent_benchmark/slide_seek/post_eval/TCGA_LUNG_Classification/ROI/roi_overlap_results.csv,False,True
TCGA-22-4596-01Z-00-DX1.0B754257-5EBB-4ABF-A847-7EFA71C7D9E7,slide_seek,TCGA_LUNG_Classification,0.05,38,True,4.0,1.0,0.08779999999999999,1.0,0.82365,0.1382,0.0367,0.0299,/work/Agent_benchmark/slide_seek/post_eval/TCGA_LUNG_Classification/ROI/roi_overlap_results.csv,False,True
TCGA-22-4599-01Z-00-DX1.2178D5C0-A444-44F5-B878-F5D1FB2943C9,slide_seek,TCGA_LUNG_Classification,0.05,11,True,1.0,1.0,1.0,1.0,1.0,1.0,0.0046,0.0046,/work/Agent_benchmark/slide_seek/post_eval/TCGA_LUNG_Classification/ROI/roi_overlap_results.csv,False,True
TCGA-22-4601-01Z-00-DX1.2EABA7B1-1E31-4AFE-B97B-D40EEAD66D85,slide_seek,TCGA_LUNG_Classification,0.05,32,True,1.0,1.0,1.0,1.0,1.0,1.0,0.0087,0.0087,/work/Agent_benchmark/slide_seek/post_eval/TCGA_LUNG_Classification/ROI/roi_overlap_results.csv,False,True
TCGA-22-4604-01Z-00-DX1.C398D192-8564-42AB-89B8-461F0830D8A1,slide_seek,TCGA_LUNG_Classification,0.05,14,True,1.0,1.0,0.3190714285714286,1.0,0.8934000000000001,0.1588,0.002,0.002,/work/Agent_benchmark/slide_seek/post_eval/TCGA_LUNG_Classification/ROI/roi_overlap_results.csv,False,True
TCGA-22-4605-01Z-00-DX1.5B725941-80CE-497B-8A1E-856D16DD2870,slide_seek,TCGA_LUNG_Classification,0.05,12,True,2.0,1.0,0.9166666666666666,1.0,1.0,0.8631,0.0015,0.0015,/work/Agent_benchmark/slide_seek/post_eval/TCGA_LUNG_Classification/ROI/roi_overlap_results.csv,False,True
TCGA-22-4607-01Z-00-DX1.5C521672-8405-43A2-ACB5-16174A74BCB7,slide_seek,TCGA_LUNG_Classification,0.05,41,True,1.0,1.0,0.5703682926829269,1.0,0.9743791666666667,0.551,0.0036,0.0035,/work/Agent_benchmark/slide_seek/post_eval/TCGA_LUNG_Classification/ROI/roi_overlap_results.csv,False,True
TCGA-22-4609-01Z-00-DX1.35112DF6-5AD4-4EF5-8D00-41AEED41C246,slide_seek,TCGA_LUNG_Classification,0.05,9,True,1.0,1.0,0.6126444444444444,1.0,0.9189666666666666,0.5642,0.0485,0.0467,/work/Agent_benchmark/slide_seek/post_eval/TCGA_LUNG_Classification/ROI/roi_overlap_results.csv,False,True
TCGA-22-4613-01Z-00-DX1.4BC3B7B8-99E7-4744-8F5A-089ECCDE144E,slide_seek,TCGA_LUNG_Classification,0.05,49,True,1.0,1.0,0.919257142857143,1.0,0.9583617021276597,0.8776,0.0089,0.0089,/work/Agent_benchmark/slide_seek/post_eval/TCGA_LUNG_Classification/ROI/roi_overlap_results.csv,True,True
TCGA-22-5471-01Z-00-DX1.AACEB098-E9B8-4A2B-905E-7D66BE962922,slide_seek,TCGA_LUNG_Classification,0.05,25,True,3.0,1.0,0.527344,1.0,0.8159000000000001,0.6944,0.0199,0.0198,/work/Agent_benchmark/slide_seek/post_eval/TCGA_LUNG_Classification/ROI/roi_overlap_results.csv,True,True
TCGA-22-5472-01Z-00-DX1.1E2A1D5E-C7D3-449E-910F-1199A396804C,slide_seek,TCGA_LUNG_Classification,0.05,19,True,1.0,1.0,1.0,1.0,1.0,1.0,0.0059,0.0059,/work/Agent_benchmark/slide_seek/post_eval/TCGA_LUNG_Classification/ROI/roi_overlap_results.csv,False,True
TCGA-22-5473-01Z-00-DX1.C452FE31-443B-43AE-A5FA-451DF0127F8F,slide_seek,TCGA_LUNG_Classification,0.05,4,True,1.0,1.0,0.75,1.0,1.0,0.75,0.0115,0.0115,/work/Agent_benchmark/slide_seek/post_eval/TCGA_LUNG_Classification/ROI/roi_overlap_results.csv,False,True
TCGA-22-5474-01Z-00-DX1.8736FB24-7E65-4ACB-9325-382D7F864F62,slide_seek,TCGA_LUNG_Classification,0.05,24,True,1.0,1.0,0.92695,1.0,0.9672521739130435,0.9436,0.0313,0.0313,/work/Agent_benchmark/slide_seek/post_eval/TCGA_LUNG_Classification/ROI/roi_overlap_results.csv,False,True
TCGA-22-5477-01Z-00-DX1.D4CA03F8-FFA8-4926-B93C-EBFDC6791B1F,slide_seek,TCGA_LUNG_Classification,0.05,19,True,2.0,1.0,0.47368421052631576,1.0,1.0,0.4214,0.0027,0.0027,/work/Agent_benchmark/slide_seek/post_eval/TCGA_LUNG_Classification/ROI/roi_overlap_results.csv,True,True
TCGA-22-5478-01Z-00-DX1.6368788A-96D5-499B-A199-89BF1413AE43,slide_seek,TCGA_LUNG_Classification,0.05,16,True,1.0,1.0,1.0,1.0,1.0,1.0,0.0163,0.0163,/work/Agent_benchmark/slide_seek/post_eval/TCGA_LUNG_Classification/ROI/roi_overlap_results.csv,True,True
TCGA-22-5479-01Z-00-DX1.3DCD4654-459D-4046-87C3-E59C61A1E7FA,slide_seek,TCGA_LUNG_Classification,0.05,6,True,2.0,1.0,0.8175,1.0,0.9810000000000001,0.7262,0.019,0.0188,/work/Agent_benchmark/slide_seek/post_eval/TCGA_LUNG_Classification/ROI/roi_overlap_results.csv,False,True
TCGA-22-5480-01Z-00-DX1.A6E25FF1-9616-4F5F-97BD-BA1912C46008,slide_seek,TCGA_LUNG_Classification,0.05,24,True,1.0,1.0,0.7831333333333333,1.0,0.9391800000000001,0.5441,0.0701,0.0662,/work/Agent_benchmark/slide_seek/post_eval/TCGA_LUNG_Classification/ROI/roi_overlap_results.csv,True,True
TCGA-22-5481-01Z-00-DX1.6BB77BD0-92FF-43FF-A86C-9EF41B2921DA,slide_seek,TCGA_LUNG_Classification,0.05,17,True,1.0,1.0,1.0,1.0,1.0,1.0,0.0162,0.0162,/work/Agent_benchmark/slide_seek/post_eval/TCGA_LUNG_Classification/ROI/roi_overlap_results.csv,True,True
TCGA-22-5482-01Z-00-DX1.901F90D4-1F4E-4344-925B-37B7DD78B751,slide_seek,TCGA_LUNG_Classification,0.05,20,True,2.0,1.0,0.6041000000000001,1.0,0.9293846153846155,0.2966,0.0167,0.0161,/work/Agent_benchmark/slide_seek/post_eval/TCGA_LUNG_Classification/ROI/roi_overlap_results.csv,False,True
TCGA-22-5483-01Z-00-DX1.79EF4B70-4703-4FF1-81CA-20014A932437,slide_seek,TCGA_LUNG_Classification,0.05,91,True,1.0,1.0,0.8445747252747253,1.0,0.9853371794871796,0.7991,0.0178,0.0177,/work/Agent_benchmark/slide_seek/post_eval/TCGA_LUNG_Classification/ROI/roi_overlap_results.csv,False,True
TCGA-22-5485-01Z-00-DX1.952DBCF0-08DA-49BD-B020-DEC1A77A1D81,slide_seek,TCGA_LUNG_Classification,0.05,7,True,1.0,0.9974,0.9688,0.9974,0.9688,0.9097,0.0009,0.0009,/work/Agent_benchmark/slide_seek/post_eval/TCGA_LUNG_Classification/ROI/roi_overlap_results.csv,False,True
TCGA-22-5489-01Z-00-DX1.0518AF53-5642-40FB-A631-4C50D7707C8F,slide_seek,TCGA_LUNG_Classification,0.05,55,True,1.0,1.0,0.47526545454545455,1.0,0.87132,0.2778,0.0764,0.0637,/work/Agent_benchmark/slide_seek/post_eval/TCGA_LUNG_Classification/ROI/roi_overlap_results.csv,False,True
TCGA-22-5491-01Z-00-DX1.19908BEC-3DDA-4BCD-9EB1-0D2C4A1E5110,slide_seek,TCGA_LUNG_Classification,0.05,13,True,2.0,1.0,0.3455307692307692,1.0,0.7486499999999999,0.3455,0.0139,0.0135,/work/Agent_benchmark/slide_seek/post_eval/TCGA_LUNG_Classification/ROI/roi_overlap_results.csv,False,True
TCGA-22-5492-01Z-00-DX1.A17DE349-CD76-4B12-9C5C-DB8DFB23C003,slide_seek,TCGA_LUNG_Classification,0.05,22,True,5.0,1.0,0.22559090909090906,1.0,0.7086428571428571,0.2363,0.0276,0.0253,/work/Agent_benchmark/slide_seek/post_eval/TCGA_LUNG_Classification/ROI/roi_overlap_results.csv,False,True
TCGA-22-A5C4-01Z-00-DX1.54058689-5CA5-4F92-B18A-86208C24C87D,slide_seek,TCGA_LUNG_Classification,0.05,2,True,1.0,0.9111,0.7190000000000001,0.9111,0.7190000000000001,0.6961,0.0052,0.0052,/work/Agent_benchmark/slide_seek/post_eval/TCGA_LUNG_Classification/ROI/roi_overlap_results.csv,True,True
TCGA-33-4532-01Z-00-DX1.32ab8c26-7cdc-4e55-8c70-5a35d83f81a2,slide_seek,TCGA_LUNG_Classification,0.05,3,True,1.0,1.0,1.0,1.0,1.0,1.0,0.0029,0.0029,/work/Agent_benchmark/slide_seek/post_eval/TCGA_LUNG_Classification/ROI/roi_overlap_results.csv,False,True
TCGA-33-4532-01Z-00-DX2.cd6e3f47-14fd-46e4-baf8-2e682ade44d1,slide_seek,TCGA_LUNG_Classification,0.05,14,True,3.0,1.0,0.6230928571428571,1.0,0.9645333333333332,0.1791,0.0078,0.0075,/work/Agent_benchmark/slide_seek/post_eval/TCGA_LUNG_Classification/ROI/roi_overlap_results.csv,False,True
TCGA-33-4532-01Z-00-DX3.a9eb5d3f-e5e4-45e0-8fca-3e50396445eb,slide_seek,TCGA_LUNG_Classification,0.05,7,False,,0.0,0.0,,,0.0,0.0,0.0,/work/Agent_benchmark/slide_seek/post_eval/TCGA_LUNG_Classification/ROI/roi_overlap_results.csv,True,True
TCGA-33-4533-01Z-00-DX1.ee36717d-0571-40b3-8ab5-5465d2cca920,slide_seek,TCGA_LUNG_Classification,0.05,9,True,1.0,1.0,0.6403111111111112,1.0,0.9604666666666667,0.6403,0.0116,0.0115,/work/Agent_benchmark/slide_seek/post_eval/TCGA_LUNG_Classification/ROI/roi_overlap_results.csv,False,True
TCGA-33-4533-01Z-00-DX2.2dad01a3-daa7-45d9-8c74-97ea5e707524,slide_seek,TCGA_LUNG_Classification,0.05,93,True,36.0,1.0,0.05403010752688172,1.0,1.0,0.065,0.002,0.0019,/work/Agent_benchmark/slide_seek/post_eval/TCGA_LUNG_Classification/ROI/roi_overlap_results.csv,True,True
TCGA-33-4533-01Z-00-DX3.5d3d54fc-2bee-4a9e-b9cd-d3ed84b55ef0,slide_seek,TCGA_LUNG_Classification,0.05,3,True,2.0,0.9912,0.33039999999999997,0.9912,0.9912,0.3304,0.0097,0.0096,/work/Agent_benchmark/slide_seek/post_eval/TCGA_LUNG_Classification/ROI/roi_overlap_results.csv,False,True
TCGA-33-4533-01Z-00-DX4.b7cd127e-4d9c-45dc-bd5e-e95343819e4c,slide_seek,TCGA_LUNG_Classification,0.05,15,False,,0.0,0.0,,,0.0,0.0,0.0,/work/Agent_benchmark/slide_seek/post_eval/TCGA_LUNG_Classification/ROI/roi_overlap_results.csv,False,True
TCGA-33-4533-01Z-00-DX5.b26513d1-9454-4332-b7d4-126ea4ff6b7a,slide_seek,TCGA_LUNG_Classification,0.05,61,True,25.0,1.0,0.2819163934426229,1.0,0.9047842105263157,0.3909,0.0324,0.0308,/work/Agent_benchmark/slide_seek/post_eval/TCGA_LUNG_Classification/ROI/roi_overlap_results.csv,False,True
TCGA-33-4538-01Z-00-DX1.efde88cb-4766-4fb6-bed9-52b14059c7c1,slide_seek,TCGA_LUNG_Classification,0.05,44,True,1.0,1.0,0.19454318181818184,1.0,0.9511000000000001,0.0648,0.0139,0.0116,/work/Agent_benchmark/slide_seek/post_eval/TCGA_LUNG_Classification/ROI/roi_overlap_results.csv,False,True
TCGA-33-4538-01Z-00-DX2.62dcecc8-576b-406b-81db-1651e5ea589e,slide_seek,TCGA_LUNG_Classification,0.05,70,True,28.0,1.0,0.4714285714285714,1.0,1.0,0.4563,0.0074,0.0073,/work/Agent_benchmark/slide_seek/post_eval/TCGA_LUNG_Classification/ROI/roi_overlap_results.csv,False,True
TCGA-33-4538-01Z-00-DX3.27b62beb-d3c4-493b-8663-73f128c0ad77,slide_seek,TCGA_LUNG_Classification,0.05,79,True,1.0,1.0,0.8225835443037974,1.0,0.9698343283582089,0.8105,0.0135,0.0134,/work/Agent_benchmark/slide_seek/post_eval/TCGA_LUNG_Classification/ROI/roi_overlap_results.csv,False,True
TCGA-33-4538-01Z-00-DX4.038eb76c-beff-46f0-b0bb-b5c951305b52,slide_seek,TCGA_LUNG_Classification,0.05,10,True,2.0,1.0,0.4,1.0,1.0,0.4,0.002,0.002,/work/Agent_benchmark/slide_seek/post_eval/TCGA_LUNG_Classification/ROI/roi_overlap_results.csv,True,True
TCGA-33-4538-01Z-00-DX5.19d6ae2f-feaa-4c38-9335-6bb549631f94,slide_seek,TCGA_LUNG_Classification,0.05,2,True,1.0,1.0,1.0,1.0,1.0,1.0,0.0005,0.0005,/work/Agent_benchmark/slide_seek/post_eval/TCGA_LUNG_Classification/ROI/roi_overlap_results.csv,False,True
TCGA-33-4538-01Z-00-DX6.4eef2215-0a0e-478d-81be-207d566e8788,slide_seek,TCGA_LUNG_Classification,0.05,9,True,1.0,1.0,0.2439777777777778,1.0,0.7319333333333334,0.244,0.0178,0.0169,/work/Agent_benchmark/slide_seek/post_eval/TCGA_LUNG_Classification/ROI/roi_overlap_results.csv,True,True
TCGA-33-4538-01Z-00-DX7.4a9f5939-4299-4648-8f62-2a0909e8d3bd,slide_seek,TCGA_LUNG_Classification,0.05,8,True,1.0,1.0,0.8701375,1.0,0.9944428571428572,0.8516,0.0054,0.0054,/work/Agent_benchmark/slide_seek/post_eval/TCGA_LUNG_Classification/ROI/roi_overlap_results.csv,False,True
TCGA-33-4538-01Z-00-DX8.ec0d10ef-ec0e-4ad2-81fb-907754694e42,slide_seek,TCGA_LUNG_Classification,0.05,8,True,2.0,0.1657,0.0207125,0.1657,0.1657,0.0207,0.0025,0.0023,/work/Agent_benchmark/slide_seek/post_eval/TCGA_LUNG_Classification/ROI/roi_overlap_results.csv,True,True
TCGA-33-4538-01Z-00-DX9.f05eb71e-b511-4326-9097-5ca191f0100e,slide_seek,TCGA_LUNG_Classification,0.05,21,True,1.0,1.0,1.0,1.0,1.0,1.0,0.0062,0.0062,/work/Agent_benchmark/slide_seek/post_eval/TCGA_LUNG_Classification/ROI/roi_overlap_results.csv,True,True
TCGA-33-4547-01Z-00-DX1.7009df06-03f9-497a-b7bd-f8ef4244d152,slide_seek,TCGA_LUNG_Classification,0.05,42,True,6.0,1.0,0.3985666666666666,1.0,0.9846941176470587,0.3409,0.0109,0.0107,/work/Agent_benchmark/slide_seek/post_eval/TCGA_LUNG_Classification/ROI/roi_overlap_results.csv,False,True
TCGA-33-4547-01Z-00-DX2.a864126e-e46c-4ce4-a3d5-792f35ccaa80,slide_seek,TCGA_LUNG_Classification,0.05,36,True,16.0,1.0,0.39408333333333334,1.0,0.8866875000000001,0.2493,0.0143,0.0137,/work/Agent_benchmark/slide_seek/post_eval/TCGA_LUNG_Classification/ROI/roi_overlap_results.csv,True,True
TCGA-33-4547-01Z-00-DX3.9f19ec7f-6469-463a-a027-124c3fe5a06c,slide_seek,TCGA_LUNG_Classification,0.05,2,True,1.0,1.0,1.0,1.0,1.0,1.0,0.0036,0.0036,/work/Agent_benchmark/slide_seek/post_eval/TCGA_LUNG_Classification/ROI/roi_overlap_results.csv,True,True
TCGA-33-4547-01Z-00-DX4.a340ca7a-a732-482c-8df6-bcdcf14890cd,slide_seek,TCGA_LUNG_Classification,0.05,43,True,1.0,1.0,0.9507883720930231,1.0,0.9734261904761904,0.7165,0.0236,0.0233,/work/Agent_benchmark/slide_seek/post_eval/TCGA_LUNG_Classification/ROI/roi_overlap_results.csv,False,True
TCGA-33-4547-01Z-00-DX5.0430003c-aa9c-4d8f-89fd-72fa63207740,slide_seek,TCGA_LUNG_Classification,0.05,62,True,1.0,1.0,0.5967741935483871,1.0,1.0,0.5833,0.0074,0.0073,/work/Agent_benchmark/slide_seek/post_eval/TCGA_LUNG_Classification/ROI/roi_overlap_results.csv,False,True
TCGA-33-4547-01Z-00-DX6.2bcc33c0-31f2-4354-b954-64bd646f40df,slide_seek,TCGA_LUNG_Classification,0.05,52,True,1.0,1.0,0.46153846153846156,1.0,1.0,0.4558,0.0095,0.0094,/work/Agent_benchmark/slide_seek/post_eval/TCGA_LUNG_Classification/ROI/roi_overlap_results.csv,False,True
TCGA-33-4547-01Z-00-DX7.91be6f90-d9ab-4345-a3bd-91805d9761b9,slide_seek,TCGA_LUNG_Classification,0.05,47,True,1.0,1.0,1.0,1.0,1.0,1.0,0.0038,0.0038,/work/Agent_benchmark/slide_seek/post_eval/TCGA_LUNG_Classification/ROI/roi_overlap_results.csv,False,True
TCGA-33-4566-01Z-00-DX1.C256546D-D3EC-41DA-9681-06BA4B011DD2,slide_seek,TCGA_LUNG_Classification,0.05,5,True,2.0,0.9358,0.21202000000000001,0.9358,0.53005,0.265,0.0089,0.0087,/work/Agent_benchmark/slide_seek/post_eval/TCGA_LUNG_Classification/ROI/roi_overlap_results.csv,False,True
TCGA-33-4582-01Z-00-DX1.629AEDB6-E9AA-4615-92E8-5DDAAFF6103E,slide_seek,TCGA_LUNG_Classification,0.05,35,True,5.0,1.0,0.6426057142857142,1.0,0.9778782608695652,0.5882,0.0151,0.015,/work/Agent_benchmark/slide_seek/post_eval/TCGA_LUNG_Classification/ROI/roi_overlap_results.csv,False,True
TCGA-33-4583-01Z-00-DX1.c5e3071e-a941-46db-a987-74a059ee6d69,slide_seek,TCGA_LUNG_Classification,0.05,11,False,,0.0,0.0,,,0.0,0.0,0.0,/work/Agent_benchmark/slide_seek/post_eval/TCGA_LUNG_Classification/ROI/roi_overlap_results.csv,False,True
TCGA-33-4583-01Z-00-DX2.8fc10fa1-82b8-49c5-972b-e4303b4293a7,slide_seek,TCGA_LUNG_Classification,0.05,18,True,3.0,1.0,0.21085,1.0,0.948825,0.2109,0.044,0.0377,/work/Agent_benchmark/slide_seek/post_eval/TCGA_LUNG_Classification/ROI/roi_overlap_results.csv,True,True
TCGA-33-4583-01Z-00-DX3.f802363d-0e77-450e-bf45-928629c66e23,slide_seek,TCGA_LUNG_Classification,0.05,16,True,1.0,1.0,0.8125,1.0,1.0,0.4528,0.0146,0.0143,/work/Agent_benchmark/slide_seek/post_eval/TCGA_LUNG_Classification/ROI/roi_overlap_results.csv,False,True
TCGA-33-4583-01Z-00-DX4.efa9cdaf-3a6a-4e31-9826-e90f6f3420b7,slide_seek,TCGA_LUNG_Classification,0.05,16,True,1.0,1.0,0.6129,1.0,0.98064,0.6129,0.0038,0.0038,/work/Agent_benchmark/slide_seek/post_eval/TCGA_LUNG_Classification/ROI/roi_overlap_results.csv,False,True
TCGA-33-4586-01Z-00-DX1.3b7dbb34-4bb4-4de5-a67f-1b6260fd8f15,slide_seek,TCGA_LUNG_Classification,0.05,52,True,1.0,1.0,1.0,1.0,1.0,1.0,0.0053,0.0053,/work/Agent_benchmark/slide_seek/post_eval/TCGA_LUNG_Classification/ROI/roi_overlap_results.csv,False,True
TCGA-33-4586-01Z-00-DX2.a9798fe4-8db9-41d7-8d00-eb2a9eef1bc0,slide_seek,TCGA_LUNG_Classification,0.05,2,True,1.0,1.0,1.0,1.0,1.0,1.0,0.003,0.003,/work/Agent_benchmark/slide_seek/post_eval/TCGA_LUNG_Classification/ROI/roi_overlap_results.csv,True,True
TCGA-33-6738-01Z-00-DX1.d688fae9-4daf-4b6e-b907-fb55e3983d62,slide_seek,TCGA_LUNG_Classification,0.05,10,True,1.0,1.0,1.0,1.0,1.0,1.0,0.0049,0.0049,/work/Agent_benchmark/slide_seek/post_eval/TCGA_LUNG_Classification/ROI/roi_overlap_results.csv,False,True
TCGA-33-6738-01Z-00-DX2.3a2fa17d-0297-4b0c-8a5f-aa18c5342ef4,slide_seek,TCGA_LUNG_Classification,0.05,17,True,1.0,1.0,0.8566058823529411,1.0,0.91014375,0.6324,0.0157,0.0156,/work/Agent_benchmark/slide_seek/post_eval/TCGA_LUNG_Classification/ROI/roi_overlap_results.csv,False,True
TCGA-33-6738-01Z-00-DX3.26deb8f3-f138-45e4-9765-f713030746e8,slide_seek,TCGA_LUNG_Classification,0.05,77,True,1.0,1.0,0.7423519480519482,1.0,0.9855362068965519,0.2021,0.0253,0.023,/work/Agent_benchmark/slide_seek/post_eval/TCGA_LUNG_Classification/ROI/roi_overlap_results.csv,False,True
TCGA-33-6738-01Z-00-DX4.8a8b2411-f425-4181-82cc-0c8535055028,slide_seek,TCGA_LUNG_Classification,0.05,34,True,1.0,1.0,0.9705882352941176,1.0,1.0,0.9597,0.0105,0.0105,/work/Agent_benchmark/slide_seek/post_eval/TCGA_LUNG_Classification/ROI/roi_overlap_results.csv,False,True
TCGA-33-6738-01Z-00-DX5.4af96952-d323-4d2e-9871-e590b7c5f59d,slide_seek,TCGA_LUNG_Classification,0.05,10,True,1.0,1.0,1.0,1.0,1.0,1.0,0.0484,0.0484,/work/Agent_benchmark/slide_seek/post_eval/TCGA_LUNG_Classification/ROI/roi_overlap_results.csv,False,True
TCGA-33-6738-01Z-00-DX6.631ec263-2df0-4d13-982b-14db382a2532,slide_seek,TCGA_LUNG_Classification,0.05,1,True,1.0,1.0,1.0,1.0,1.0,1.0,0.0008,0.0008,/work/Agent_benchmark/slide_seek/post_eval/TCGA_LUNG_Classification/ROI/roi_overlap_results.csv,False,True
TCGA-33-A4WN-01Z-00-DX1.438D0EF6-C329-41E5-A7D5-7F037DE34106,slide_seek,TCGA_LUNG_Classification,0.05,24,True,1.0,1.0,0.9583333333333334,1.0,1.0,0.9583,0.0055,0.0055,/work/Agent_benchmark/slide_seek/post_eval/TCGA_LUNG_Classification/ROI/roi_overlap_results.csv,False,True
TCGA-33-A4WN-01Z-00-DX2.0AC8FFA9-BD94-4B28-8066-5430D6053432,slide_seek,TCGA_LUNG_Classification,0.05,14,False,,0.0,0.0,,,0.0,0.0,0.0,/work/Agent_benchmark/slide_seek/post_eval/TCGA_LUNG_Classification/ROI/roi_overlap_results.csv,False,True
TCGA-33-A5GW-01Z-00-DX1.6F0833B7-EDAB-4DF4-83D9-393D8ADBFCF3,slide_seek,TCGA_LUNG_Classification,0.05,33,True,3.0,1.0,0.1974090909090909,1.0,0.9306428571428571,0.1917,0.0122,0.0116,/work/Agent_benchmark/slide_seek/post_eval/TCGA_LUNG_Classification/ROI/roi_overlap_results.csv,False,True
TCGA-33-A5GW-01Z-00-DX2.8E12990B-CA60-4C94-9309-9A0DA6C63588,slide_seek,TCGA_LUNG_Classification,0.05,9,True,1.0,1.0,0.9445333333333333,1.0,0.9445333333333333,0.5865,0.0025,0.0025,/work/Agent_benchmark/slide_seek/post_eval/TCGA_LUNG_Classification/ROI/roi_overlap_results.csv,True,True
TCGA-33-A5GW-01Z-00-DX3.7A1C5169-96C6-4ECB-81E1-1050EFE84B60,slide_seek,TCGA_LUNG_Classification,0.05,6,True,1.0,1.0,1.0,1.0,1.0,1.0,0.001,0.001,/work/Agent_benchmark/slide_seek/post_eval/TCGA_LUNG_Classification/ROI/roi_overlap_results.csv,False,True
TCGA-33-AAS8-01Z-00-DX1.774A64E2-17E4-468C-BFE9-85F0D4F52D0E,slide_seek,TCGA_LUNG_Classification,0.05,16,False,,0.0,0.0,,,0.0,0.0,0.0,/work/Agent_benchmark/slide_seek/post_eval/TCGA_LUNG_Classification/ROI/roi_overlap_results.csv,False,True
TCGA-33-AASB-01Z-00-DX1.7AAF5628-3B4D-4230-8375-AB1A51054466,slide_seek,TCGA_LUNG_Classification,0.05,20,True,12.0,1.0,0.45,1.0,1.0,0.817,0.018,0.018,/work/Agent_benchmark/slide_seek/post_eval/TCGA_LUNG_Classification/ROI/roi_overlap_results.csv,False,True
TCGA-33-AASD-01Z-00-DX1.DAB3D05A-A6CE-47D1-90B6-79EBABAC3454,slide_seek,TCGA_LUNG_Classification,0.05,9,True,1.0,1.0,1.0,1.0,1.0,1.0,0.0043,0.0043,/work/Agent_benchmark/slide_seek/post_eval/TCGA_LUNG_Classification/ROI/roi_overlap_results.csv,False,True
TCGA-33-AASI-01Z-00-DX1.71BC119D-9916-4214-9294-26301F2E430F,slide_seek,TCGA_LUNG_Classification,0.05,1,True,1.0,1.0,1.0,1.0,1.0,1.0,0.0002,0.0002,/work/Agent_benchmark/slide_seek/post_eval/TCGA_LUNG_Classification/ROI/roi_overlap_results.csv,False,True
TCGA-33-AASJ-01Z-00-DX1.0201CE2A-4DE6-4B4E-A010-37D773207F52,slide_seek,TCGA_LUNG_Classification,0.05,14,True,1.0,1.0,0.8913785714285715,1.0,0.9599461538461539,0.8392,0.0033,0.0033,/work/Agent_benchmark/slide_seek/post_eval/TCGA_LUNG_Classification/ROI/roi_overlap_results.csv,False,True
TCGA-33-AASL-01Z-00-DX1.B6BE8062-EFB3-4615-8F9A-52E2C6D4617F,slide_seek,TCGA_LUNG_Classification,0.05,39,True,1.0,1.0,0.7095846153846153,1.0,0.9542689655172413,0.7162,0.0041,0.0041,/work/Agent_benchmark/slide_seek/post_eval/TCGA_LUNG_Classification/ROI/roi_overlap_results.csv,False,True
TCGA-34-2596-01Z-00-DX1.be778d17-d06c-4300-aaf1-c0acbef8fa41,slide_seek,TCGA_LUNG_Classification,0.05,66,True,1.0,1.0,0.5540257575757576,1.0,0.9357153846153846,0.4723,0.0077,0.0076,/work/Agent_benchmark/slide_seek/post_eval/TCGA_LUNG_Classification/ROI/roi_overlap_results.csv,False,True
TCGA-34-2600-01Z-00-DX1.CDCAAE91-3056-4952-B988-00F3722B520B,slide_seek,TCGA_LUNG_Classification,0.05,6,True,2.0,1.0,0.4993,1.0,0.9986,0.494,0.0068,0.0067,/work/Agent_benchmark/slide_seek/post_eval/TCGA_LUNG_Classification/ROI/roi_overlap_results.csv,False,True
TCGA-34-2604-01Z-00-DX1.C04E4FF6-6E62-432D-AD1E-D0AACAA66875,slide_seek,TCGA_LUNG_Classification,0.05,9,True,1.0,1.0,0.8888888888888888,1.0,1.0,0.8889,0.0256,0.0255,/work/Agent_benchmark/slide_seek/post_eval/TCGA_LUNG_Classification/ROI/roi_overlap_results.csv,False,True
TCGA-34-2605-01Z-00-DX1.4DC249E9-26AD-4C0A-918C-3BC6C2DACDD0,slide_seek,TCGA_LUNG_Classification,0.05,10,True,4.0,1.0,0.7,1.0,1.0,0.6745,0.0032,0.0032,/work/Agent_benchmark/slide_seek/post_eval/TCGA_LUNG_Classification/ROI/roi_overlap_results.csv,False,True
TCGA-34-5232-01Z-00-DX1.7483c36b-8473-439b-a726-2821ec834fc2,slide_seek,TCGA_LUNG_Classification,0.05,3,False,,0.0,0.0,,,0.0,0.0,0.0,/work/Agent_benchmark/slide_seek/post_eval/TCGA_LUNG_Classification/ROI/roi_overlap_results.csv,False,True
TCGA-34-5240-01Z-00-DX1.03785f14-494a-4898-9ae0-59e64250c33b,slide_seek,TCGA_LUNG_Classification,0.05,67,True,2.0,1.0,0.8502940298507463,1.0,0.9655881355932204,0.7982,0.0129,0.0128,/work/Agent_benchmark/slide_seek/post_eval/TCGA_LUNG_Classification/ROI/roi_overlap_results.csv,True,True
TCGA-34-5241-01Z-00-DX1.7abc4737-9a9c-4270-8297-58ea167cea63,slide_seek,TCGA_LUNG_Classification,0.05,36,True,5.0,1.0,0.04427222222222222,1.0,0.7968999999999999,0.0731,0.0017,0.0017,/work/Agent_benchmark/slide_seek/post_eval/TCGA_LUNG_Classification/ROI/roi_overlap_results.csv,False,True
TCGA-34-5928-01Z-00-DX1.d336efc9-3ebb-4457-a81b-1e448781f999,slide_seek,TCGA_LUNG_Classification,0.05,3,True,1.0,1.0,1.0,1.0,1.0,1.0,0.0039,0.0039,/work/Agent_benchmark/slide_seek/post_eval/TCGA_LUNG_Classification/ROI/roi_overlap_results.csv,False,True
TCGA-34-5929-01Z-00-DX1.a461aed7-0ba9-44dc-8f5b-941cb57aa855,slide_seek,TCGA_LUNG_Classification,0.05,33,True,1.0,1.0,1.0,1.0,1.0,1.0,0.0084,0.0084,/work/Agent_benchmark/slide_seek/post_eval/TCGA_LUNG_Classification/ROI/roi_overlap_results.csv,False,True
TCGA-34-7107-01Z-00-DX1.c72202e6-740d-4891-945c-f360f7c56bc9,slide_seek,TCGA_LUNG_Classification,0.05,5,True,1.0,0.2841,0.07892,0.2841,0.18665,0.1068,0.6255,0.1004,/work/Agent_benchmark/slide_seek/post_eval/TCGA_LUNG_Classification/ROI/roi_overlap_results.csv,False,True
TCGA-34-8454-01Z-00-DX1.A2308ED3-E430-4448-853F-B51412354279,slide_seek,TCGA_LUNG_Classification,0.05,50,True,1.0,1.0,0.98,1.0,1.0,0.9726,0.0062,0.0062,/work/Agent_benchmark/slide_seek/post_eval/TCGA_LUNG_Classification/ROI/roi_overlap_results.csv,False,True
TCGA-34-8455-01Z-00-DX1.9B7A1CBA-0B53-4F2A-9AEC-D72FDB6553F7,slide_seek,TCGA_LUNG_Classification,0.05,16,True,4.0,1.0,0.8125,1.0,1.0,0.25,0.0044,0.0043,/work/Agent_benchmark/slide_seek/post_eval/TCGA_LUNG_Classification/ROI/roi_overlap_results.csv,False,True
TCGA-34-A5IX-01Z-00-DX1.E10EE7FC-91EA-4A39-8B1B-1312C8D9620B,slide_seek,TCGA_LUNG_Classification,0.05,71,True,10.0,1.0,0.5781661971830986,1.0,0.9544488372093023,0.5523,0.0108,0.0107,/work/Agent_benchmark/slide_seek/post_eval/TCGA_LUNG_Classification/ROI/roi_overlap_results.csv,True,True
TCGA-35-3615-01Z-00-DX1.585128eb-6652-4b05-9a83-dc8f242904a6,slide_seek,TCGA_LUNG_Classification,0.05,29,True,2.0,1.0,0.3793103448275862,1.0,1.0,0.3333,0.0047,0.0046,/work/Agent_benchmark/slide_seek/post_eval/TCGA_LUNG_Classification/ROI/roi_overlap_results.csv,False,True
TCGA-35-4122-01Z-00-DX1.2ac022e4-e796-49e5-9a24-f0ff3f76a527,slide_seek,TCGA_LUNG_Classification,0.05,15,False,,0.0,0.0,,,0.0,0.0,0.0,/work/Agent_benchmark/slide_seek/post_eval/TCGA_LUNG_Classification/ROI/roi_overlap_results.csv,False,True
TCGA-35-4123-01Z-00-DX1.990553a8-657e-49ec-9782-e6d30a4c4909,slide_seek,TCGA_LUNG_Classification,0.05,41,True,9.0,1.0,0.7560975609756098,1.0,1.0,0.6637,0.0102,0.0101,/work/Agent_benchmark/slide_seek/post_eval/TCGA_LUNG_Classification/ROI/roi_overlap_results.csv,False,True
TCGA-35-5375-01Z-00-DX1.10708170-750A-451B-BC10-0B4042540033,slide_seek,TCGA_LUNG_Classification,0.05,16,True,1.0,1.0,1.0,1.0,1.0,1.0,0.0088,0.0088,/work/Agent_benchmark/slide_seek/post_eval/TCGA_LUNG_Classification/ROI/roi_overlap_results.csv,False,True
TCGA-37-3789-01Z-00-DX1.d7a4923e-988e-45e9-a64e-30c983740614,slide_seek,TCGA_LUNG_Classification,0.05,52,False,,0.0,0.0,,,0.0,0.0,0.0,/work/Agent_benchmark/slide_seek/post_eval/TCGA_LUNG_Classification/ROI/roi_overlap_results.csv,False,True
TCGA-37-3792-01Z-00-DX1.d95a9f5f-5bad-48fc-9f90-ed2580328b80,slide_seek,TCGA_LUNG_Classification,0.05,2,False,,0.0,0.0,,,0.0,0.0,0.0,/work/Agent_benchmark/slide_seek/post_eval/TCGA_LUNG_Classification/ROI/roi_overlap_results.csv,True,True
TCGA-37-4129-01Z-00-DX1.0b52aa1e-20d4-4084-8fa1-2f1b7f09dd5b,slide_seek,TCGA_LUNG_Classification,0.05,8,True,1.0,1.0,0.375,1.0,1.0,0.2996,0.0006,0.0006,/work/Agent_benchmark/slide_seek/post_eval/TCGA_LUNG_Classification/ROI/roi_overlap_results.csv,True,True
TCGA-37-4130-01Z-00-DX1.37ccfdfe-fc20-4809-8dc7-e342242d0bfa,slide_seek,TCGA_LUNG_Classification,0.05,2,False,,0.0,0.0,,,0.0,0.0,0.0,/work/Agent_benchmark/slide_seek/post_eval/TCGA_LUNG_Classification/ROI/roi_overlap_results.csv,False,True
TCGA-37-4132-01Z-00-DX1.5e5a564d-6561-48e7-a3a2-81a523392d8b,slide_seek,TCGA_LUNG_Classification,0.05,25,False,,0.0,0.0,,,0.0,0.0,0.0,/work/Agent_benchmark/slide_seek/post_eval/TCGA_LUNG_Classification/ROI/roi_overlap_results.csv,False,True
TCGA-37-4133-01Z-00-DX1.3dfcb0df-6f4b-4df7-9d04-085b36e03024,slide_seek,TCGA_LUNG_Classification,0.05,54,True,4.0,1.0,0.7777777777777778,1.0,1.0,0.7038,0.0094,0.0094,/work/Agent_benchmark/slide_seek/post_eval/TCGA_LUNG_Classification/ROI/roi_overlap_results.csv,True,True
TCGA-37-4135-01Z-00-DX1.3f193ee1-530c-4f37-a669-56af75bba8db,slide_seek,TCGA_LUNG_Classification,0.05,3,False,,0.0,0.0,,,0.0,0.0,0.0,/work/Agent_benchmark/slide_seek/post_eval/TCGA_LUNG_Classification/ROI/roi_overlap_results.csv,False,True
TCGA-37-4141-01Z-00-DX1.65256656-b0e0-4705-ad00-38f6c8922cfc,slide_seek,TCGA_LUNG_Classification,0.05,64,True,12.0,1.0,0.28070625,1.0,0.8526285714285716,0.4623,0.1366,0.1179,/work/Agent_benchmark/slide_seek/post_eval/TCGA_LUNG_Classification/ROI/roi_overlap_results.csv,False,True
TCGA-37-5819-01Z-00-DX1.3647F836-7BB4-4D41-A85E-CFC0B5CBA216,slide_seek,TCGA_LUNG_Classification,0.05,7,True,1.0,1.0,0.5993285714285713,1.0,0.83126,0.5993,0.4331,0.3358,/work/Agent_benchmark/slide_seek/post_eval/TCGA_LUNG_Classification/ROI/roi_overlap_results.csv,True,True
TCGA-37-A5EL-01Z-00-DX1.DFD49A5B-27F6-407E-8ADA-54EDACAA0788,slide_seek,TCGA_LUNG_Classification,0.05,24,True,2.0,1.0,0.9583333333333334,1.0,1.0,0.7932,0.0498,0.0491,/work/Agent_benchmark/slide_seek/post_eval/TCGA_LUNG_Classification/ROI/roi_overlap_results.csv,True,True
TCGA-37-A5EM-01Z-00-DX1.FF7B9A1C-9D2C-43E4-9AE9-711214ACF77D,slide_seek,TCGA_LUNG_Classification,0.05,5,True,1.0,1.0,0.6,1.0,1.0,0.6,0.0376,0.0367,/work/Agent_benchmark/slide_seek/post_eval/TCGA_LUNG_Classification/ROI/roi_overlap_results.csv,True,True
TCGA-37-A5EN-01Z-00-DX1.C389C26A-2B88-4DCA-9B32-FEECDFFC35A6,slide_seek,TCGA_LUNG_Classification,0.05,22,True,1.0,1.0,0.8129045454545455,1.0,0.8941950000000001,0.4997,0.0174,0.0171,/work/Agent_benchmark/slide_seek/post_eval/TCGA_LUNG_Classification/ROI/roi_overlap_results.csv,False,True
TCGA-38-4625-01Z-00-DX1.ffdbfc1d-7a21-4e67-a54f-89597bd14a7f,slide_seek,TCGA_LUNG_Classification,0.05,38,True,12.0,1.0,0.4962131578947368,1.0,0.9924263157894736,0.4515,0.0121,0.0119,/work/Agent_benchmark/slide_seek/post_eval/TCGA_LUNG_Classification/ROI/roi_overlap_results.csv,False,True
TCGA-38-4626-01Z-00-DX1.142bc018-bd79-4db9-84e2-f83a617ea92a,slide_seek,TCGA_LUNG_Classification,0.05,15,True,1.0,1.0,0.4746266666666667,1.0,0.8875625,0.5119,0.029,0.0282,/work/Agent_benchmark/slide_seek/post_eval/TCGA_LUNG_Classification/ROI/roi_overlap_results.csv,True,True
TCGA-38-4627-01Z-00-DX1.fe406eb9-b38b-410d-aa1a-84ab8ac091c7,slide_seek,TCGA_LUNG_Classification,0.05,17,True,11.0,1.0,0.09965882352941176,1.0,0.8471,0.1033,0.0022,0.0021,/work/Agent_benchmark/slide_seek/post_eval/TCGA_LUNG_Classification/ROI/roi_overlap_results.csv,False,True
TCGA-38-4628-01Z-00-DX1.eee4f100-142f-4d9c-8e38-b16aab123413,slide_seek,TCGA_LUNG_Classification,0.05,2,False,,0.0,0.0,,,0.0,0.0,0.0,/work/Agent_benchmark/slide_seek/post_eval/TCGA_LUNG_Classification/ROI/roi_overlap_results.csv,True,True
TCGA-38-4629-01Z-00-DX1.d00cc280-5370-4b9f-9655-6c35deb94647,slide_seek,TCGA_LUNG_Classification,0.05,4,True,3.0,0.1336,0.0334,0.1336,0.1336,0.0334,0.0001,0.0001,/work/Agent_benchmark/slide_seek/post_eval/TCGA_LUNG_Classification/ROI/roi_overlap_results.csv,False,True
TCGA-38-4630-01Z-00-DX1.d08d0193-c5ed-4db8-b236-1a4c3c3177b8,slide_seek,TCGA_LUNG_Classification,0.05,7,True,2.0,1.0,0.16297142857142857,1.0,0.5704,0.1888,0.0115,0.011,/work/Agent_benchmark/slide_seek/post_eval/TCGA_LUNG_Classification/ROI/roi_overlap_results.csv,True,True
TCGA-38-4631-01Z-00-DX1.5e0c873a-9c4c-4e0b-bf2e-e3cd8b760761,slide_seek,TCGA_LUNG_Classification,0.05,11,False,,0.0,0.0,,,0.0,0.0,0.0,/work/Agent_benchmark/slide_seek/post_eval/TCGA_LUNG_Classification/ROI/roi_overlap_results.csv,False,True
TCGA-38-4632-01Z-00-DX1.5E05F85C-53BC-4280-8E7F-8B9DECEF849F,slide_seek,TCGA_LUNG_Classification,0.05,32,False,,0.0,0.0,,,0.0,0.0,0.0,/work/Agent_benchmark/slide_seek/post_eval/TCGA_LUNG_Classification/ROI/roi_overlap_results.csv,False,True
TCGA-38-6178-01Z-00-DX1.5932337D-BA2B-455D-9E34-22961EFA2170,slide_seek,TCGA_LUNG_Classification,0.05,37,True,5.0,1.0,0.27967027027027025,1.0,0.9407090909090908,0.253,0.0045,0.0045,/work/Agent_benchmark/slide_seek/post_eval/TCGA_LUNG_Classification/ROI/roi_overlap_results.csv,True,True
TCGA-38-A44F-01Z-00-DX1.B9958072-D8BB-40DD-B28E-2E83CE2B550B,slide_seek,TCGA_LUNG_Classification,0.05,59,False,,0.0,0.0,,,0.0,0.0,0.0,/work/Agent_benchmark/slide_seek/post_eval/TCGA_LUNG_Classification/ROI/roi_overlap_results.csv,True,True
TCGA-39-5011-01Z-00-DX1.be58f65a-0b90-4ba4-bc5f-df74d4a3df22,slide_seek,TCGA_LUNG_Classification,0.05,4,True,1.0,1.0,1.0,1.0,1.0,1.0,0.0095,0.0095,/work/Agent_benchmark/slide_seek/post_eval/TCGA_LUNG_Classification/ROI/roi_overlap_results.csv,False,True
TCGA-39-5016-01Z-00-DX1.b568cdcd-f8bf-4917-ae40-dbd505c36d1e,slide_seek,TCGA_LUNG_Classification,0.05,9,True,1.0,1.0,1.0,1.0,1.0,1.0,0.0025,0.0025,/work/Agent_benchmark/slide_seek/post_eval/TCGA_LUNG_Classification/ROI/roi_overlap_results.csv,False,True
TCGA-39-5019-01Z-00-DX1.FE0485DE-AEB3-443F-AFCA-C186C336F7EC,slide_seek,TCGA_LUNG_Classification,0.05,5,True,1.0,1.0,0.8142400000000001,1.0,0.8142400000000001,0.8142,0.0127,0.0127,/work/Agent_benchmark/slide_seek/post_eval/TCGA_LUNG_Classification/ROI/roi_overlap_results.csv,True,True
TCGA-39-5021-01Z-00-DX1.4d22d3ca-cb06-43d0-aba7-583f1d706105,slide_seek,TCGA_LUNG_Classification,0.05,2,True,1.0,1.0,0.99265,1.0,0.99265,0.9885,0.1031,0.103,/work/Agent_benchmark/slide_seek/post_eval/TCGA_LUNG_Classification/ROI/roi_overlap_results.csv,False,True
TCGA-39-5022-01Z-00-DX1.1bf6a4da-0b59-4478-bcf1-b004f0356342,slide_seek,TCGA_LUNG_Classification,0.05,16,True,1.0,1.0,1.0,1.0,1.0,1.0,0.0534,0.0534,/work/Agent_benchmark/slide_seek/post_eval/TCGA_LUNG_Classification/ROI/roi_overlap_results.csv,False,True
TCGA-39-5024-01Z-00-DX1.b159135e-c9d5-4768-83a6-1de9961d20ad,slide_seek,TCGA_LUNG_Classification,0.05,3,True,1.0,1.0,0.9866666666666667,1.0,0.9866666666666667,0.9851,0.0122,0.0122,/work/Agent_benchmark/slide_seek/post_eval/TCGA_LUNG_Classification/ROI/roi_overlap_results.csv,True,True
TCGA-39-5027-01Z-00-DX1.54a3e035-7178-4786-870b-1f6adfb82331,slide_seek,TCGA_LUNG_Classification,0.05,22,True,8.0,0.3091,0.01405,0.3091,0.3091,0.0228,0.0089,0.0064,/work/Agent_benchmark/slide_seek/post_eval/TCGA_LUNG_Classification/ROI/roi_overlap_results.csv,False,True
TCGA-39-5028-01Z-00-DX1.7994ec22-746d-4c30-8138-e6c9bc67c71f,slide_seek,TCGA_LUNG_Classification,0.05,23,True,1.0,1.0,0.9018478260869565,1.0,0.9428409090909091,0.6151,0.0227,0.0224,/work/Agent_benchmark/slide_seek/post_eval/TCGA_LUNG_Classification/ROI/roi_overlap_results.csv,False,True
TCGA-39-5029-01Z-00-DX1.74c5cb38-650e-4fe7-bc63-f6e88761346d,slide_seek,TCGA_LUNG_Classification,0.05,45,True,1.0,1.0,0.6737533333333333,1.0,0.9780161290322581,0.5004,0.0324,0.0314,/work/Agent_benchmark/slide_seek/post_eval/TCGA_LUNG_Classification/ROI/roi_overlap_results.csv,False,True
TCGA-39-5031-01Z-00-DX1.f9264b3b-9fdf-4fb7-8752-2d3ffd3de3ea,slide_seek,TCGA_LUNG_Classification,0.05,8,True,1.0,0.7661,0.161375,0.7661,0.6431,0.209,0.0101,0.0097,/work/Agent_benchmark/slide_seek/post_eval/TCGA_LUNG_Classification/ROI/roi_overlap_results.csv,False,True
TCGA-39-5034-01Z-00-DX1.fb4191aa-07dc-4615-ac71-b9e4c67ed28b,slide_seek,TCGA_LUNG_Classification,0.05,2,True,1.0,1.0,1.0,1.0,1.0,1.0,0.0054,0.0054,/work/Agent_benchmark/slide_seek/post_eval/TCGA_LUNG_Classification/ROI/roi_overlap_results.csv,False,True
TCGA-39-5035-01Z-00-DX1.ad5d9143-f194-4cef-9a13-03190cf97ccf,slide_seek,TCGA_LUNG_Classification,0.05,6,True,1.0,1.0,1.0,1.0,1.0,1.0,0.1485,0.1485,/work/Agent_benchmark/slide_seek/post_eval/TCGA_LUNG_Classification/ROI/roi_overlap_results.csv,True,True
TCGA-39-5036-01Z-00-DX1.5a601fbd-a711-478e-a471-2046d2b63f7c,slide_seek,TCGA_LUNG_Classification,0.05,26,True,2.0,1.0,0.16758846153846152,1.0,0.47439999999999993,0.2082,0.2707,0.1334,/work/Agent_benchmark/slide_seek/post_eval/TCGA_LUNG_Classification/ROI/roi_overlap_results.csv,True,True
TCGA-39-5037-01Z-00-DX1.02636c3e-c843-4741-8fbf-406957fe9d87,slide_seek,TCGA_LUNG_Classification,0.05,7,True,4.0,0.6514,0.18584285714285714,0.6514,0.3173,0.2747,0.0063,0.0062,/work/Agent_benchmark/slide_seek/post_eval/TCGA_LUNG_Classification/ROI/roi_overlap_results.csv,False,True
TCGA-39-5039-01Z-00-DX1.29f1281d-93d7-4499-bfce-19eeeb1870a4,slide_seek,TCGA_LUNG_Classification,0.05,34,True,1.0,1.0,1.0,1.0,1.0,1.0,0.016,0.016,/work/Agent_benchmark/slide_seek/post_eval/TCGA_LUNG_Classification/ROI/roi_overlap_results.csv,True,True
TCGA-39-5040-01Z-00-DX1.F314DFF3-AEBE-4171-8F04-5D2A61FDE208,slide_seek,TCGA_LUNG_Classification,0.05,1,True,1.0,1.0,1.0,1.0,1.0,1.0,0.0034,0.0034,/work/Agent_benchmark/slide_seek/post_eval/TCGA_LUNG_Classification/ROI/roi_overlap_results.csv,False,True
TCGA-43-2576-01Z-00-DX1.779df209-95e1-4303-9c32-4083e8088d8e,slide_seek,TCGA_LUNG_Classification,0.05,13,True,3.0,0.7068,0.4696538461538461,0.7068,0.5550454545454545,0.3202,0.1048,0.0857,/work/Agent_benchmark/slide_seek/post_eval/TCGA_LUNG_Classification/ROI/roi_overlap_results.csv,False,True
TCGA-43-2578-01Z-00-DX1.3314c57b-2875-4cb3-8fff-cb9cf65aa697,slide_seek,TCGA_LUNG_Classification,0.05,30,False,,0.0,0.0,,,0.0,0.0,0.0,/work/Agent_benchmark/slide_seek/post_eval/TCGA_LUNG_Classification/ROI/roi_overlap_results.csv,True,True
TCGA-43-2581-01Z-00-DX1.0d1203cf-9ac9-49a2-8bd0-063ceae7b1d3,slide_seek,TCGA_LUNG_Classification,0.05,39,True,1.0,1.0,0.503248717948718,1.0,0.98126,0.4056,0.0312,0.0298,/work/Agent_benchmark/slide_seek/post_eval/TCGA_LUNG_Classification/ROI/roi_overlap_results.csv,True,True
TCGA-43-3394-01Z-00-DX1.4c2f49b9-9dac-41d8-a62b-64c8928caa3c,slide_seek,TCGA_LUNG_Classification,0.05,37,True,1.0,1.0,0.1891891891891892,1.0,1.0,0.2554,0.0012,0.0012,/work/Agent_benchmark/slide_seek/post_eval/TCGA_LUNG_Classification/ROI/roi_overlap_results.csv,False,True
TCGA-43-3920-01Z-00-DX1.33ab7101-e3e6-4156-9c16-efae940c8156,slide_seek,TCGA_LUNG_Classification,0.05,55,True,12.0,1.0,0.17014727272727273,1.0,0.93581,0.1802,0.0068,0.0066,/work/Agent_benchmark/slide_seek/post_eval/TCGA_LUNG_Classification/ROI/roi_overlap_results.csv,False,True
TCGA-43-5668-01Z-00-DX1.0d024872-fbcc-4e91-948b-acc96a00d5eb,slide_seek,TCGA_LUNG_Classification,0.05,8,False,,0.0,0.0,,,0.0,0.0,0.0,/work/Agent_benchmark/slide_seek/post_eval/TCGA_LUNG_Classification/ROI/roi_overlap_results.csv,False,True
TCGA-43-5670-01Z-00-DX1.1b5d262e-1f39-4f6f-883c-52101b57791f,slide_seek,TCGA_LUNG_Classification,0.05,7,True,5.0,0.4556,0.06508571428571429,0.4556,0.4556,0.0651,0.017,0.0137,/work/Agent_benchmark/slide_seek/post_eval/TCGA_LUNG_Classification/ROI/roi_overlap_results.csv,True,True
TCGA-43-6143-01Z-00-DX1.52d974a8-3f07-4e7f-8d3f-5d47f321298c,slide_seek,TCGA_LUNG_Classification,0.05,6,False,,0.0,0.0,,,0.0,0.0,0.0,/work/Agent_benchmark/slide_seek/post_eval/TCGA_LUNG_Classification/ROI/roi_overlap_results.csv,False,True
TCGA-43-6647-01Z-00-DX1.ac38a9bb-d5af-42c1-b96c-c1d6b958dd17,slide_seek,TCGA_LUNG_Classification,0.05,69,True,49.0,1.0,0.014492753623188406,1.0,1.0,0.0199,0.0027,0.0024,/work/Agent_benchmark/slide_seek/post_eval/TCGA_LUNG_Classification/ROI/roi_overlap_results.csv,False,True
TCGA-43-6770-01Z-00-DX1.466dd07f-b147-48bb-9349-fe1f5f3bcae5,slide_seek,TCGA_LUNG_Classification,0.05,27,True,1.0,1.0,0.1219925925925926,1.0,0.65876,0.177,0.0059,0.0057,/work/Agent_benchmark/slide_seek/post_eval/TCGA_LUNG_Classification/ROI/roi_overlap_results.csv,True,True
TCGA-43-6771-01Z-00-DX1.445d4d3f-6a28-4ea7-b7ab-612366c7bb4b,slide_seek,TCGA_LUNG_Classification,0.05,7,True,2.0,0.0558,0.007971428571428572,0.0558,0.0558,0.0153,0.0218,0.0091,/work/Agent_benchmark/slide_seek/post_eval/TCGA_LUNG_Classification/ROI/roi_overlap_results.csv,False,True
TCGA-43-6773-01Z-00-DX1.a05f9597-51b5-4a5a-9936-c61535b115bb,slide_seek,TCGA_LUNG_Classification,0.05,5,True,2.0,0.84,0.28076,0.84,0.7019,0.2808,0.204,0.134,/work/Agent_benchmark/slide_seek/post_eval/TCGA_LUNG_Classification/ROI/roi_overlap_results.csv,True,True
TCGA-43-7656-01Z-00-DX1.6076ce10-fcb2-4f29-b3f3-c3f5649dc469,slide_seek,TCGA_LUNG_Classification,0.05,40,True,4.0,1.0,0.0625425,1.0,0.8266,0.073,0.0089,0.008,/work/Agent_benchmark/slide_seek/post_eval/TCGA_LUNG_Classification/ROI/roi_overlap_results.csv,False,True
TCGA-43-7657-01Z-00-DX1.d8a5d257-c5ca-4192-b6a7-4698b8390fca,slide_seek,TCGA_LUNG_Classification,0.05,7,False,,0.0,0.0,,,0.0,0.0,0.0,/work/Agent_benchmark/slide_seek/post_eval/TCGA_LUNG_Classification/ROI/roi_overlap_results.csv,True,True
TCGA-43-7658-01Z-00-DX1.db69fbb6-59d7-49f5-adbf-f9c030b85b73,slide_seek,TCGA_LUNG_Classification,0.05,9,True,1.0,1.0,0.827288888888889,1.0,0.9307000000000001,0.7709,0.0075,0.0075,/work/Agent_benchmark/slide_seek/post_eval/TCGA_LUNG_Classification/ROI/roi_overlap_results.csv,True,True
TCGA-43-8115-01Z-00-DX1.1CFF45F8-6155-498C-AA52-269E6547FE0D,slide_seek,TCGA_LUNG_Classification,0.05,2,True,2.0,0.1558,0.0779,0.1558,0.1558,0.0092,0.0005,0.0004,/work/Agent_benchmark/slide_seek/post_eval/TCGA_LUNG_Classification/ROI/roi_overlap_results.csv,True,True
TCGA-43-A474-01Z-00-DX1.9BCC325D-875A-4285-85E9-2EA550A10949,slide_seek,TCGA_LUNG_Classification,0.05,31,True,21.0,0.5473,0.01765483870967742,0.5473,0.5473,0.0226,0.001,0.0009,/work/Agent_benchmark/slide_seek/post_eval/TCGA_LUNG_Classification/ROI/roi_overlap_results.csv,False,True
TCGA-43-A475-01Z-00-DX1.48694B33-6070-4D6E-9CE4-BDEF072500A1,slide_seek,TCGA_LUNG_Classification,0.05,35,True,7.0,1.0,0.4349542857142857,1.0,0.9514625,0.1658,0.0117,0.0111,/work/Agent_benchmark/slide_seek/post_eval/TCGA_LUNG_Classification/ROI/roi_overlap_results.csv,False,True
TCGA-43-A56U-01Z-00-DX1.B60C921A-4EE4-4CAE-9E55-311C7D2DA9E4,slide_seek,TCGA_LUNG_Classification,0.05,7,True,1.0,0.906,0.21414285714285716,0.906,0.7495,0.2141,0.1536,0.0982,/work/Agent_benchmark/slide_seek/post_eval/TCGA_LUNG_Classification/ROI/roi_overlap_results.csv,True,True
TCGA-43-A56V-01Z-00-DX1.AA93FE03-FA7D-42C4-A118-B98C2400D9DA,slide_seek,TCGA_LUNG_Classification,0.05,18,True,3.0,1.0,0.38811111111111113,1.0,0.873175,0.3413,0.0425,0.0393,/work/Agent_benchmark/slide_seek/post_eval/TCGA_LUNG_Classification/ROI/roi_overlap_results.csv,False,True
TCGA-44-2655-01Z-00-DX1.ee255271-780c-461c-ab23-5cd3504b5e4a,slide_seek,TCGA_LUNG_Classification,0.05,24,False,,0.0,0.0,,,0.0,0.0,0.0,/work/Agent_benchmark/slide_seek/post_eval/TCGA_LUNG_Classification/ROI/roi_overlap_results.csv,False,True
TCGA-44-2656-01Z-00-DX1.5f247f31-4bb5-460d-a1f7-7dcdba33c835,slide_seek,TCGA_LUNG_Classification,0.05,38,True,1.0,1.0,0.42315789473684207,1.0,0.9458823529411764,0.4092,0.0267,0.0257,/work/Agent_benchmark/slide_seek/post_eval/TCGA_LUNG_Classification/ROI/roi_overlap_results.csv,False,True
TCGA-44-2657-01Z-00-DX1.b7f608bd-2381-40a2-a757-ca4648a7de8a,slide_seek,TCGA_LUNG_Classification,0.05,23,True,12.0,0.7894,0.034321739130434785,0.7894,0.7894,0.0422,0.0045,0.0041,/work/Agent_benchmark/slide_seek/post_eval/TCGA_LUNG_Classification/ROI/roi_overlap_results.csv,False,True
TCGA-44-2659-01Z-00-DX1.b33f40e6-bc18-48b0-8dad-bdb0a6a200b5,slide_seek,TCGA_LUNG_Classification,0.05,37,True,2.0,1.0,0.3718891891891892,1.0,0.98285,0.2914,0.1469,0.1082,/work/Agent_benchmark/slide_seek/post_eval/TCGA_LUNG_Classification/ROI/roi_overlap_results.csv,True,True
TCGA-44-2661-01Z-00-DX1.20cfa0f8-e3ca-4c26-9dfe-b9d416cd94b1,slide_seek,TCGA_LUNG_Classification,0.05,23,False,,0.0,0.0,,,0.0,0.0,0.0,/work/Agent_benchmark/slide_seek/post_eval/TCGA_LUNG_Classification/ROI/roi_overlap_results.csv,True,True
TCGA-44-2662-01Z-00-DX1.398f3f84-fd48-4454-b789-a3e90cd36d73,slide_seek,TCGA_LUNG_Classification,0.05,6,True,1.0,1.0,0.16666666666666666,1.0,1.0,0.1667,0.0015,0.0015,/work/Agent_benchmark/slide_seek/post_eval/TCGA_LUNG_Classification/ROI/roi_overlap_results.csv,False,True
TCGA-44-2664-01Z-00-DX1.35c75ae5-eee0-4e69-a13a-31b5fad9869a,slide_seek,TCGA_LUNG_Classification,0.05,27,False,,0.0,0.0,,,0.0,0.0,0.0,/work/Agent_benchmark/slide_seek/post_eval/TCGA_LUNG_Classification/ROI/roi_overlap_results.csv,True,True
TCGA-44-2665-01Z-00-DX1.d429e37e-3915-4da6-b5bc-bf2f09f4fbf7,slide_seek,TCGA_LUNG_Classification,0.05,70,True,34.0,1.0,0.12591571428571427,1.0,0.8814,0.0827,0.0486,0.0316,/work/Agent_benchmark/slide_seek/post_eval/TCGA_LUNG_Classification/ROI/roi_overlap_results.csv,False,True
TCGA-44-2666-01Z-00-DX1.f81a89cf-6033-47ea-9a43-290a5d6a28c1,slide_seek,TCGA_LUNG_Classification,0.05,30,True,4.0,1.0,0.06485666666666666,1.0,0.97285,0.0924,0.0607,0.038,/work/Agent_benchmark/slide_seek/post_eval/TCGA_LUNG_Classification/ROI/roi_overlap_results.csv,True,True
TCGA-44-2668-01Z-00-DX1.f66fa464-dad1-4a9f-8486-3d7579ca42b6,slide_seek,TCGA_LUNG_Classification,0.05,44,False,,0.0,0.0,,,0.0,0.0,0.0,/work/Agent_benchmark/slide_seek/post_eval/TCGA_LUNG_Classification/ROI/roi_overlap_results.csv,False,True
TCGA-44-3396-01Z-00-DX1.187b0a68-ad51-4fcd-819c-b74a8599dbe9,slide_seek,TCGA_LUNG_Classification,0.05,6,False,,0.0,0.0,,,0.0,0.0,0.0,/work/Agent_benchmark/slide_seek/post_eval/TCGA_LUNG_Classification/ROI/roi_overlap_results.csv,False,True
TCGA-44-3398-01Z-00-DX1.74757c91-a0c6-4e7f-b2db-8748c68ffa44,slide_seek,TCGA_LUNG_Classification,0.05,14,True,8.0,1.0,0.07142857142857142,1.0,1.0,0.0407,0.001,0.001,/work/Agent_benchmark/slide_seek/post_eval/TCGA_LUNG_Classification/ROI/roi_overlap_results.csv,False,True
TCGA-44-3917-01Z-00-DX1.cf5b5b49-de5e-4f2e-90b4-b138f55560a9,slide_seek,TCGA_LUNG_Classification,0.05,1,True,1.0,1.0,1.0,1.0,1.0,1.0,0.0025,0.0025,/work/Agent_benchmark/slide_seek/post_eval/TCGA_LUNG_Classification/ROI/roi_overlap_results.csv,True,True
TCGA-44-3918-01Z-00-DX1.6da70a8b-6307-423a-9d2d-380c16962855,slide_seek,TCGA_LUNG_Classification,0.05,44,True,34.0,1.0,0.04946363636363637,1.0,0.7254666666666667,0.0732,0.0017,0.0016,/work/Agent_benchmark/slide_seek/post_eval/TCGA_LUNG_Classification/ROI/roi_overlap_results.csv,False,True
TCGA-44-3919-01Z-00-DX1.41144972-46a1-4b25-9faa-ed1b9d1996d2,slide_seek,TCGA_LUNG_Classification,0.05,21,True,4.0,1.0,0.14515714285714287,1.0,0.7620750000000001,0.2345,0.2045,0.1226,/work/Agent_benchmark/slide_seek/post_eval/TCGA_LUNG_Classification/ROI/roi_overlap_results.csv,True,True
TCGA-44-4112-01Z-00-DX1.5380b3b4-0e24-4c6c-aa8c-298c5fbe068f,slide_seek,TCGA_LUNG_Classification,0.05,67,True,1.0,1.0,0.14945074626865673,1.0,1.0,0.2246,0.0134,0.0128,/work/Agent_benchmark/slide_seek/post_eval/TCGA_LUNG_Classification/ROI/roi_overlap_results.csv,False,True
TCGA-44-5643-01Z-00-DX1.83fb7631-0ecb-4473-bfb2-c8daa2f87d35,slide_seek,TCGA_LUNG_Classification,0.05,92,True,54.0,0.0961,0.0010445652173913043,0.0961,0.0961,0.0014,0.0004,0.0003,/work/Agent_benchmark/slide_seek/post_eval/TCGA_LUNG_Classification/ROI/roi_overlap_results.csv,False,True
TCGA-44-5644-01Z-00-DX1.7e4edaa7-25c6-49f4-81bc-f50d6c5fac38,slide_seek,TCGA_LUNG_Classification,0.05,94,True,1.0,1.0,0.12633936170212764,1.0,0.7422437500000001,0.0889,0.0238,0.0191,/work/Agent_benchmark/slide_seek/post_eval/TCGA_LUNG_Classification/ROI/roi_overlap_results.csv,True,True
TCGA-44-5645-01Z-00-DX1.8b0d89d7-7849-49a6-a2f5-a8faf2c5aab4,slide_seek,TCGA_LUNG_Classification,0.05,19,False,,0.0,0.0,,,0.0,0.0,0.0,/work/Agent_benchmark/slide_seek/post_eval/TCGA_LUNG_Classification/ROI/roi_overlap_results.csv,True,True
TCGA-44-6144-01Z-00-DX1.604b3c7c-92e8-474a-bae8-e48415ea6196,slide_seek,TCGA_LUNG_Classification,0.05,6,False,,0.0,0.0,,,0.0,0.0,0.0,/work/Agent_benchmark/slide_seek/post_eval/TCGA_LUNG_Classification/ROI/roi_overlap_results.csv,True,True
TCGA-44-6145-01Z-00-DX1.175ad655-b054-407d-bb22-3a4f85849488,slide_seek,TCGA_LUNG_Classification,0.05,38,False,,0.0,0.0,,,0.0,0.0,0.0,/work/Agent_benchmark/slide_seek/post_eval/TCGA_LUNG_Classification/ROI/roi_overlap_results.csv,False,True
TCGA-44-6146-01Z-00-DX1.8db8c567-690e-4df3-98a9-f241b6a8d811,slide_seek,TCGA_LUNG_Classification,0.05,5,False,,0.0,0.0,,,0.0,0.0,0.0,/work/Agent_benchmark/slide_seek/post_eval/TCGA_LUNG_Classification/ROI/roi_overlap_results.csv,True,True
TCGA-44-6147-01Z-00-DX1.a34a9f49-e86b-43ee-9e2d-7ef35da0aecf,slide_seek,TCGA_LUNG_Classification,0.05,6,False,,0.0,0.0,,,0.0,0.0,0.0,/work/Agent_benchmark/slide_seek/post_eval/TCGA_LUNG_Classification/ROI/roi_overlap_results.csv,False,True
TCGA-44-6148-01Z-00-DX1.94c29c83-1085-458f-a0c9-3ffa8592cb98,slide_seek,TCGA_LUNG_Classification,0.05,9,True,1.0,1.0,0.9734777777777778,1.0,0.9734777777777778,0.8108,0.0411,0.0407,/work/Agent_benchmark/slide_seek/post_eval/TCGA_LUNG_Classification/ROI/roi_overlap_results.csv,True,True
TCGA-44-6774-01Z-00-DX1.f169485b-f863-4be0-9844-258d78170b64,slide_seek,TCGA_LUNG_Classification,0.05,82,True,28.0,1.0,0.07511341463414634,1.0,0.8799,0.136,0.0092,0.0087,/work/Agent_benchmark/slide_seek/post_eval/TCGA_LUNG_Classification/ROI/roi_overlap_results.csv,False,True
TCGA-44-6775-01Z-00-DX1.38d3bc6d-8bb5-4126-8d61-d39e6a1d7bcf,slide_seek,TCGA_LUNG_Classification,0.05,7,False,,0.0,0.0,,,0.0,0.0,0.0,/work/Agent_benchmark/slide_seek/post_eval/TCGA_LUNG_Classification/ROI/roi_overlap_results.csv,True,True
TCGA-44-6776-01Z-00-DX1.551e200f-5f40-4b95-8b2f-7c6000a21be0,slide_seek,TCGA_LUNG_Classification,0.05,52,True,2.0,1.0,0.33295,1.0,0.9618555555555557,0.3077,0.0825,0.0696,/work/Agent_benchmark/slide_seek/post_eval/TCGA_LUNG_Classification/ROI/roi_overlap_results.csv,False,True
TCGA-44-6777-01Z-00-DX1.aca7b23d-a601-4476-8bfd-eb46f0b6a96e,slide_seek,TCGA_LUNG_Classification,0.05,26,True,4.0,1.0,0.11538461538461539,1.0,1.0,0.1687,0.0102,0.0097,/work/Agent_benchmark/slide_seek/post_eval/TCGA_LUNG_Classification/ROI/roi_overlap_results.csv,False,True
TCGA-44-6778-01Z-00-DX1.5e932267-cc68-4a8e-a660-fe2cc0c59ff4,slide_seek,TCGA_LUNG_Classification,0.05,2,False,,0.0,0.0,,,0.0,0.0,0.0,/work/Agent_benchmark/slide_seek/post_eval/TCGA_LUNG_Classification/ROI/roi_overlap_results.csv,False,True
TCGA-44-6779-01Z-00-DX1.40f10ad8-55f3-4043-a89b-37d33a26dd8c,slide_seek,TCGA_LUNG_Classification,0.05,47,True,1.0,1.0,0.13398297872340426,1.0,0.8996000000000001,0.1627,0.0609,0.0464,/work/Agent_benchmark/slide_seek/post_eval/TCGA_LUNG_Classification/ROI/roi_overlap_results.csv,False,True
TCGA-44-7659-01Z-00-DX1.818bf5b3-b4c1-4d23-a6ae-98d5015eb8c1,slide_seek,TCGA_LUNG_Classification,0.05,47,True,35.0,1.0,0.08608936170212765,1.0,0.80924,0.0926,0.0061,0.0058,/work/Agent_benchmark/slide_seek/post_eval/TCGA_LUNG_Classification/ROI/roi_overlap_results.csv,True,True
TCGA-44-7660-01Z-00-DX1.f96c114b-f0fc-498a-97cc-e262344de357,slide_seek,TCGA_LUNG_Classification,0.05,6,False,,0.0,0.0,,,0.0,0.0,0.0,/work/Agent_benchmark/slide_seek/post_eval/TCGA_LUNG_Classification/ROI/roi_overlap_results.csv,True,True
TCGA-44-7662-01Z-00-DX1.2f0b6cea-795a-40ad-93a9-319858e6fb3b,slide_seek,TCGA_LUNG_Classification,0.05,52,True,29.0,1.0,0.1552923076923077,1.0,0.7341090909090909,0.2406,0.0428,0.0377,/work/Agent_benchmark/slide_seek/post_eval/TCGA_LUNG_Classification/ROI/roi_overlap_results.csv,True,True
TCGA-44-7667-01Z-00-DX1.2be2e379-7368-4fa7-a619-ace84febecb3,slide_seek,TCGA_LUNG_Classification,0.05,40,False,,0.0,0.0,,,0.0,0.0,0.0,/work/Agent_benchmark/slide_seek/post_eval/TCGA_LUNG_Classification/ROI/roi_overlap_results.csv,False,True
TCGA-44-7669-01Z-00-DX1.34d0c9ac-d3dc-4a5e-b99c-a8c1c1e120d1,slide_seek,TCGA_LUNG_Classification,0.05,12,True,1.0,1.0,1.0,1.0,1.0,1.0,0.008,0.008,/work/Agent_benchmark/slide_seek/post_eval/TCGA_LUNG_Classification/ROI/roi_overlap_results.csv,False,True
TCGA-44-7670-01Z-00-DX1.2a981dd6-0063-438e-b20e-b180b16e2b23,slide_seek,TCGA_LUNG_Classification,0.05,47,True,2.0,1.0,0.02127659574468085,1.0,1.0,0.0254,0.0018,0.0016,/work/Agent_benchmark/slide_seek/post_eval/TCGA_LUNG_Classification/ROI/roi_overlap_results.csv,True,True
TCGA-44-7671-01Z-00-DX1.00297baa-00e7-4894-a7b8-c9ac2a9d42d8,slide_seek,TCGA_LUNG_Classification,0.05,8,False,,0.0,0.0,,,0.0,0.0,0.0,/work/Agent_benchmark/slide_seek/post_eval/TCGA_LUNG_Classification/ROI/roi_overlap_results.csv,True,True
TCGA-44-7672-01Z-00-DX1.71f4a0c6-a9cc-481c-ace8-c8c314952aa1,slide_seek,TCGA_LUNG_Classification,0.05,63,True,23.0,1.0,0.12698412698412698,1.0,1.0,0.1601,0.0134,0.0125,/work/Agent_benchmark/slide_seek/post_eval/TCGA_LUNG_Classification/ROI/roi_overlap_results.csv,True,True
TCGA-44-8119-01Z-00-DX1.1EBEBFA7-22DB-4365-9DF8-C4E679C11312,slide_seek,TCGA_LUNG_Classification,0.05,109,True,4.0,1.0,0.06985504587155963,1.0,0.5411214285714286,0.0967,0.3614,0.0826,/work/Agent_benchmark/slide_seek/post_eval/TCGA_LUNG_Classification/ROI/roi_overlap_results.csv,False,True
TCGA-44-A479-01Z-00-DX1.CA5654C6-A623-452E-A8AC-DB6279CA97B1,slide_seek,TCGA_LUNG_Classification,0.05,24,True,8.0,1.0,0.11244166666666666,1.0,0.8995333333333333,0.5762,0.0267,0.0262,/work/Agent_benchmark/slide_seek/post_eval/TCGA_LUNG_Classification/ROI/roi_overlap_results.csv,False,True
TCGA-44-A47A-01Z-00-DX1.62448803-3A7B-41EC-9794-67916DA0792E,slide_seek,TCGA_LUNG_Classification,0.05,62,True,1.0,1.0,0.28821935483870964,1.0,0.8509333333333332,0.2457,0.0322,0.0293,/work/Agent_benchmark/slide_seek/post_eval/TCGA_LUNG_Classification/ROI/roi_overlap_results.csv,False,True
TCGA-44-A47B-01Z-00-DX1.177D0531-E037-435B-BFD4-382B2150B10D,slide_seek,TCGA_LUNG_Classification,0.05,4,False,,0.0,0.0,,,0.0,0.0,0.0,/work/Agent_benchmark/slide_seek/post_eval/TCGA_LUNG_Classification/ROI/roi_overlap_results.csv,False,True
TCGA-44-A47F-01Z-00-DX1.C1EC3F2D-33C8-483B-9DDA-2F01B5FED618,slide_seek,TCGA_LUNG_Classification,0.05,8,False,,0.0,0.0,,,0.0,0.0,0.0,/work/Agent_benchmark/slide_seek/post_eval/TCGA_LUNG_Classification/ROI/roi_overlap_results.csv,False,True
TCGA-44-A47G-01Z-00-DX1.810F67EC-3A0C-4056-B736-3331A11412CC,slide_seek,TCGA_LUNG_Classification,0.05,11,False,,0.0,0.0,,,0.0,0.0,0.0,/work/Agent_benchmark/slide_seek/post_eval/TCGA_LUNG_Classification/ROI/roi_overlap_results.csv,True,True
TCGA-44-A4SS-01Z-00-DX1.F3D85B63-D963-42D2-815F-CB9D791A0F7B,slide_seek,TCGA_LUNG_Classification,0.05,38,False,,0.0,0.0,,,0.0,0.0,0.0,/work/Agent_benchmark/slide_seek/post_eval/TCGA_LUNG_Classification/ROI/roi_overlap_results.csv,False,True
TCGA-44-A4SU-01Z-00-DX1.AE2607C1-B208-4557-ADB4-6AAF03C6D3A9,slide_seek,TCGA_LUNG_Classification,0.05,25,True,17.0,1.0,0.12359999999999999,1.0,0.772475,0.1006,0.0385,0.0286,/work/Agent_benchmark/slide_seek/post_eval/TCGA_LUNG_Classification/ROI/roi_overlap_results.csv,False,True
TCGA-46-3765-01Z-00-DX1.f45e4e30-e60c-40e5-a0b7-4513c0c37fda,slide_seek,TCGA_LUNG_Classification,0.05,35,False,,0.0,0.0,,,0.0,0.0,0.0,/work/Agent_benchmark/slide_seek/post_eval/TCGA_LUNG_Classification/ROI/roi_overlap_results.csv,False,True
TCGA-46-3766-01Z-00-DX1.5870b2ed-78f0-4f68-b01e-2ef6d5353b57,slide_seek,TCGA_LUNG_Classification,0.05,55,True,22.0,1.0,0.17532,1.0,0.9642600000000001,0.0735,0.0072,0.0066,/work/Agent_benchmark/slide_seek/post_eval/TCGA_LUNG_Classification/ROI/roi_overlap_results.csv,False,True
TCGA-46-3767-01Z-00-DX1.1f1899f9-7d6e-438c-b7ac-701ea088734d,slide_seek,TCGA_LUNG_Classification,0.05,27,True,1.0,1.0,0.7445999999999999,1.0,0.957342857142857,0.654,0.0068,0.0068,/work/Agent_benchmark/slide_seek/post_eval/TCGA_LUNG_Classification/ROI/roi_overlap_results.csv,False,True
TCGA-46-3768-01Z-00-DX1.226f6cbc-f1f4-4df8-8366-c94fd78e037b,slide_seek,TCGA_LUNG_Classification,0.05,10,False,,0.0,0.0,,,0.0,0.0,0.0,/work/Agent_benchmark/slide_seek/post_eval/TCGA_LUNG_Classification/ROI/roi_overlap_results.csv,False,True
TCGA-46-3769-01Z-00-DX1.97260244-fe08-42da-b5db-80da7f7d8766,slide_seek,TCGA_LUNG_Classification,0.05,7,False,,0.0,0.0,,,0.0,0.0,0.0,/work/Agent_benchmark/slide_seek/post_eval/TCGA_LUNG_Classification/ROI/roi_overlap_results.csv,False,True
TCGA-46-6025-01Z-00-DX1.05600f09-0b48-448c-b305-cb881970fc52,slide_seek,TCGA_LUNG_Classification,0.05,5,False,,0.0,0.0,,,0.0,0.0,0.0,/work/Agent_benchmark/slide_seek/post_eval/TCGA_LUNG_Classification/ROI/roi_overlap_results.csv,True,True
TCGA-46-6026-01Z-00-DX1.e0248ea6-ae04-4960-95a8-f39b8e168a38,slide_seek,TCGA_LUNG_Classification,0.05,21,True,5.0,1.0,0.08193333333333334,1.0,0.8603000000000001,0.1867,0.037,0.0319,/work/Agent_benchmark/slide_seek/post_eval/TCGA_LUNG_Classification/ROI/roi_overlap_results.csv,False,True
TCGA-49-4487-01Z-00-DX1.3a3a0720-463c-430e-849b-e2f8991bdfa5,slide_seek,TCGA_LUNG_Classification,0.05,7,True,1.0,1.0,0.7426,1.0,0.8663666666666666,0.7426,0.0038,0.0038,/work/Agent_benchmark/slide_seek/post_eval/TCGA_LUNG_Classification/ROI/roi_overlap_results.csv,False,True
TCGA-49-4488-01Z-00-DX1.c9beef33-2d53-4fcb-8293-f083d9fedddc,slide_seek,TCGA_LUNG_Classification,0.05,24,True,4.0,1.0,0.41425416666666665,1.0,0.6204875000000001,0.1402,0.5669,0.1266,/work/Agent_benchmark/slide_seek/post_eval/TCGA_LUNG_Classification/ROI/roi_overlap_results.csv,True,True
TCGA-49-4488-01Z-00-DX10.930e7dc2-6073-4bf2-9b70-f17c0b26bdee,slide_seek,TCGA_LUNG_Classification,0.05,67,True,1.0,1.0,0.3934223880597015,1.0,0.8492838709677419,0.3468,0.0266,0.0254,/work/Agent_benchmark/slide_seek/post_eval/TCGA_LUNG_Classification/ROI/roi_overlap_results.csv,True,True
TCGA-49-4488-01Z-00-DX2.ce896a98-8b45-4606-8849-3a377b81e3de,slide_seek,TCGA_LUNG_Classification,0.05,29,False,,0.0,0.0,,,0.0,0.0,0.0,/work/Agent_benchmark/slide_seek/post_eval/TCGA_LUNG_Classification/ROI/roi_overlap_results.csv,False,True
TCGA-49-4488-01Z-00-DX3.341ea7ac-ee5f-4ad2-9d01-d81a4d2e9b13,slide_seek,TCGA_LUNG_Classification,0.05,1,False,,0.0,0.0,,,0.0,0.0,0.0,/work/Agent_benchmark/slide_seek/post_eval/TCGA_LUNG_Classification/ROI/roi_overlap_results.csv,True,True
TCGA-49-4488-01Z-00-DX4.17c00349-5908-4944-9dba-5efea9a5373a,slide_seek,TCGA_LUNG_Classification,0.05,11,True,1.0,1.0,0.9893454545454545,1.0,0.9893454545454545,0.9771,0.0013,0.0013,/work/Agent_benchmark/slide_seek/post_eval/TCGA_LUNG_Classification/ROI/roi_overlap_results.csv,True,True
TCGA-49-4488-01Z-00-DX5.6380c697-c81b-48c8-863c-ea1cdd097464,slide_seek,TCGA_LUNG_Classification,0.05,8,True,1.0,0.5442,0.131025,0.5442,0.5241,0.2059,0.0053,0.0052,/work/Agent_benchmark/slide_seek/post_eval/TCGA_LUNG_Classification/ROI/roi_overlap_results.csv,False,True
TCGA-49-4488-01Z-00-DX6.3ce306b2-1b00-48f7-8288-c24069037a9c,slide_seek,TCGA_LUNG_Classification,0.05,87,True,1.0,1.0,0.8486459770114942,1.0,0.9708763157894736,0.7793,0.0228,0.0227,/work/Agent_benchmark/slide_seek/post_eval/TCGA_LUNG_Classification/ROI/roi_overlap_results.csv,False,True
TCGA-49-4488-01Z-00-DX7.a04b36c3-9cfd-4195-92c0-70046cd49d9a,slide_seek,TCGA_LUNG_Classification,0.05,25,True,2.0,1.0,0.122136,1.0,0.61068,0.023,0.0107,0.0074,/work/Agent_benchmark/slide_seek/post_eval/TCGA_LUNG_Classification/ROI/roi_overlap_results.csv,False,True
TCGA-49-4488-01Z-00-DX8.b9fb358a-9618-4956-9544-c2ffe2678095,slide_seek,TCGA_LUNG_Classification,0.05,11,True,3.0,1.0,0.33042727272727274,1.0,0.908675,0.3635,0.013,0.0127,/work/Agent_benchmark/slide_seek/post_eval/TCGA_LUNG_Classification/ROI/roi_overlap_results.csv,True,True
TCGA-49-4488-01Z-00-DX9.bf1e9d28-3ca2-4a62-bf3e-3e735c6a2885,slide_seek,TCGA_LUNG_Classification,0.05,14,True,4.0,1.0,0.3943714285714286,1.0,0.91085,0.0322,0.0058,0.0049,/work/Agent_benchmark/slide_seek/post_eval/TCGA_LUNG_Classification/ROI/roi_overlap_results.csv,True,True
TCGA-49-4490-01Z-00-DX1.bde106d9-1494-4775-b77d-11c86bb09b72,slide_seek,TCGA_LUNG_Classification,0.05,2,False,,0.0,0.0,,,0.0,0.0,0.0,/work/Agent_benchmark/slide_seek/post_eval/TCGA_LUNG_Classification/ROI/roi_overlap_results.csv,False,True
TCGA-49-4490-01Z-00-DX2.1b491bd7-60d2-40a6-96cd-01385bce2b0f,slide_seek,TCGA_LUNG_Classification,0.05,7,True,1.0,1.0,0.6175714285714287,1.0,0.8646,0.5572,0.0154,0.0153,/work/Agent_benchmark/slide_seek/post_eval/TCGA_LUNG_Classification/ROI/roi_overlap_results.csv,False,True
TCGA-49-4490-01Z-00-DX3.0949a10a-0a1f-49dc-9296-ab4d4f0bf988,slide_seek,TCGA_LUNG_Classification,0.05,12,True,1.0,1.0,1.0,1.0,1.0,1.0,0.0094,0.0094,/work/Agent_benchmark/slide_seek/post_eval/TCGA_LUNG_Classification/ROI/roi_overlap_results.csv,True,True
TCGA-49-4490-01Z-00-DX4.4e94aeb6-f616-4bdd-82bc-2ca2f2b5a5c4,slide_seek,TCGA_LUNG_Classification,0.05,78,True,1.0,1.0,0.20525769230769234,1.0,0.9417705882352942,0.2116,0.0052,0.0051,/work/Agent_benchmark/slide_seek/post_eval/TCGA_LUNG_Classification/ROI/roi_overlap_results.csv,False,True
TCGA-49-4490-01Z-00-DX5.feea87ff-61c6-465e-8b36-4803f6af3d62,slide_seek,TCGA_LUNG_Classification,0.05,25,True,1.0,1.0,0.943472,1.0,0.9827833333333333,0.9621,0.0073,0.0073,/work/Agent_benchmark/slide_seek/post_eval/TCGA_LUNG_Classification/ROI/roi_overlap_results.csv,True,True
TCGA-49-4490-01Z-00-DX6.0a04ad8e-7f33-4496-bd9e-0110ec33f887,slide_seek,TCGA_LUNG_Classification,0.05,31,True,4.0,1.0,0.4209290322580645,1.0,1.0,0.4313,0.0067,0.0067,/work/Agent_benchmark/slide_seek/post_eval/TCGA_LUNG_Classification/ROI/roi_overlap_results.csv,False,True
TCGA-49-4494-01Z-00-DX1.2bf10e85-465a-4b17-abd7-3565f0e538a5,slide_seek,TCGA_LUNG_Classification,0.05,3,True,1.0,1.0,1.0,1.0,1.0,1.0,0.0055,0.0055,/work/Agent_benchmark/slide_seek/post_eval/TCGA_LUNG_Classification/ROI/roi_overlap_results.csv,True,True
TCGA-49-4494-01Z-00-DX2.cac5ed0a-98c3-4d37-a4f4-9596a061836a,slide_seek,TCGA_LUNG_Classification,0.05,27,False,,0.0,0.0,,,0.0,0.0,0.0,/work/Agent_benchmark/slide_seek/post_eval/TCGA_LUNG_Classification/ROI/roi_overlap_results.csv,False,True
TCGA-49-4494-01Z-00-DX3.e80b4534-4d6e-4d79-962e-017ffee24d67,slide_seek,TCGA_LUNG_Classification,0.05,8,True,6.0,1.0,0.25,1.0,1.0,0.1429,0.0005,0.0005,/work/Agent_benchmark/slide_seek/post_eval/TCGA_LUNG_Classification/ROI/roi_overlap_results.csv,True,True
TCGA-49-4494-01Z-00-DX4.4c6a4560-adee-4fc9-8fd8-feb7f89e51e3,slide_seek,TCGA_LUNG_Classification,0.05,6,True,1.0,1.0,0.8661666666666666,1.0,0.8661666666666666,0.6075,0.0067,0.0066,/work/Agent_benchmark/slide_seek/post_eval/TCGA_LUNG_Classification/ROI/roi_overlap_results.csv,False,True
TCGA-49-4494-01Z-00-DX5.1e9e22d6-a4c9-40d1-aedb-b6cd404fe16f,slide_seek,TCGA_LUNG_Classification,0.05,32,True,7.0,1.0,0.43674999999999997,1.0,0.9982857142857142,0.1404,0.0066,0.0063,/work/Agent_benchmark/slide_seek/post_eval/TCGA_LUNG_Classification/ROI/roi_overlap_results.csv,False,True
TCGA-49-4494-01Z-00-DX6.3791a027-7ddb-429c-99a5-bb84a4307550,slide_seek,TCGA_LUNG_Classification,0.05,12,True,6.0,1.0,0.4166666666666667,1.0,1.0,0.1997,0.0111,0.0106,/work/Agent_benchmark/slide_seek/post_eval/TCGA_LUNG_Classification/ROI/roi_overlap_results.csv,False,True
TCGA-49-4494-01Z-00-DX7.9f722476-622e-4374-9fda-ef35184f01e0,slide_seek,TCGA_LUNG_Classification,0.05,40,False,,0.0,0.0,,,0.0,0.0,0.0,/work/Agent_benchmark/slide_seek/post_eval/TCGA_LUNG_Classification/ROI/roi_overlap_results.csv,False,True
TCGA-49-4501-01Z-00-DX1.9c4bf212-5e32-449e-8710-cf7a3594156e,slide_seek,TCGA_LUNG_Classification,0.05,46,True,13.0,1.0,0.10904130434782609,1.0,0.8341500000000001,0.133,0.0029,0.0028,/work/Agent_benchmark/slide_seek/post_eval/TCGA_LUNG_Classification/ROI/roi_overlap_results.csv,True,True
TCGA-49-4501-01Z-00-DX2.07b7723d-136b-490c-9dd3-7f3aef78d3d9,slide_seek,TCGA_LUNG_Classification,0.05,10,True,6.0,1.0,0.39766,1.0,0.79532,0.6401,0.0037,0.0037,/work/Agent_benchmark/slide_seek/post_eval/TCGA_LUNG_Classification/ROI/roi_overlap_results.csv,True,True
TCGA-49-4501-01Z-00-DX3.b6c2cc84-1c94-4816-92e7-8cf4446ac9ac,slide_seek,TCGA_LUNG_Classification,0.05,4,False,,0.0,0.0,,,0.0,0.0,0.0,/work/Agent_benchmark/slide_seek/post_eval/TCGA_LUNG_Classification/ROI/roi_overlap_results.csv,False,True
TCGA-49-4505-01Z-00-DX1.d49d603e-1f76-43a1-a803-9f2d6a6df715,slide_seek,TCGA_LUNG_Classification,0.05,6,True,1.0,1.0,0.88775,1.0,0.88775,0.8448,0.5048,0.462,/work/Agent_benchmark/slide_seek/post_eval/TCGA_LUNG_Classification/ROI/roi_overlap_results.csv,False,True
TCGA-49-4505-01Z-00-DX2.48df81e7-5a8e-4c5b-993a-6a54481a35e9,slide_seek,TCGA_LUNG_Classification,0.05,20,True,1.0,1.0,0.95,1.0,1.0,0.9343,0.0057,0.0057,/work/Agent_benchmark/slide_seek/post_eval/TCGA_LUNG_Classification/ROI/roi_overlap_results.csv,False,True
TCGA-49-4505-01Z-00-DX3.d3f8d0c4-e4bc-4201-9b2f-e010f51dd8c3,slide_seek,TCGA_LUNG_Classification,0.05,40,True,35.0,1.0,0.075,1.0,1.0,0.0526,0.0013,0.0012,/work/Agent_benchmark/slide_seek/post_eval/TCGA_LUNG_Classification/ROI/roi_overlap_results.csv,True,True
TCGA-49-4505-01Z-00-DX4.623c4278-fc3e-4c80-bb4d-000e24fbb1c2,slide_seek,TCGA_LUNG_Classification,0.05,49,False,,0.0,0.0,,,0.0,0.0,0.0,/work/Agent_benchmark/slide_seek/post_eval/TCGA_LUNG_Classification/ROI/roi_overlap_results.csv,False,True
TCGA-49-4506-01Z-00-DX1.b13b8ef2-fd06-4309-a767-696a9afeaedd,slide_seek,TCGA_LUNG_Classification,0.05,44,True,1.0,1.0,0.9772909090909091,1.0,1.0,0.8175,0.0166,0.0166,/work/Agent_benchmark/slide_seek/post_eval/TCGA_LUNG_Classification/ROI/roi_overlap_results.csv,True,True
TCGA-49-4506-01Z-00-DX2.81e180ae-bd9f-49cc-9a0f-297800cc7280,slide_seek,TCGA_LUNG_Classification,0.05,6,True,1.0,1.0,0.8326833333333333,1.0,0.8326833333333333,0.817,0.0169,0.0168,/work/Agent_benchmark/slide_seek/post_eval/TCGA_LUNG_Classification/ROI/roi_overlap_results.csv,True,True
TCGA-49-4506-01Z-00-DX3.a05a3969-bbef-48d8-86de-f51c8870afd6,slide_seek,TCGA_LUNG_Classification,0.05,6,True,1.0,1.0,1.0,1.0,1.0,1.0,0.0006,0.0006,/work/Agent_benchmark/slide_seek/post_eval/TCGA_LUNG_Classification/ROI/roi_overlap_results.csv,True,True
TCGA-49-4506-01Z-00-DX4.9460a2c1-efe2-4095-9b0e-dfe0eda684ba,slide_seek,TCGA_LUNG_Classification,0.05,3,True,1.0,0.4738,0.2242666666666667,0.4738,0.33640000000000003,0.2243,0.087,0.0669,/work/Agent_benchmark/slide_seek/post_eval/TCGA_LUNG_Classification/ROI/roi_overlap_results.csv,False,True
TCGA-49-4507-01Z-00-DX1.1df4e286-ea89-4c38-ad53-a26e5b7b0402,slide_seek,TCGA_LUNG_Classification,0.05,13,True,1.0,1.0,0.5413846153846154,1.0,0.87975,0.5032,0.0025,0.0025,/work/Agent_benchmark/slide_seek/post_eval/TCGA_LUNG_Classification/ROI/roi_overlap_results.csv,False,True
TCGA-49-4507-01Z-00-DX2.a7bfbeee-00ea-4301-ace4-ce591807e2d3,slide_seek,TCGA_LUNG_Classification,0.05,18,True,1.0,1.0,0.6111111111111112,1.0,1.0,0.2,0.0057,0.0056,/work/Agent_benchmark/slide_seek/post_eval/TCGA_LUNG_Classification/ROI/roi_overlap_results.csv,False,True
TCGA-49-4510-01Z-00-DX1.0b7c713f-6f72-42c3-967d-7e19a280e761,slide_seek,TCGA_LUNG_Classification,0.05,17,True,1.0,1.0,0.23529411764705882,1.0,1.0,0.2353,0.001,0.001,/work/Agent_benchmark/slide_seek/post_eval/TCGA_LUNG_Classification/ROI/roi_overlap_results.csv,False,True
TCGA-49-4510-01Z-00-DX2.e0552b15-6bd7-4660-8a60-9edd0d638e7e,slide_seek,TCGA_LUNG_Classification,0.05,15,True,2.0,1.0,0.5438933333333333,1.0,0.8155100000000001,0.5113,0.0313,0.0304,/work/Agent_benchmark/slide_seek/post_eval/TCGA_LUNG_Classification/ROI/roi_overlap_results.csv,False,True
TCGA-49-4512-01Z-00-DX1.ced0bda8-f2d6-4bcb-b2d6-b122846a3079,slide_seek,TCGA_LUNG_Classification,0.05,6,True,3.0,0.9936,0.38775000000000004,0.9936,0.7733333333333334,0.4123,0.0006,0.0006,/work/Agent_benchmark/slide_seek/post_eval/TCGA_LUNG_Classification/ROI/roi_overlap_results.csv,True,True
TCGA-49-4512-01Z-00-DX2.341d7ff7-15e1-44f1-8818-b117fe98ca99,slide_seek,TCGA_LUNG_Classification,0.05,65,True,5.0,1.0,0.41496153846153844,1.0,0.9300862068965517,0.3586,0.0115,0.0113,/work/Agent_benchmark/slide_seek/post_eval/TCGA_LUNG_Classification/ROI/roi_overlap_results.csv,False,True
TCGA-49-4512-01Z-00-DX3.2f6ec7bc-0dac-4be0-95fe-4071a93a856f,slide_seek,TCGA_LUNG_Classification,0.05,5,True,3.0,1.0,0.4,1.0,1.0,0.4,0.015,0.0146,/work/Agent_benchmark/slide_seek/post_eval/TCGA_LUNG_Classification/ROI/roi_overlap_results.csv,False,True
TCGA-49-4512-01Z-00-DX4.5161fcf5-62a3-4f7d-8a55-9a24a7d70efb,slide_seek,TCGA_LUNG_Classification,0.05,7,True,2.0,1.0,0.31805714285714287,1.0,0.7421333333333333,0.3181,0.0155,0.015,/work/Agent_benchmark/slide_seek/post_eval/TCGA_LUNG_Classification/ROI/roi_overlap_results.csv,False,True
TCGA-49-4512-01Z-00-DX5.7198ce36-1fae-4da1-9f26-b7f43cf01133,slide_seek,TCGA_LUNG_Classification,0.05,34,True,8.0,1.0,0.34789117647058826,1.0,0.9856916666666667,0.3355,0.0058,0.0058,/work/Agent_benchmark/slide_seek/post_eval/TCGA_LUNG_Classification/ROI/roi_overlap_results.csv,True,True
TCGA-49-4512-01Z-00-DX6.985c9088-ff83-4f13-8a95-cb55aa48682b,slide_seek,TCGA_LUNG_Classification,0.05,19,True,1.0,1.0,0.7466894736842106,1.0,0.9458066666666667,0.1978,0.0133,0.0126,/work/Agent_benchmark/slide_seek/post_eval/TCGA_LUNG_Classification/ROI/roi_overlap_results.csv,True,True
TCGA-49-4512-01Z-00-DX7.1f758560-85e2-4cf9-a81a-317536d96bcc,slide_seek,TCGA_LUNG_Classification,0.05,25,True,1.0,1.0,0.2589,1.0,0.9241285714285714,0.2091,0.0037,0.0036,/work/Agent_benchmark/slide_seek/post_eval/TCGA_LUNG_Classification/ROI/roi_overlap_results.csv,False,True
TCGA-49-4512-01Z-00-DX8.c54237a3-93f4-432f-90f1-b930b7341741,slide_seek,TCGA_LUNG_Classification,0.05,1,True,1.0,0.413,0.413,0.413,0.413,0.413,0.0075,0.0074,/work/Agent_benchmark/slide_seek/post_eval/TCGA_LUNG_Classification/ROI/roi_overlap_results.csv,True,True
TCGA-49-4514-01Z-00-DX1.9c304807-2a0c-44f7-97cc-fbd30f2c740f,slide_seek,TCGA_LUNG_Classification,0.05,52,False,,0.0,0.0,,,0.0,0.0,0.0,/work/Agent_benchmark/slide_seek/post_eval/TCGA_LUNG_Classification/ROI/roi_overlap_results.csv,True,True
TCGA-49-4514-01Z-00-DX2.f1565a36-257d-432e-a84d-47c1d7a0185f,slide_seek,TCGA_LUNG_Classification,0.05,47,True,16.0,1.0,0.2453276595744681,1.0,0.8854153846153847,0.2787,0.0592,0.0513,/work/Agent_benchmark/slide_seek/post_eval/TCGA_LUNG_Classification/ROI/roi_overlap_results.csv,True,True
TCGA-49-4514-01Z-00-DX3.3b247c08-3069-4100-9df4-734895adb954,slide_seek,TCGA_LUNG_Classification,0.05,12,False,,0.0,0.0,,,0.0,0.0,0.0,/work/Agent_benchmark/slide_seek/post_eval/TCGA_LUNG_Classification/ROI/roi_overlap_results.csv,False,True
TCGA-49-4514-01Z-00-DX4.79e9e14e-72ea-4e9f-9719-d1a791cf0b43,slide_seek,TCGA_LUNG_Classification,0.05,22,True,1.0,1.0,1.0,1.0,1.0,1.0,0.0021,0.0021,/work/Agent_benchmark/slide_seek/post_eval/TCGA_LUNG_Classification/ROI/roi_overlap_results.csv,True,True
TCGA-49-6742-01Z-00-DX1.23e8883f-0ecc-4359-a8b5-75d49f43a08b,slide_seek,TCGA_LUNG_Classification,0.05,17,False,,0.0,0.0,,,0.0,0.0,0.0,/work/Agent_benchmark/slide_seek/post_eval/TCGA_LUNG_Classification/ROI/roi_overlap_results.csv,False,True
TCGA-49-6742-01Z-00-DX2.2c6b4df0-867d-40c5-8bee-14e2d219224b,slide_seek,TCGA_LUNG_Classification,0.05,28,True,23.0,1.0,0.03571428571428571,1.0,1.0,0.0422,0.0004,0.0004,/work/Agent_benchmark/slide_seek/post_eval/TCGA_LUNG_Classification/ROI/roi_overlap_results.csv,True,True
TCGA-49-6742-01Z-00-DX3.789aa445-e63f-4e6e-900a-0f47f44af6b7,slide_seek,TCGA_LUNG_Classification,0.05,16,True,2.0,1.0,0.06855625,1.0,0.54845,0.1194,0.0106,0.0098,/work/Agent_benchmark/slide_seek/post_eval/TCGA_LUNG_Classification/ROI/roi_overlap_results.csv,True,True
TCGA-49-6742-01Z-00-DX4.a11201e1-9eeb-40ea-9c88-28de847ef7d8,slide_seek,TCGA_LUNG_Classification,0.05,13,True,2.0,0.7768,0.3220307692307692,0.7768,0.4186399999999999,0.2706,0.1778,0.1202,/work/Agent_benchmark/slide_seek/post_eval/TCGA_LUNG_Classification/ROI/roi_overlap_results.csv,True,True
TCGA-49-6742-01Z-00-DX5.74539ee6-0ac6-4663-89f1-c6a74a59a4cb,slide_seek,TCGA_LUNG_Classification,0.05,31,True,10.0,1.0,0.0967741935483871,1.0,1.0,0.0731,0.0095,0.0084,/work/Agent_benchmark/slide_seek/post_eval/TCGA_LUNG_Classification/ROI/roi_overlap_results.csv,True,True
TCGA-49-6743-01Z-00-DX1.ddae5601-6ffa-4a70-8755-8645d5e45135,slide_seek,TCGA_LUNG_Classification,0.05,49,True,37.0,1.0,0.05456122448979591,1.0,0.8911666666666666,0.0588,0.0008,0.0008,/work/Agent_benchmark/slide_seek/post_eval/TCGA_LUNG_Classification/ROI/roi_overlap_results.csv,False,True
TCGA-49-6743-01Z-00-DX2.f6b71e89-19ff-4d9b-a3f1-3a52949f1dc7,slide_seek,TCGA_LUNG_Classification,0.05,11,False,,0.0433,0.003936363636363636,,,0.0399,0.0002,0.0002,/work/Agent_benchmark/slide_seek/post_eval/TCGA_LUNG_Classification/ROI/roi_overlap_results.csv,False,True
TCGA-49-6743-01Z-00-DX3.d391f3ab-e954-4f4f-996d-cd0420933ccf,slide_seek,TCGA_LUNG_Classification,0.05,8,True,3.0,1.0,0.125,1.0,1.0,0.1951,0.0089,0.0086,/work/Agent_benchmark/slide_seek/post_eval/TCGA_LUNG_Classification/ROI/roi_overlap_results.csv,False,True
TCGA-49-6743-01Z-00-DX4.5ea81023-1372-48ed-88a8-374e2394d7f7,slide_seek,TCGA_LUNG_Classification,0.05,52,True,1.0,1.0,1.0,1.0,1.0,1.0,0.0171,0.0171,/work/Agent_benchmark/slide_seek/post_eval/TCGA_LUNG_Classification/ROI/roi_overlap_results.csv,False,True
TCGA-49-6744-01Z-00-DX1.40f8f751-b756-4576-b1ee-8dd2e8f89ff7,slide_seek,TCGA_LUNG_Classification,0.05,12,True,1.0,1.0,0.9100333333333334,1.0,0.9927636363636364,0.8893,0.0433,0.043,/work/Agent_benchmark/slide_seek/post_eval/TCGA_LUNG_Classification/ROI/roi_overlap_results.csv,True,True
TCGA-49-6744-01Z-00-DX2.1982e585-65a4-4330-9140-ccabcdd106f8,slide_seek,TCGA_LUNG_Classification,0.05,10,True,1.0,1.0,0.32823,1.0,0.65646,0.2536,0.0097,0.0095,/work/Agent_benchmark/slide_seek/post_eval/TCGA_LUNG_Classification/ROI/roi_overlap_results.csv,True,True
TCGA-49-6744-01Z-00-DX3.fa64d744-6caa-4f62-8689-33da9c312838,slide_seek,TCGA_LUNG_Classification,0.05,1,False,,0.0,0.0,,,0.0,0.0,0.0,/work/Agent_benchmark/slide_seek/post_eval/TCGA_LUNG_Classification/ROI/roi_overlap_results.csv,False,True
TCGA-49-6744-01Z-00-DX4.a3d7995d-399f-4c53-aab8-adc4ea4dbfa8,slide_seek,TCGA_LUNG_Classification,0.05,10,True,1.0,1.0,1.0,1.0,1.0,1.0,0.0023,0.0023,/work/Agent_benchmark/slide_seek/post_eval/TCGA_LUNG_Classification/ROI/roi_overlap_results.csv,False,True
TCGA-49-6745-01Z-00-DX1.6bf8a38c-5e3a-4b32-8870-03bc06c0db80,slide_seek,TCGA_LUNG_Classification,0.05,9,False,,0.0,0.0,,,0.0,0.0,0.0,/work/Agent_benchmark/slide_seek/post_eval/TCGA_LUNG_Classification/ROI/roi_overlap_results.csv,False,True
TCGA-49-6745-01Z-00-DX2.3b8e947b-885e-486f-9edc-f2b247bdf95b,slide_seek,TCGA_LUNG_Classification,0.05,39,True,11.0,1.0,0.5577102564102565,1.0,0.988668181818182,0.5462,0.0081,0.008,/work/Agent_benchmark/slide_seek/post_eval/TCGA_LUNG_Classification/ROI/roi_overlap_results.csv,True,True
TCGA-49-6745-01Z-00-DX3.40cd3c60-889c-4eaa-be55-36ab5d8b2400,slide_seek,TCGA_LUNG_Classification,0.05,18,False,,0.0,0.0,,,0.0,0.0,0.0,/work/Agent_benchmark/slide_seek/post_eval/TCGA_LUNG_Classification/ROI/roi_overlap_results.csv,False,True
TCGA-49-6745-01Z-00-DX4.48b4bbb5-4214-4bfb-91e8-bddfa2f03c92,slide_seek,TCGA_LUNG_Classification,0.05,38,False,,0.0,0.0,,,0.0,0.0,0.0,/work/Agent_benchmark/slide_seek/post_eval/TCGA_LUNG_Classification/ROI/roi_overlap_results.csv,True,True
TCGA-49-6745-01Z-00-DX5.9521a16f-d6a7-460c-b75c-7341d72ce727,slide_seek,TCGA_LUNG_Classification,0.05,17,False,,0.0,0.0,,,0.0,0.0,0.0,/work/Agent_benchmark/slide_seek/post_eval/TCGA_LUNG_Classification/ROI/roi_overlap_results.csv,False,True
TCGA-49-6745-01Z-00-DX6.3174fffa-c17c-44d1-8d21-1921a9ec1bee,slide_seek,TCGA_LUNG_Classification,0.05,55,True,3.0,1.0,0.5330763636363637,1.0,0.9773066666666667,0.3374,0.02,0.0193,/work/Agent_benchmark/slide_seek/post_eval/TCGA_LUNG_Classification/ROI/roi_overlap_results.csv,True,True
TCGA-49-6745-01Z-00-DX7.4bdde497-03d9-4e15-a00e-595baa3947b5,slide_seek,TCGA_LUNG_Classification,0.05,28,True,20.0,1.0,0.25,1.0,1.0,0.1717,0.0085,0.0081,/work/Agent_benchmark/slide_seek/post_eval/TCGA_LUNG_Classification/ROI/roi_overlap_results.csv,False,True
TCGA-49-6761-01Z-00-DX1.10c577a2-f65c-4517-8a25-83d44e380f8f,slide_seek,TCGA_LUNG_Classification,0.05,18,True,5.0,1.0,0.6366388888888889,1.0,0.9549583333333334,0.6153,0.0064,0.0064,/work/Agent_benchmark/slide_seek/post_eval/TCGA_LUNG_Classification/ROI/roi_overlap_results.csv,False,True
TCGA-49-6767-01Z-00-DX1.53459c0e-b8ec-4893-9910-87b63c503134,slide_seek,TCGA_LUNG_Classification,0.05,8,True,1.0,1.0,0.6953875,1.0,0.9271833333333334,0.6954,0.0219,0.0217,/work/Agent_benchmark/slide_seek/post_eval/TCGA_LUNG_Classification/ROI/roi_overlap_results.csv,False,True
TCGA-49-AAQV-01Z-00-DX1.4CC37621-C952-4684-96E3-9B97CDAD8056,slide_seek,TCGA_LUNG_Classification,0.05,6,True,1.0,1.0,0.16666666666666666,1.0,1.0,0.2,0.0046,0.0045,/work/Agent_benchmark/slide_seek/post_eval/TCGA_LUNG_Classification/ROI/roi_overlap_results.csv,False,True
TCGA-49-AAR0-01Z-00-DX1.1635383C-0FB3-4CF9-BABC-08AC19CCE501,slide_seek,TCGA_LUNG_Classification,0.05,15,True,1.0,1.0,1.0,1.0,1.0,1.0,0.0027,0.0027,/work/Agent_benchmark/slide_seek/post_eval/TCGA_LUNG_Classification/ROI/roi_overlap_results.csv,True,True
TCGA-49-AAR2-01Z-00-DX1.1F09F896-446E-4C55-8D01-6C34A98AB1D2,slide_seek,TCGA_LUNG_Classification,0.05,1,True,1.0,1.0,1.0,1.0,1.0,1.0,0.0002,0.0002,/work/Agent_benchmark/slide_seek/post_eval/TCGA_LUNG_Classification/ROI/roi_overlap_results.csv,True,True
TCGA-49-AAR3-01Z-00-DX1.B4D85F13-CEB4-46DA-BF39-0200B9E55835,slide_seek,TCGA_LUNG_Classification,0.05,32,True,3.0,1.0,0.29894062499999996,1.0,0.8695454545454545,0.16,0.2326,0.1047,/work/Agent_benchmark/slide_seek/post_eval/TCGA_LUNG_Classification/ROI/roi_overlap_results.csv,False,True
TCGA-49-AAR4-01Z-00-DX1.EDB32358-AF23-4F81-A99F-15574A2DE28E,slide_seek,TCGA_LUNG_Classification,0.05,4,False,,0.0,0.0,,,0.0,0.0,0.0,/work/Agent_benchmark/slide_seek/post_eval/TCGA_LUNG_Classification/ROI/roi_overlap_results.csv,False,True
TCGA-49-AAR9-01Z-00-DX1.B6A9966E-89B8-404B-8ABC-1F8F8553D4DA,slide_seek,TCGA_LUNG_Classification,0.05,32,False,,0.0,0.0,,,0.0,0.0,0.0,/work/Agent_benchmark/slide_seek/post_eval/TCGA_LUNG_Classification/ROI/roi_overlap_results.csv,False,True
TCGA-49-AARE-01Z-00-DX1.3559B3A9-6699-472F-B731-1BD9F93EE82A,slide_seek,TCGA_LUNG_Classification,0.05,26,True,1.0,1.0,0.7760230769230769,1.0,0.9607904761904762,0.7743,0.0118,0.0118,/work/Agent_benchmark/slide_seek/post_eval/TCGA_LUNG_Classification/ROI/roi_overlap_results.csv,True,True
TCGA-49-AARN-01Z-00-DX1.E13AA041-978E-427D-AFA5-D3180224A03A,slide_seek,TCGA_LUNG_Classification,0.05,41,True,1.0,0.7492,0.053595121951219515,0.7492,0.7324666666666667,0.0514,0.0019,0.0018,/work/Agent_benchmark/slide_seek/post_eval/TCGA_LUNG_Classification/ROI/roi_overlap_results.csv,False,True
TCGA-49-AARO-01Z-00-DX1.FB8C82DC-F823-43CF-A8EA-1208C767AF54,slide_seek,TCGA_LUNG_Classification,0.05,32,True,16.0,1.0,0.367115625,1.0,0.73423125,0.2206,0.0771,0.0606,/work/Agent_benchmark/slide_seek/post_eval/TCGA_LUNG_Classification/ROI/roi_overlap_results.csv,False,True
TCGA-49-AARQ-01Z-00-DX1.3FA36419-1658-4602-9170-84A622787C3E,slide_seek,TCGA_LUNG_Classification,0.05,21,True,3.0,1.0,0.8647190476190477,1.0,0.9557421052631581,0.691,0.0326,0.0321,/work/Agent_benchmark/slide_seek/post_eval/TCGA_LUNG_Classification/ROI/roi_overlap_results.csv,True,True
TCGA-49-AARR-01Z-00-DX1.9BCAFE3D-447C-40D6-85DD-AFABF6978376,slide_seek,TCGA_LUNG_Classification,0.05,31,True,4.0,1.0,0.1653064516129032,1.0,0.8427666666666666,0.1653,0.0035,0.0034,/work/Agent_benchmark/slide_seek/post_eval/TCGA_LUNG_Classification/ROI/roi_overlap_results.csv,True,True
TCGA-4B-A93V-01Z-00-DX1.C263DC1C-298D-47ED-AAF8-128043828530,slide_seek,TCGA_LUNG_Classification,0.05,103,True,2.0,1.0,0.7184466019417476,1.0,1.0,0.6917,0.0114,0.0113,/work/Agent_benchmark/slide_seek/post_eval/TCGA_LUNG_Classification/ROI/roi_overlap_results.csv,True,True
TCGA-50-5044-01Z-00-DX1.7E0E651F-411B-4784-B0FA-6EB612527430,slide_seek,TCGA_LUNG_Classification,0.05,43,True,20.0,1.0,0.023255813953488372,1.0,1.0,0.0112,0.0005,0.0005,/work/Agent_benchmark/slide_seek/post_eval/TCGA_LUNG_Classification/ROI/roi_overlap_results.csv,True,True
TCGA-50-5045-01Z-00-DX1.ec50bbfc-1721-4e94-ac11-9ebd843e11ba,slide_seek,TCGA_LUNG_Classification,0.05,73,True,1.0,1.0,0.9726027397260274,1.0,1.0,0.9281,0.0112,0.0112,/work/Agent_benchmark/slide_seek/post_eval/TCGA_LUNG_Classification/ROI/roi_overlap_results.csv,False,True
TCGA-50-5045-01Z-00-DX2.0FCA12EA-572E-4A7D-900D-6E200892170E,slide_seek,TCGA_LUNG_Classification,0.05,46,True,5.0,1.0,0.6241826086956522,1.0,0.8972625000000001,0.5862,0.0109,0.0108,/work/Agent_benchmark/slide_seek/post_eval/TCGA_LUNG_Classification/ROI/roi_overlap_results.csv,True,True
TCGA-50-5055-01Z-00-DX1.0c9d846b-89b4-4b18-a2eb-0f8d8e0a33c7,slide_seek,TCGA_LUNG_Classification,0.05,13,True,1.0,1.0,1.0,1.0,1.0,1.0,0.0023,0.0023,/work/Agent_benchmark/slide_seek/post_eval/TCGA_LUNG_Classification/ROI/roi_overlap_results.csv,True,True
TCGA-50-5055-01Z-00-DX2.446EC3BB-2ED7-4253-8A39-AC68331F08E7,slide_seek,TCGA_LUNG_Classification,0.05,17,True,1.0,1.0,0.7058823529411765,1.0,1.0,0.7059,0.0024,0.0024,/work/Agent_benchmark/slide_seek/post_eval/TCGA_LUNG_Classification/ROI/roi_overlap_results.csv,True,True
TCGA-50-5066-01Z-00-DX1.e161df31-84a4-40a4-a6a2-748b60820f77,slide_seek,TCGA_LUNG_Classification,0.05,95,True,1.0,1.0,0.9998547368421052,1.0,0.9998547368421052,0.9967,0.2166,0.2165,/work/Agent_benchmark/slide_seek/post_eval/TCGA_LUNG_Classification/ROI/roi_overlap_results.csv,False,True
TCGA-50-5066-02Z-00-DX1.A2CA045A-7956-4E04-9EC9-5856FC789110,slide_seek,TCGA_LUNG_Classification,0.05,28,True,1.0,1.0,0.700492857142857,1.0,0.9806899999999998,0.3512,0.0059,0.0058,/work/Agent_benchmark/slide_seek/post_eval/TCGA_LUNG_Classification/ROI/roi_overlap_results.csv,False,True
TCGA-50-5068-01Z-00-DX1.13f1c31e-4d4c-4562-8447-c5bbfbf670a9,slide_seek,TCGA_LUNG_Classification,0.05,20,False,,0.0,0.0,,,0.0,0.0,0.0,/work/Agent_benchmark/slide_seek/post_eval/TCGA_LUNG_Classification/ROI/roi_overlap_results.csv,True,True
TCGA-50-5068-01Z-00-DX2.0492A5C6-09CB-424B-BE20-10A1CBEA2E57,slide_seek,TCGA_LUNG_Classification,0.05,56,True,6.0,1.0,0.3071125,1.0,0.9051736842105264,0.1401,0.0238,0.0208,/work/Agent_benchmark/slide_seek/post_eval/TCGA_LUNG_Classification/ROI/roi_overlap_results.csv,False,True
TCGA-50-5931-01Z-00-DX1.34261ED6-7815-487C-A50C-2DAD587187B9,slide_seek,TCGA_LUNG_Classification,0.05,21,True,1.0,1.0,0.8095238095238095,1.0,1.0,0.3345,0.0096,0.0094,/work/Agent_benchmark/slide_seek/post_eval/TCGA_LUNG_Classification/ROI/roi_overlap_results.csv,False,True
TCGA-50-5939-01Z-00-DX1.745D7503-0744-46B1-BC89-EBB8FCE2D55C,slide_seek,TCGA_LUNG_Classification,0.05,6,True,1.0,1.0,0.5,1.0,1.0,0.4,0.0007,0.0007,/work/Agent_benchmark/slide_seek/post_eval/TCGA_LUNG_Classification/ROI/roi_overlap_results.csv,True,True
TCGA-50-5942-01Z-00-DX1.da1b1274-8740-4c79-adf9-25800913eafa,slide_seek,TCGA_LUNG_Classification,0.05,3,True,1.0,1.0,1.0,1.0,1.0,1.0,0.0032,0.0032,/work/Agent_benchmark/slide_seek/post_eval/TCGA_LUNG_Classification/ROI/roi_overlap_results.csv,True,True
TCGA-50-5946-01Z-00-DX1.5076CACA-E3C0-4114-BA69-5B4896FF0C4B,slide_seek,TCGA_LUNG_Classification,0.05,52,True,5.0,1.0,0.25,1.0,1.0,0.3262,0.0053,0.0053,/work/Agent_benchmark/slide_seek/post_eval/TCGA_LUNG_Classification/ROI/roi_overlap_results.csv,False,True
TCGA-50-6591-01Z-00-DX1.12e1050b-75e9-4059-b945-291995b3e93c,slide_seek,TCGA_LUNG_Classification,0.05,29,False,,0.0,0.0,,,0.0,0.0,0.0,/work/Agent_benchmark/slide_seek/post_eval/TCGA_LUNG_Classification/ROI/roi_overlap_results.csv,False,True
TCGA-50-6593-01Z-00-DX1.a63e298c-cbe7-44e8-8d8e-34ebb93530ca,slide_seek,TCGA_LUNG_Classification,0.05,7,True,1.0,1.0,0.8395571428571429,1.0,0.9794833333333334,0.7782,0.0332,0.0329,/work/Agent_benchmark/slide_seek/post_eval/TCGA_LUNG_Classification/ROI/roi_overlap_results.csv,False,True
TCGA-50-6594-01Z-00-DX1.43b2005a-4245-4025-ad85-4a957f308a5c,slide_seek,TCGA_LUNG_Classification,0.05,18,True,5.0,1.0,0.3716111111111111,1.0,0.830325,0.3204,0.0361,0.0335,/work/Agent_benchmark/slide_seek/post_eval/TCGA_LUNG_Classification/ROI/roi_overlap_results.csv,False,True
TCGA-50-6597-01Z-00-DX1.ec7fc0b2-78a1-4384-bddd-e89f02ee5eb6,slide_seek,TCGA_LUNG_Classification,0.05,38,True,1.0,1.0,0.7313078947368421,1.0,0.9263233333333333,0.577,0.0064,0.0063,/work/Agent_benchmark/slide_seek/post_eval/TCGA_LUNG_Classification/ROI/roi_overlap_results.csv,True,True
TCGA-50-6673-01Z-00-DX1.e24fb432-3fff-4f00-a316-16d05275c1e7,slide_seek,TCGA_LUNG_Classification,0.05,24,True,2.0,1.0,0.39299166666666663,1.0,0.7827333333333333,0.1455,0.3553,0.1151,/work/Agent_benchmark/slide_seek/post_eval/TCGA_LUNG_Classification/ROI/roi_overlap_results.csv,True,True
TCGA-50-7109-01Z-00-DX1.08f6420c-baa2-4e79-908e-ebbdeec503a6,slide_seek,TCGA_LUNG_Classification,0.05,15,True,1.0,1.0,0.4,1.0,1.0,0.2251,0.001,0.001,/work/Agent_benchmark/slide_seek/post_eval/TCGA_LUNG_Classification/ROI/roi_overlap_results.csv,True,True
TCGA-50-8457-01Z-00-DX1.F4B6ECCE-F22B-43FC-9A08-4366A24A67A4,slide_seek,TCGA_LUNG_Classification,0.05,21,True,2.0,1.0,0.8800666666666667,1.0,0.9727052631578947,0.8518,0.0041,0.0041,/work/Agent_benchmark/slide_seek/post_eval/TCGA_LUNG_Classification/ROI/roi_overlap_results.csv,True,True
TCGA-50-8459-01Z-00-DX1.24D876E7-5265-4C5D-A215-0BAE5450EEF3,slide_seek,TCGA_LUNG_Classification,0.05,3,True,1.0,1.0,1.0,1.0,1.0,1.0,0.0002,0.0002,/work/Agent_benchmark/slide_seek/post_eval/TCGA_LUNG_Classification/ROI/roi_overlap_results.csv,True,True
TCGA-51-4079-01Z-00-DX1.111f7796-3797-4334-b543-918e374dbc22,slide_seek,TCGA_LUNG_Classification,0.05,10,False,,0.0,0.0,,,0.0,0.0,0.0,/work/Agent_benchmark/slide_seek/post_eval/TCGA_LUNG_Classification/ROI/roi_overlap_results.csv,True,True
TCGA-51-4080-01Z-00-DX1.fd660ce3-3e30-4907-b54a-81002ec071f2,slide_seek,TCGA_LUNG_Classification,0.05,13,True,1.0,1.0,1.0,1.0,1.0,1.0,0.004,0.004,/work/Agent_benchmark/slide_seek/post_eval/TCGA_LUNG_Classification/ROI/roi_overlap_results.csv,False,True
TCGA-51-4081-01Z-00-DX1.5971d87d-5181-4c7a-91ea-2dfad1bc5fca,slide_seek,TCGA_LUNG_Classification,0.05,1,False,,0.0,0.0,,,0.0,0.0,0.0,/work/Agent_benchmark/slide_seek/post_eval/TCGA_LUNG_Classification/ROI/roi_overlap_results.csv,False,True
TCGA-51-6867-01Z-00-DX1.5f3a0562-efbe-413f-8e13-9826aaefa298,slide_seek,TCGA_LUNG_Classification,0.05,5,False,,0.0,0.0,,,0.0,0.0,0.0,/work/Agent_benchmark/slide_seek/post_eval/TCGA_LUNG_Classification/ROI/roi_overlap_results.csv,False,True
TCGA-52-7622-01Z-00-DX1.cb3bb056-27dd-4c15-9004-b06cc8923663,slide_seek,TCGA_LUNG_Classification,0.05,82,True,1.0,1.0,0.5746804878048781,1.0,0.942392,0.5205,0.0055,0.0055,/work/Agent_benchmark/slide_seek/post_eval/TCGA_LUNG_Classification/ROI/roi_overlap_results.csv,False,True
TCGA-52-7809-01Z-00-DX1.91f184ce-e4e1-42da-bdbc-36d6781bbf31,slide_seek,TCGA_LUNG_Classification,0.05,16,True,1.0,0.1234,0.01518125,0.1234,0.08096666666666667,0.068,0.0047,0.0044,/work/Agent_benchmark/slide_seek/post_eval/TCGA_LUNG_Classification/ROI/roi_overlap_results.csv,True,True
TCGA-52-7810-01Z-00-DX1.54fcdfff-c1ac-4427-bb33-54959695134f,slide_seek,TCGA_LUNG_Classification,0.05,1,False,,0.0,0.0,,,0.0,0.0,0.0,/work/Agent_benchmark/slide_seek/post_eval/TCGA_LUNG_Classification/ROI/roi_overlap_results.csv,True,True
TCGA-52-7811-01Z-00-DX1.7093a626-0e8f-4e4c-80c6-6cf32a2f725e,slide_seek,TCGA_LUNG_Classification,0.05,23,True,2.0,1.0,0.4007869565217392,1.0,0.9218100000000001,0.5172,0.0021,0.0021,/work/Agent_benchmark/slide_seek/post_eval/TCGA_LUNG_Classification/ROI/roi_overlap_results.csv,False,True
TCGA-52-7812-01Z-00-DX1.dd6fa49a-f9fe-40a1-80b2-0824b128f3b2,slide_seek,TCGA_LUNG_Classification,0.05,50,True,2.0,1.0,0.6795100000000001,1.0,0.9988264705882353,0.3331,0.0061,0.0061,/work/Agent_benchmark/slide_seek/post_eval/TCGA_LUNG_Classification/ROI/roi_overlap_results.csv,False,True
TCGA-53-7624-01Z-00-DX1.51b4de19-3531-4bcb-b822-fa966480f2ad,slide_seek,TCGA_LUNG_Classification,0.05,21,True,1.0,1.0,0.9477952380952381,1.0,0.9477952380952381,0.9825,0.0423,0.0423,/work/Agent_benchmark/slide_seek/post_eval/TCGA_LUNG_Classification/ROI/roi_overlap_results.csv,False,True
TCGA-53-7626-01Z-00-DX1.FD4CAF75-07B5-4117-83DD-99233DAA3EBC,slide_seek,TCGA_LUNG_Classification,0.05,12,True,1.0,1.0,0.6981666666666667,1.0,0.8378,0.6982,0.0457,0.0448,/work/Agent_benchmark/slide_seek/post_eval/TCGA_LUNG_Classification/ROI/roi_overlap_results.csv,True,True
TCGA-53-7813-01Z-00-DX1.97c5eff3-ceeb-499b-b2e1-bcd3cd60c5e7,slide_seek,TCGA_LUNG_Classification,0.05,44,True,1.0,1.0,0.7826818181818183,1.0,0.8001162790697675,0.2891,1.0,0.2891,/work/Agent_benchmark/slide_seek/post_eval/TCGA_LUNG_Classification/ROI/roi_overlap_results.csv,True,True
TCGA-53-A4EZ-01Z-00-DX1.5D155F0B-A677-4589-AF00-A4C451F5B6B6,slide_seek,TCGA_LUNG_Classification,0.05,24,True,1.0,1.0,0.156675,1.0,0.5308571428571428,0.1609,0.0009,0.0009,/work/Agent_benchmark/slide_seek/post_eval/TCGA_LUNG_Classification/ROI/roi_overlap_results.csv,False,True
TCGA-55-1592-01Z-00-DX1.ee15e261-2f9c-4a93-a19f-27cb1c3bae15,slide_seek,TCGA_LUNG_Classification,0.05,60,True,2.0,1.0,0.24387166666666665,1.0,0.6022583333333333,0.2064,0.6022,0.1816,/work/Agent_benchmark/slide_seek/post_eval/TCGA_LUNG_Classification/ROI/roi_overlap_results.csv,True,True
TCGA-55-1594-01Z-00-DX1.bd90c500-7c0b-4c45-a3f7-2d9177384b1d,slide_seek,TCGA_LUNG_Classification,0.05,26,True,1.0,1.0,1.0,1.0,1.0,1.0,0.0044,0.0044,/work/Agent_benchmark/slide_seek/post_eval/TCGA_LUNG_Classification/ROI/roi_overlap_results.csv,True,True
TCGA-55-1595-01Z-00-DX1.6270c9cf-cd18-4fa5-b313-33350ad55f89,slide_seek,TCGA_LUNG_Classification,0.05,1,False,,0.0,0.0,,,0.0,0.0,0.0,/work/Agent_benchmark/slide_seek/post_eval/TCGA_LUNG_Classification/ROI/roi_overlap_results.csv,True,True
TCGA-55-1596-01Z-00-DX1.de65522d-92ab-408e-9b7e-24210d386b97,slide_seek,TCGA_LUNG_Classification,0.05,23,True,2.0,1.0,0.4545217391304348,1.0,0.9503636363636364,0.2811,0.0104,0.0101,/work/Agent_benchmark/slide_seek/post_eval/TCGA_LUNG_Classification/ROI/roi_overlap_results.csv,False,True
TCGA-55-5899-01Z-00-DX1.faa65b08-150c-4c74-95aa-1e8743f0152c,slide_seek,TCGA_LUNG_Classification,0.05,34,True,1.0,1.0,0.9947176470588235,1.0,0.9947176470588235,0.9922,0.0415,0.0415,/work/Agent_benchmark/slide_seek/post_eval/TCGA_LUNG_Classification/ROI/roi_overlap_results.csv,False,True
TCGA-55-6543-01Z-00-DX1.08806fe0-84d3-4fd6-8746-6cf557241958,slide_seek,TCGA_LUNG_Classification,0.05,10,True,1.0,1.0,0.45921,1.0,0.7653500000000001,0.4073,0.0502,0.0467,/work/Agent_benchmark/slide_seek/post_eval/TCGA_LUNG_Classification/ROI/roi_overlap_results.csv,True,True
TCGA-55-6642-01Z-00-DX1.0487cfc6-8216-4da3-aae1-a35452e9e4f6,slide_seek,TCGA_LUNG_Classification,0.05,10,True,1.0,1.0,0.66738,1.0,0.834225,0.6304,0.0917,0.087,/work/Agent_benchmark/slide_seek/post_eval/TCGA_LUNG_Classification/ROI/roi_overlap_results.csv,False,True
TCGA-55-6712-01Z-00-DX1.8cd4b879-294e-4da0-8636-704f61b510dc,slide_seek,TCGA_LUNG_Classification,0.05,47,True,1.0,1.0,0.5644021276595745,1.0,0.94605,0.5833,0.0576,0.0553,/work/Agent_benchmark/slide_seek/post_eval/TCGA_LUNG_Classification/ROI/roi_overlap_results.csv,False,True
TCGA-55-6968-01Z-00-DX1.810e0fee-99ab-465b-8ae9-fb416e4dca3c,slide_seek,TCGA_LUNG_Classification,0.05,22,True,1.0,1.0,0.045454545454545456,1.0,1.0,0.7455,0.0104,0.0104,/work/Agent_benchmark/slide_seek/post_eval/TCGA_LUNG_Classification/ROI/roi_overlap_results.csv,False,True
TCGA-55-6969-01Z-00-DX1.713df9f6-1a91-4e0e-ad43-42e66dcca191,slide_seek,TCGA_LUNG_Classification,0.05,15,True,1.0,1.0,0.40060666666666667,1.0,0.9977333333333332,0.2508,0.0262,0.0243,/work/Agent_benchmark/slide_seek/post_eval/TCGA_LUNG_Classification/ROI/roi_overlap_results.csv,False,True
TCGA-55-6970-01Z-00-DX1.be042a9b-3eab-4b6c-9cd7-7486ffab037f,slide_seek,TCGA_LUNG_Classification,0.05,9,True,1.0,1.0,1.0,1.0,1.0,1.0,0.0016,0.0016,/work/Agent_benchmark/slide_seek/post_eval/TCGA_LUNG_Classification/ROI/roi_overlap_results.csv,False,True
TCGA-55-6971-01Z-00-DX1.6c790768-8252-466a-95e1-97d2086a8132,slide_seek,TCGA_LUNG_Classification,0.05,2,True,1.0,1.0,1.0,1.0,1.0,1.0,0.0025,0.0025,/work/Agent_benchmark/slide_seek/post_eval/TCGA_LUNG_Classification/ROI/roi_overlap_results.csv,True,True
TCGA-55-6972-01Z-00-DX1.0b441ad0-c30f-4f63-849a-36c98d6e2d3b,slide_seek,TCGA_LUNG_Classification,0.05,36,False,,0.0,0.0,,,0.0,0.0,0.0,/work/Agent_benchmark/slide_seek/post_eval/TCGA_LUNG_Classification/ROI/roi_overlap_results.csv,False,True
TCGA-55-6975-01Z-00-DX1.2762a872-b1c3-47fd-8ed5-b715a5b20163,slide_seek,TCGA_LUNG_Classification,0.05,10,True,1.0,0.1627,0.06061000000000001,0.1627,0.151525,0.1411,0.009,0.0085,/work/Agent_benchmark/slide_seek/post_eval/TCGA_LUNG_Classification/ROI/roi_overlap_results.csv,False,True
TCGA-55-6978-01Z-00-DX1.2ef6d6aa-2a19-4bce-b845-cc83ac81a1c3,slide_seek,TCGA_LUNG_Classification,0.05,90,True,1.0,1.0,0.8231044444444444,1.0,0.974728947368421,0.7804,0.0349,0.0345,/work/Agent_benchmark/slide_seek/post_eval/TCGA_LUNG_Classification/ROI/roi_overlap_results.csv,False,True
TCGA-55-6979-01Z-00-DX1.9238436e-3886-4a10-86fe-26658967dff2,slide_seek,TCGA_LUNG_Classification,0.05,13,True,1.0,1.0,0.8311307692307692,1.0,0.9822454545454545,0.6341,0.036,0.0352,/work/Agent_benchmark/slide_seek/post_eval/TCGA_LUNG_Classification/ROI/roi_overlap_results.csv,True,True
TCGA-55-6980-01Z-00-DX1.2f1d1858-42b9-4e3b-966d-2f3f429570a6,slide_seek,TCGA_LUNG_Classification,0.05,6,True,1.0,1.0,0.7327166666666667,1.0,0.87926,0.6494,0.0156,0.0155,/work/Agent_benchmark/slide_seek/post_eval/TCGA_LUNG_Classification/ROI/roi_overlap_results.csv,True,True
TCGA-55-6981-01Z-00-DX1.5fecd134-42a0-40a2-be75-1e8bd14c5b30,slide_seek,TCGA_LUNG_Classification,0.05,9,True,6.0,1.0,0.44553333333333334,1.0,1.0,0.0495,0.0043,0.004,/work/Agent_benchmark/slide_seek/post_eval/TCGA_LUNG_Classification/ROI/roi_overlap_results.csv,True,True
TCGA-55-6982-01Z-00-DX1.055aeec1-2fc1-4796-b5df-c159335e0300,slide_seek,TCGA_LUNG_Classification,0.05,30,True,8.0,1.0,0.7564566666666667,1.0,0.9866826086956522,0.6654,0.0188,0.0186,/work/Agent_benchmark/slide_seek/post_eval/TCGA_LUNG_Classification/ROI/roi_overlap_results.csv,False,True
TCGA-55-6983-01Z-00-DX1.8f940a64-1f1b-4e6e-99ea-418175be2b3f,slide_seek,TCGA_LUNG_Classification,0.05,28,True,28.0,1.0,0.03571428571428571,1.0,1.0,0.0485,0.0032,0.0031,/work/Agent_benchmark/slide_seek/post_eval/TCGA_LUNG_Classification/ROI/roi_overlap_results.csv,False,True
TCGA-55-6984-01Z-00-DX1.d53e387a-9618-4486-98f3-a75604f25a7d,slide_seek,TCGA_LUNG_Classification,0.05,39,True,1.0,1.0,0.32975897435897433,1.0,0.8573733333333334,0.3786,0.0227,0.0219,/work/Agent_benchmark/slide_seek/post_eval/TCGA_LUNG_Classification/ROI/roi_overlap_results.csv,True,True
TCGA-55-6985-01Z-00-DX1.428ad69e-c0ea-445e-8d38-fa2dab6eb81f,slide_seek,TCGA_LUNG_Classification,0.05,45,True,1.0,1.0,0.4085977777777778,1.0,0.7971869565217391,0.4175,0.0421,0.0398,/work/Agent_benchmark/slide_seek/post_eval/TCGA_LUNG_Classification/ROI/roi_overlap_results.csv,False,True
TCGA-55-6986-01Z-00-DX1.ae52d41e-3cd6-4d36-b04b-2ea7d29bd8da,slide_seek,TCGA_LUNG_Classification,0.05,3,True,1.0,1.0,1.0,1.0,1.0,1.0,0.0026,0.0026,/work/Agent_benchmark/slide_seek/post_eval/TCGA_LUNG_Classification/ROI/roi_overlap_results.csv,True,True
TCGA-55-6987-01Z-00-DX1.0c52b721-2209-4818-af8f-b22d37e6e81e,slide_seek,TCGA_LUNG_Classification,0.05,89,True,5.0,1.0,0.4424573033707865,1.0,0.6533816666666665,0.4536,0.1379,0.1183,/work/Agent_benchmark/slide_seek/post_eval/TCGA_LUNG_Classification/ROI/roi_overlap_results.csv,False,True
TCGA-55-7227-01Z-00-DX1.e1a9e09c-4a50-4ee5-b1e4-2c7ae34dc913,slide_seek,TCGA_LUNG_Classification,0.05,6,True,1.0,1.0,1.0,1.0,1.0,1.0,0.0016,0.0016,/work/Agent_benchmark/slide_seek/post_eval/TCGA_LUNG_Classification/ROI/roi_overlap_results.csv,True,True
TCGA-55-7281-01Z-00-DX1.a92dafa4-3a65-4f5c-97f0-83aff231274a,slide_seek,TCGA_LUNG_Classification,0.05,6,True,1.0,1.0,1.0,1.0,1.0,1.0,0.085,0.085,/work/Agent_benchmark/slide_seek/post_eval/TCGA_LUNG_Classification/ROI/roi_overlap_results.csv,True,True
TCGA-55-7283-01Z-00-DX1.0f716216-0a46-404e-a4d4-5bb6d7e3f0d1,slide_seek,TCGA_LUNG_Classification,0.05,15,True,1.0,1.0,0.7344866666666667,1.0,0.8474846153846154,0.5672,0.1019,0.0945,/work/Agent_benchmark/slide_seek/post_eval/TCGA_LUNG_Classification/ROI/roi_overlap_results.csv,True,True
TCGA-55-7284-01Z-00-DX1.68b95b9b-1aab-4f03-aad3-1132467b7499,slide_seek,TCGA_LUNG_Classification,0.05,30,True,1.0,1.0,0.8623033333333333,1.0,0.9949653846153846,0.7455,0.0086,0.0086,/work/Agent_benchmark/slide_seek/post_eval/TCGA_LUNG_Classification/ROI/roi_overlap_results.csv,True,True
TCGA-55-7570-01Z-00-DX1.9020ae67-cf60-4bac-8c60-403c8891c4a3,slide_seek,TCGA_LUNG_Classification,0.05,75,True,14.0,0.9459,0.04595466666666667,0.9459,0.4252625,0.0257,0.1756,0.0229,/work/Agent_benchmark/slide_seek/post_eval/TCGA_LUNG_Classification/ROI/roi_overlap_results.csv,False,True
TCGA-55-7573-01Z-00-DX1.43a4bbd2-6a3b-4910-9356-2d750a736817,slide_seek,TCGA_LUNG_Classification,0.05,12,True,1.0,1.0,1.0,1.0,1.0,1.0,0.0431,0.0431,/work/Agent_benchmark/slide_seek/post_eval/TCGA_LUNG_Classification/ROI/roi_overlap_results.csv,True,True
TCGA-55-7574-01Z-00-DX1.09639e6a-d85f-4d84-abbc-0f5a6d679683,slide_seek,TCGA_LUNG_Classification,0.05,50,True,1.0,1.0,1.0,1.0,1.0,1.0,0.025,0.025,/work/Agent_benchmark/slide_seek/post_eval/TCGA_LUNG_Classification/ROI/roi_overlap_results.csv,False,True
TCGA-55-7576-01Z-00-DX1.3a6142e9-c90a-4938-a1d1-061c2ac261f0,slide_seek,TCGA_LUNG_Classification,0.05,33,True,1.0,1.0,0.6335848484848484,1.0,0.6969433333333335,0.4567,0.1825,0.1499,/work/Agent_benchmark/slide_seek/post_eval/TCGA_LUNG_Classification/ROI/roi_overlap_results.csv,False,True
TCGA-55-7724-01Z-00-DX1.31a194ac-62e3-4225-8e32-8c2a83dcdd10,slide_seek,TCGA_LUNG_Classification,0.05,14,True,1.0,1.0,0.12265714285714287,1.0,0.4293,0.1908,0.2063,0.11,/work/Agent_benchmark/slide_seek/post_eval/TCGA_LUNG_Classification/ROI/roi_overlap_results.csv,True,True
TCGA-55-7725-01Z-00-DX1.4d678777-63b1-4f4a-932a-7fccabf504c7,slide_seek,TCGA_LUNG_Classification,0.05,6,True,1.0,1.0,1.0,1.0,1.0,1.0,0.0047,0.0047,/work/Agent_benchmark/slide_seek/post_eval/TCGA_LUNG_Classification/ROI/roi_overlap_results.csv,True,True
TCGA-55-7726-01Z-00-DX1.37df197b-d4fb-41c4-ac6a-72dbaa31027b,slide_seek,TCGA_LUNG_Classification,0.05,33,True,1.0,1.0,0.44489999999999996,1.0,0.9778666666666667,0.5517,0.0223,0.0219,/work/Agent_benchmark/slide_seek/post_eval/TCGA_LUNG_Classification/ROI/roi_overlap_results.csv,False,True
TCGA-55-7727-01Z-00-DX1.0c7a4953-16dc-41e0-845b-b89167ec17d7,slide_seek,TCGA_LUNG_Classification,0.05,24,True,6.0,1.0,0.7083333333333334,1.0,1.0,0.4438,0.0038,0.0038,/work/Agent_benchmark/slide_seek/post_eval/TCGA_LUNG_Classification/ROI/roi_overlap_results.csv,False,True
TCGA-55-7728-01Z-00-DX1.1d47a5fe-cab5-4d5a-a62b-16f345334d25,slide_seek,TCGA_LUNG_Classification,0.05,45,True,1.0,1.0,0.781728888888889,1.0,0.9019948717948717,0.5629,0.3538,0.2776,/work/Agent_benchmark/slide_seek/post_eval/TCGA_LUNG_Classification/ROI/roi_overlap_results.csv,True,True
TCGA-55-7815-01Z-00-DX1.288408e6-f6b3-4de4-a1ce-cb2498d9d46d,slide_seek,TCGA_LUNG_Classification,0.05,5,True,1.0,1.0,1.0,1.0,1.0,1.0,0.0016,0.0016,/work/Agent_benchmark/slide_seek/post_eval/TCGA_LUNG_Classification/ROI/roi_overlap_results.csv,True,True
TCGA-55-7816-01Z-00-DX1.A58C6196-E1A0-48B3-9B77-2EDCD7A43CBA,slide_seek,TCGA_LUNG_Classification,0.05,10,True,4.0,0.9354,0.10519,0.9354,0.52595,0.2804,0.0058,0.0057,/work/Agent_benchmark/slide_seek/post_eval/TCGA_LUNG_Classification/ROI/roi_overlap_results.csv,False,True
TCGA-55-7903-01Z-00-DX1.40fc5dcb-b5bb-46b4-90bd-2eeb3ea880f5,slide_seek,TCGA_LUNG_Classification,0.05,19,True,1.0,1.0,0.22138421052631577,1.0,0.4625555555555555,0.2214,0.2155,0.1226,/work/Agent_benchmark/slide_seek/post_eval/TCGA_LUNG_Classification/ROI/roi_overlap_results.csv,True,True
TCGA-55-7907-01Z-00-DX1.f5a264f5-3926-4d09-82f3-cd38d554f3db,slide_seek,TCGA_LUNG_Classification,0.05,5,True,1.0,1.0,0.96858,1.0,0.96858,0.8429,0.2225,0.2136,/work/Agent_benchmark/slide_seek/post_eval/TCGA_LUNG_Classification/ROI/roi_overlap_results.csv,False,True
TCGA-55-7910-01Z-00-DX1.041e15d5-4852-49f6-85d9-74b510497651,slide_seek,TCGA_LUNG_Classification,0.05,3,True,1.0,1.0,1.0,1.0,1.0,1.0,0.0076,0.0076,/work/Agent_benchmark/slide_seek/post_eval/TCGA_LUNG_Classification/ROI/roi_overlap_results.csv,True,True
TCGA-55-7911-01Z-00-DX1.081bc002-06ee-4218-a25f-26c0e6c4b333,slide_seek,TCGA_LUNG_Classification,0.05,2,True,1.0,1.0,0.8664499999999999,1.0,0.8664499999999999,0.7329,0.0129,0.0129,/work/Agent_benchmark/slide_seek/post_eval/TCGA_LUNG_Classification/ROI/roi_overlap_results.csv,True,True
TCGA-55-7913-01Z-00-DX1.2295fcc5-70b0-412e-a1fd-b5366fce0739,slide_seek,TCGA_LUNG_Classification,0.05,32,True,1.0,1.0,0.5790906250000001,1.0,0.7114653846153847,0.3557,0.0775,0.068,/work/Agent_benchmark/slide_seek/post_eval/TCGA_LUNG_Classification/ROI/roi_overlap_results.csv,False,True
TCGA-55-7914-01Z-00-DX1.875bffe1-8c56-4c29-ab11-6840ee3a643c,slide_seek,TCGA_LUNG_Classification,0.05,10,True,1.0,1.0,1.0,1.0,1.0,1.0,0.0084,0.0084,/work/Agent_benchmark/slide_seek/post_eval/TCGA_LUNG_Classification/ROI/roi_overlap_results.csv,False,True
TCGA-55-7994-01Z-00-DX1.a0858080-c471-4337-bc57-7af57e9d92d8,slide_seek,TCGA_LUNG_Classification,0.05,20,True,1.0,1.0,1.0,1.0,1.0,1.0,0.0968,0.0968,/work/Agent_benchmark/slide_seek/post_eval/TCGA_LUNG_Classification/ROI/roi_overlap_results.csv,False,True
TCGA-55-7995-01Z-00-DX1.fef24d04-35a0-4f57-8f51-7ad602a78871,slide_seek,TCGA_LUNG_Classification,0.05,4,True,2.0,1.0,0.25,1.0,1.0,0.25,0.0014,0.0014,/work/Agent_benchmark/slide_seek/post_eval/TCGA_LUNG_Classification/ROI/roi_overlap_results.csv,False,True
TCGA-55-8085-01Z-00-DX1.ff220eba-3515-4d2e-b317-76337dd3d206,slide_seek,TCGA_LUNG_Classification,0.05,4,True,1.0,1.0,1.0,1.0,1.0,1.0,0.0946,0.0946,/work/Agent_benchmark/slide_seek/post_eval/TCGA_LUNG_Classification/ROI/roi_overlap_results.csv,False,True
TCGA-55-8087-01Z-00-DX1.548f2800-8caf-4c0e-a7b5-6d3d28315d9c,slide_seek,TCGA_LUNG_Classification,0.05,22,True,1.0,1.0,0.9627636363636363,1.0,0.9627636363636363,0.9361,0.0097,0.0096,/work/Agent_benchmark/slide_seek/post_eval/TCGA_LUNG_Classification/ROI/roi_overlap_results.csv,True,True
TCGA-55-8089-01Z-00-DX1.da4d99ff-4a7c-45a3-b79c-039c0c9e9712,slide_seek,TCGA_LUNG_Classification,0.05,94,True,1.0,1.0,0.8782117021276596,1.0,0.9488724137931035,0.7179,0.8757,0.6515,/work/Agent_benchmark/slide_seek/post_eval/TCGA_LUNG_Classification/ROI/roi_overlap_results.csv,True,True
TCGA-55-8090-01Z-00-DX1.83f86d5f-7cb9-443a-a812-b19ba4aea836,slide_seek,TCGA_LUNG_Classification,0.05,58,True,1.0,1.0,0.7238258620689655,1.0,0.9124695652173914,0.6394,0.1421,0.1316,/work/Agent_benchmark/slide_seek/post_eval/TCGA_LUNG_Classification/ROI/roi_overlap_results.csv,False,True
TCGA-55-8091-01Z-00-DX1.0996c58a-6e93-4092-8cb8-014d548fe60c,slide_seek,TCGA_LUNG_Classification,0.05,58,True,1.0,1.0,1.0,1.0,1.0,1.0,0.0542,0.0542,/work/Agent_benchmark/slide_seek/post_eval/TCGA_LUNG_Classification/ROI/roi_overlap_results.csv,False,True
TCGA-55-8092-01Z-00-DX1.04e44341-c4bb-4b0b-965c-7ec83f3877a6,slide_seek,TCGA_LUNG_Classification,0.05,4,True,1.0,1.0,0.8876999999999999,1.0,0.8876999999999999,0.8771,0.1329,0.1305,/work/Agent_benchmark/slide_seek/post_eval/TCGA_LUNG_Classification/ROI/roi_overlap_results.csv,True,True
TCGA-55-8094-01Z-00-DX1.8dc29615-e124-4f17-81a1-c0b20c38d12c,slide_seek,TCGA_LUNG_Classification,0.05,22,True,6.0,1.0,0.3827045454545454,1.0,0.8419500000000001,0.2271,0.1134,0.0818,/work/Agent_benchmark/slide_seek/post_eval/TCGA_LUNG_Classification/ROI/roi_overlap_results.csv,False,True
TCGA-55-8096-01Z-00-DX1.c833417d-10c1-4430-a241-d6f5496e1cd9,slide_seek,TCGA_LUNG_Classification,0.05,8,True,1.0,1.0,1.0,1.0,1.0,1.0,0.0521,0.0521,/work/Agent_benchmark/slide_seek/post_eval/TCGA_LUNG_Classification/ROI/roi_overlap_results.csv,True,True
TCGA-55-8097-01Z-00-DX1.2f847b65-a5dc-41be-9dd0-a1e11df3cd10,slide_seek,TCGA_LUNG_Classification,0.05,6,True,1.0,1.0,0.8636666666666667,1.0,0.8636666666666667,0.5918,0.0515,0.0497,/work/Agent_benchmark/slide_seek/post_eval/TCGA_LUNG_Classification/ROI/roi_overlap_results.csv,False,True
TCGA-55-8203-01Z-00-DX1.f530d261-be19-4ff0-98d0-27b789dffb23,slide_seek,TCGA_LUNG_Classification,0.05,7,True,1.0,1.0,1.0,1.0,1.0,1.0,0.0075,0.0075,/work/Agent_benchmark/slide_seek/post_eval/TCGA_LUNG_Classification/ROI/roi_overlap_results.csv,True,True
TCGA-55-8204-01Z-00-DX1.30ba69f3-53f1-41cc-826c-20dce3cfe86b,slide_seek,TCGA_LUNG_Classification,0.05,16,True,1.0,0.2658,0.055924999999999996,0.2658,0.17895999999999998,0.195,0.0268,0.0242,/work/Agent_benchmark/slide_seek/post_eval/TCGA_LUNG_Classification/ROI/roi_overlap_results.csv,True,True
TCGA-55-8205-01Z-00-DX1.6df6d499-f325-409d-acb1-9e13172f2bb4,slide_seek,TCGA_LUNG_Classification,0.05,1,True,1.0,0.1099,0.1099,0.1099,0.1099,0.1099,0.0024,0.0024,/work/Agent_benchmark/slide_seek/post_eval/TCGA_LUNG_Classification/ROI/roi_overlap_results.csv,True,True
TCGA-55-8206-01Z-00-DX1.1216f330-c4e9-41b5-a2b7-9cafd960fa11,slide_seek,TCGA_LUNG_Classification,0.05,3,True,1.0,1.0,0.6666666666666666,1.0,1.0,0.6667,0.0438,0.0428,/work/Agent_benchmark/slide_seek/post_eval/TCGA_LUNG_Classification/ROI/roi_overlap_results.csv,True,True
TCGA-55-8207-01Z-00-DX1.2dafc442-f927-4b0d-b197-cc8c5f86d0fc,slide_seek,TCGA_LUNG_Classification,0.05,21,True,1.0,0.6993,0.19059047619047617,0.6993,0.3625181818181818,0.1662,0.9588,0.165,/work/Agent_benchmark/slide_seek/post_eval/TCGA_LUNG_Classification/ROI/roi_overlap_results.csv,False,True
TCGA-55-8208-01Z-00-DX1.6eccb7e2-16e4-4d25-9a1e-b370e016020f,slide_seek,TCGA_LUNG_Classification,0.05,21,True,12.0,1.0,0.47619047619047616,1.0,1.0,0.5112,0.0043,0.0043,/work/Agent_benchmark/slide_seek/post_eval/TCGA_LUNG_Classification/ROI/roi_overlap_results.csv,False,True
TCGA-55-8299-01Z-00-DX1.6F652EC5-EBB8-499C-A66D-E0951FBFCAA2,slide_seek,TCGA_LUNG_Classification,0.05,52,True,2.0,1.0,0.30602500000000005,1.0,0.5657249999999999,0.3528,0.1646,0.1264,/work/Agent_benchmark/slide_seek/post_eval/TCGA_LUNG_Classification/ROI/roi_overlap_results.csv,False,True
TCGA-55-8301-01Z-00-DX1.2A66E0FC-84F2-4DF8-B06E-D7CDD7AA82C7,slide_seek,TCGA_LUNG_Classification,0.05,19,True,1.0,1.0,0.6942736842105264,1.0,0.7328444444444444,0.7004,0.0551,0.0538,/work/Agent_benchmark/slide_seek/post_eval/TCGA_LUNG_Classification/ROI/roi_overlap_results.csv,True,True
TCGA-55-8302-01Z-00-DX1.E0C2B152-BBA9-4AA7-9E6B-BD57B68163CB,slide_seek,TCGA_LUNG_Classification,0.05,31,True,2.0,1.0,0.28817741935483865,1.0,0.6381071428571428,0.1261,0.0757,0.0496,/work/Agent_benchmark/slide_seek/post_eval/TCGA_LUNG_Classification/ROI/roi_overlap_results.csv,True,True
TCGA-55-8505-01Z-00-DX1.D364C30D-BFB8-486B-A0D3-948FF8E90C3E,slide_seek,TCGA_LUNG_Classification,0.05,17,True,1.0,0.1209,0.009152941176470588,0.1209,0.1209,0.0249,0.0187,0.0108,/work/Agent_benchmark/slide_seek/post_eval/TCGA_LUNG_Classification/ROI/roi_overlap_results.csv,False,True
TCGA-55-8506-01Z-00-DX1.A908E3D2-91F7-4DE2-98C9-95D1038B9F49,slide_seek,TCGA_LUNG_Classification,0.05,83,True,1.0,1.0,0.8761831325301204,1.0,0.9568736842105264,0.8153,0.0284,0.0282,/work/Agent_benchmark/slide_seek/post_eval/TCGA_LUNG_Classification/ROI/roi_overlap_results.csv,False,True
TCGA-55-8507-01Z-00-DX1.3C6198CF-3E13-4C4C-B851-5BDFF8552621,slide_seek,TCGA_LUNG_Classification,0.05,14,True,1.0,1.0,1.0,1.0,1.0,1.0,0.0313,0.0313,/work/Agent_benchmark/slide_seek/post_eval/TCGA_LUNG_Classification/ROI/roi_overlap_results.csv,True,True
TCGA-55-8508-01Z-00-DX1.96B173E2-A298-4017-9AEC-113E547A3272,slide_seek,TCGA_LUNG_Classification,0.05,6,True,1.0,1.0,1.0,1.0,1.0,1.0,0.0061,0.0061,/work/Agent_benchmark/slide_seek/post_eval/TCGA_LUNG_Classification/ROI/roi_overlap_results.csv,True,True
TCGA-55-8510-01Z-00-DX1.BB1EAC72-6215-400B-BCBF-E3D51A60182D,slide_seek,TCGA_LUNG_Classification,0.05,14,True,1.0,0.802,0.1966071428571429,0.802,0.54264,0.2273,0.9168,0.2227,/work/Agent_benchmark/slide_seek/post_eval/TCGA_LUNG_Classification/ROI/roi_overlap_results.csv,False,True
TCGA-55-8511-01Z-00-DX1.8EDFB05B-5B59-46EA-973C-1048B1E284D2,slide_seek,TCGA_LUNG_Classification,0.05,15,True,1.0,1.0,0.5132333333333333,1.0,0.8553888888888889,0.4326,0.0069,0.0068,/work/Agent_benchmark/slide_seek/post_eval/TCGA_LUNG_Classification/ROI/roi_overlap_results.csv,True,True
TCGA-55-8512-01Z-00-DX1.FD4B9CF5-1955-420E-A955-6D284772D2BE,slide_seek,TCGA_LUNG_Classification,0.05,22,True,1.0,1.0,0.9315727272727272,1.0,0.9759333333333332,0.9059,0.0177,0.0177,/work/Agent_benchmark/slide_seek/post_eval/TCGA_LUNG_Classification/ROI/roi_overlap_results.csv,True,True
TCGA-55-8513-01Z-00-DX1.E21776FE-DF49-48D1-90D6-6F71D0764492,slide_seek,TCGA_LUNG_Classification,0.05,5,True,1.0,1.0,1.0,1.0,1.0,1.0,0.0028,0.0028,/work/Agent_benchmark/slide_seek/post_eval/TCGA_LUNG_Classification/ROI/roi_overlap_results.csv,True,True
TCGA-55-8514-01Z-00-DX1.499CF563-B404-4061-9D1A-57954BBE2CE7,slide_seek,TCGA_LUNG_Classification,0.05,2,True,1.0,0.2097,0.20485,0.2097,0.20485,0.2,0.0708,0.0552,/work/Agent_benchmark/slide_seek/post_eval/TCGA_LUNG_Classification/ROI/roi_overlap_results.csv,True,True
TCGA-55-8614-01Z-00-DX1.043DE2B5-A453-4570-8830-99170450658C,slide_seek,TCGA_LUNG_Classification,0.05,6,True,1.0,0.7937,0.30635,0.7937,0.6088666666666667,0.2972,0.5817,0.2449,/work/Agent_benchmark/slide_seek/post_eval/TCGA_LUNG_Classification/ROI/roi_overlap_results.csv,False,True
TCGA-55-8615-01Z-00-DX1.928CFCA6-059D-4901-8D6A-BC7D9486C29F,slide_seek,TCGA_LUNG_Classification,0.05,44,True,1.0,1.0,0.8560636363636364,1.0,0.9658153846153846,0.6677,0.0662,0.0641,/work/Agent_benchmark/slide_seek/post_eval/TCGA_LUNG_Classification/ROI/roi_overlap_results.csv,True,True
TCGA-55-8616-01Z-00-DX1.4F53B2AB-8221-4E67-80D2-7A8E3815B730,slide_seek,TCGA_LUNG_Classification,0.05,26,True,1.0,1.0,1.0,1.0,1.0,1.0,0.005,0.005,/work/Agent_benchmark/slide_seek/post_eval/TCGA_LUNG_Classification/ROI/roi_overlap_results.csv,True,True
TCGA-55-8619-01Z-00-DX1.46C7678A-6032-4C95-B535-85C87B92B6ED,slide_seek,TCGA_LUNG_Classification,0.05,44,True,1.0,1.0,0.3597727272727273,1.0,0.9893749999999999,0.6271,0.0367,0.0359,/work/Agent_benchmark/slide_seek/post_eval/TCGA_LUNG_Classification/ROI/roi_overlap_results.csv,False,True
TCGA-55-8620-01Z-00-DX1.6591EEC4-D696-4826-80BD-99BE1D99EBB8,slide_seek,TCGA_LUNG_Classification,0.05,41,True,1.0,1.0,0.43902439024390244,1.0,1.0,0.1622,0.0066,0.0064,/work/Agent_benchmark/slide_seek/post_eval/TCGA_LUNG_Classification/ROI/roi_overlap_results.csv,False,True
TCGA-55-8621-01Z-00-DX1.7C519007-D59D-432A-BF4D-23D14A1C8BB6,slide_seek,TCGA_LUNG_Classification,0.05,98,True,1.0,1.0,0.9508612244897959,1.0,0.9911734042553191,0.6164,0.1727,0.156,/work/Agent_benchmark/slide_seek/post_eval/TCGA_LUNG_Classification/ROI/roi_overlap_results.csv,False,True
TCGA-55-A48X-01Z-00-DX1.A46C6373-8458-4D55-88C3-4C70A05F9F47,slide_seek,TCGA_LUNG_Classification,0.05,23,True,1.0,1.0,0.6853391304347826,1.0,0.9272235294117647,0.538,0.0165,0.0163,/work/Agent_benchmark/slide_seek/post_eval/TCGA_LUNG_Classification/ROI/roi_overlap_results.csv,True,True
TCGA-55-A48Y-01Z-00-DX1.D8735347-E060-439F-B5A1-1E47A958A392,slide_seek,TCGA_LUNG_Classification,0.05,14,True,1.0,1.0,0.6428571428571429,1.0,1.0,0.5401,0.1587,0.1398,/work/Agent_benchmark/slide_seek/post_eval/TCGA_LUNG_Classification/ROI/roi_overlap_results.csv,True,True
TCGA-55-A48Z-01Z-00-DX1.0867DC6A-2A51-4CF1-AE3F-0526CE2DD740,slide_seek,TCGA_LUNG_Classification,0.05,73,True,3.0,1.0,0.2861054794520548,1.0,0.7201965517241379,0.2424,0.0221,0.0206,/work/Agent_benchmark/slide_seek/post_eval/TCGA_LUNG_Classification/ROI/roi_overlap_results.csv,False,True
TCGA-55-A490-01Z-00-DX1.07D77502-7216-4C23-9BB8-8DE99AECC920,slide_seek,TCGA_LUNG_Classification,0.05,4,True,1.0,1.0,1.0,1.0,1.0,1.0,0.0009,0.0009,/work/Agent_benchmark/slide_seek/post_eval/TCGA_LUNG_Classification/ROI/roi_overlap_results.csv,False,True
TCGA-55-A491-01Z-00-DX1.E5F3B4E5-18EA-4067-AE28-119DABCE739A,slide_seek,TCGA_LUNG_Classification,0.05,28,True,15.0,1.0,0.47043214285714285,1.0,0.9408642857142857,0.1668,0.0965,0.0651,/work/Agent_benchmark/slide_seek/post_eval/TCGA_LUNG_Classification/ROI/roi_overlap_results.csv,True,True
TCGA-55-A492-01Z-00-DX1.31B23842-7F8B-4311-88DF-C51CB4F54AED,slide_seek,TCGA_LUNG_Classification,0.05,12,True,2.0,0.1805,0.06454166666666666,0.1805,0.12190000000000001,0.1192,0.0839,0.0518,/work/Agent_benchmark/slide_seek/post_eval/TCGA_LUNG_Classification/ROI/roi_overlap_results.csv,True,True
TCGA-55-A493-01Z-00-DX1.1CF94B85-7A64-4213-9B04-16504512DE2E,slide_seek,TCGA_LUNG_Classification,0.05,2,True,1.0,1.0,1.0,1.0,1.0,1.0,0.0296,0.0296,/work/Agent_benchmark/slide_seek/post_eval/TCGA_LUNG_Classification/ROI/roi_overlap_results.csv,False,True
TCGA-55-A494-01Z-00-DX1.8C7C4BE0-791A-47CA-B0A8-1935366350E0,slide_seek,TCGA_LUNG_Classification,0.05,22,True,12.0,1.0,0.3908454545454546,1.0,0.7816909090909092,0.3968,0.0035,0.0034,/work/Agent_benchmark/slide_seek/post_eval/TCGA_LUNG_Classification/ROI/roi_overlap_results.csv,True,True
TCGA-55-A4DF-01Z-00-DX1.C945E1AD-BEF4-403F-BB11-BAC831D24CDA,slide_seek,TCGA_LUNG_Classification,0.05,73,True,18.0,1.0,0.13727534246575343,1.0,0.6253125,0.1266,0.0302,0.025,/work/Agent_benchmark/slide_seek/post_eval/TCGA_LUNG_Classification/ROI/roi_overlap_results.csv,False,True
TCGA-55-A4DG-01Z-00-DX1.9CE9B7BE-48EF-44F1-9C25-F15700A3E5DE,slide_seek,TCGA_LUNG_Classification,0.05,3,True,1.0,1.0,1.0,1.0,1.0,1.0,0.0072,0.0072,/work/Agent_benchmark/slide_seek/post_eval/TCGA_LUNG_Classification/ROI/roi_overlap_results.csv,True,True
TCGA-55-A57B-01Z-00-DX1.8D3C7063-3AF6-4839-A656-F844EC0AF9DB,slide_seek,TCGA_LUNG_Classification,0.05,27,True,2.0,1.0,0.604337037037037,1.0,0.9065055555555556,0.5542,0.0453,0.0437,/work/Agent_benchmark/slide_seek/post_eval/TCGA_LUNG_Classification/ROI/roi_overlap_results.csv,True,True
TCGA-56-1622-01Z-00-DX1.d4178664-1e21-452f-9dbf-1b23467ddabc,slide_seek,TCGA_LUNG_Classification,0.05,6,False,,0.0,0.0,,,0.0,0.0,0.0,/work/Agent_benchmark/slide_seek/post_eval/TCGA_LUNG_Classification/ROI/roi_overlap_results.csv,False,True
TCGA-56-5897-01Z-00-DX1.776271b1-77a9-4653-8ed3-13294c9fc056,slide_seek,TCGA_LUNG_Classification,0.05,76,True,1.0,1.0,0.6655105263157894,1.0,0.9724461538461538,0.6406,0.0433,0.0423,/work/Agent_benchmark/slide_seek/post_eval/TCGA_LUNG_Classification/ROI/roi_overlap_results.csv,False,True
TCGA-56-5898-01Z-00-DX1.d539fc8b-ae31-4820-8c2e-5cf587958eb3,slide_seek,TCGA_LUNG_Classification,0.05,10,True,1.0,0.2659,0.03713,0.2659,0.18565,0.1008,0.0556,0.0372,/work/Agent_benchmark/slide_seek/post_eval/TCGA_LUNG_Classification/ROI/roi_overlap_results.csv,False,True
TCGA-56-6545-01Z-00-DX1.24a6678b-2dbf-4539-844e-1e3786c3fac3,slide_seek,TCGA_LUNG_Classification,0.05,30,True,1.0,1.0,0.2612966666666667,1.0,0.6021923076923077,0.3557,0.0678,0.0604,/work/Agent_benchmark/slide_seek/post_eval/TCGA_LUNG_Classification/ROI/roi_overlap_results.csv,False,True
TCGA-56-6546-01Z-00-DX1.4fecf41b-6757-4c0d-98c4-24b9a65144f1,slide_seek,TCGA_LUNG_Classification,0.05,83,True,1.0,1.0,0.7926746987951807,1.0,0.8888324324324325,0.7914,0.0483,0.0477,/work/Agent_benchmark/slide_seek/post_eval/TCGA_LUNG_Classification/ROI/roi_overlap_results.csv,True,True
TCGA-56-7221-01Z-00-DX1.f897f1ee-2796-4183-9312-f47871383327,slide_seek,TCGA_LUNG_Classification,0.05,4,True,1.0,1.0,0.9647749999999999,1.0,0.9647749999999999,0.9317,0.0834,0.0829,/work/Agent_benchmark/slide_seek/post_eval/TCGA_LUNG_Classification/ROI/roi_overlap_results.csv,False,True
TCGA-56-7222-01Z-00-DX1.f932abe9-4f5c-46d8-908b-29669681d2db,slide_seek,TCGA_LUNG_Classification,0.05,29,False,,0.0,0.0,,,0.0,0.0,0.0,/work/Agent_benchmark/slide_seek/post_eval/TCGA_LUNG_Classification/ROI/roi_overlap_results.csv,False,True
TCGA-56-7223-01Z-00-DX1.dd01c478-6dfa-4757-85fd-d956d70ec372,slide_seek,TCGA_LUNG_Classification,0.05,15,True,3.0,1.0,0.12986666666666666,1.0,0.974,0.3058,0.0125,0.0122,/work/Agent_benchmark/slide_seek/post_eval/TCGA_LUNG_Classification/ROI/roi_overlap_results.csv,False,True
TCGA-56-7579-01Z-00-DX1.627f65b9-ac66-4f71-a6f4-394338b647f0,slide_seek,TCGA_LUNG_Classification,0.05,69,True,1.0,1.0,0.4412840579710145,1.0,0.6608717391304347,0.2788,0.8848,0.2691,/work/Agent_benchmark/slide_seek/post_eval/TCGA_LUNG_Classification/ROI/roi_overlap_results.csv,False,True
TCGA-56-7582-01Z-00-DX1.81e6c419-f6a1-49cf-9a83-7c1a679fbfc6,slide_seek,TCGA_LUNG_Classification,0.05,65,True,1.0,1.0,0.18951846153846152,1.0,0.6835444444444444,0.2636,0.0551,0.0478,/work/Agent_benchmark/slide_seek/post_eval/TCGA_LUNG_Classification/ROI/roi_overlap_results.csv,False,True
TCGA-56-7730-01Z-00-DX1.6f127663-c517-4b5d-99a6-a3cd314304b1,slide_seek,TCGA_LUNG_Classification,0.05,60,True,49.0,0.6982,0.01776166666666667,0.6982,0.21164,0.0478,0.0483,0.0246,/work/Agent_benchmark/slide_seek/post_eval/TCGA_LUNG_Classification/ROI/roi_overlap_results.csv,False,True
TCGA-56-7731-01Z-00-DX1.e205943f-cb2e-4006-b3be-b07d95fea663,slide_seek,TCGA_LUNG_Classification,0.05,25,True,15.0,1.0,0.222292,1.0,0.9262166666666666,0.226,0.0098,0.0095,/work/Agent_benchmark/slide_seek/post_eval/TCGA_LUNG_Classification/ROI/roi_overlap_results.csv,False,True
TCGA-56-7822-01Z-00-DX1.c387e241-ff4c-44ef-af45-12a85066f0ce,slide_seek,TCGA_LUNG_Classification,0.05,13,True,1.0,1.0,0.9203692307692306,1.0,0.9203692307692306,0.8265,0.0034,0.0034,/work/Agent_benchmark/slide_seek/post_eval/TCGA_LUNG_Classification/ROI/roi_overlap_results.csv,False,True
TCGA-56-7823-01Z-00-DX1.354861d2-79f1-4b70-a74e-20cb0f78468e,slide_seek,TCGA_LUNG_Classification,0.05,59,True,24.0,1.0,0.08184745762711863,1.0,0.9549,0.1507,0.0138,0.0128,/work/Agent_benchmark/slide_seek/post_eval/TCGA_LUNG_Classification/ROI/roi_overlap_results.csv,False,True
TCGA-56-8082-01Z-00-DX1.f0056ce7-58cf-4fc7-b249-ddeadeafafb3,slide_seek,TCGA_LUNG_Classification,0.05,3,True,1.0,0.6873,0.5506000000000001,0.6873,0.5506000000000001,0.463,0.1015,0.0908,/work/Agent_benchmark/slide_seek/post_eval/TCGA_LUNG_Classification/ROI/roi_overlap_results.csv,True,True
TCGA-56-8083-01Z-00-DX1.140c8d5b-f660-4fef-b8da-6bb2c119c021,slide_seek,TCGA_LUNG_Classification,0.05,50,True,18.0,1.0,0.057493999999999996,1.0,0.9577,0.1053,0.0225,0.0189,/work/Agent_benchmark/slide_seek/post_eval/TCGA_LUNG_Classification/ROI/roi_overlap_results.csv,False,True
TCGA-56-8201-01Z-00-DX1.883903fb-d70d-4c72-be76-6788b1bc3b35,slide_seek,TCGA_LUNG_Classification,0.05,4,True,1.0,1.0,0.975725,1.0,0.975725,0.958,0.0731,0.0729,/work/Agent_benchmark/slide_seek/post_eval/TCGA_LUNG_Classification/ROI/roi_overlap_results.csv,True,True
TCGA-56-8304-01Z-00-DX1.F7A7975D-C8AB-49C0-B9CD-18CFD01A0655,slide_seek,TCGA_LUNG_Classification,0.05,14,True,1.0,1.0,0.7857142857142857,1.0,1.0,0.4961,0.0044,0.0044,/work/Agent_benchmark/slide_seek/post_eval/TCGA_LUNG_Classification/ROI/roi_overlap_results.csv,False,True
TCGA-56-8305-01Z-00-DX1.2C1D792D-79E0-48D7-9938-DFD44428874E,slide_seek,TCGA_LUNG_Classification,0.05,3,False,,0.0,0.0,,,0.0,0.0,0.0,/work/Agent_benchmark/slide_seek/post_eval/TCGA_LUNG_Classification/ROI/roi_overlap_results.csv,False,True
TCGA-56-8307-01Z-00-DX1.20EE4B4C-403F-44AA-8B0E-711003E60B8F,slide_seek,TCGA_LUNG_Classification,0.05,43,True,1.0,1.0,0.481846511627907,1.0,0.9008434782608695,0.4348,0.0147,0.0144,/work/Agent_benchmark/slide_seek/post_eval/TCGA_LUNG_Classification/ROI/roi_overlap_results.csv,True,True
TCGA-56-8308-01Z-00-DX1.48CAE02B-05B1-4681-B68C-DD32C414FD2D,slide_seek,TCGA_LUNG_Classification,0.05,28,True,1.0,1.0,0.15062142857142855,1.0,0.8434799999999999,0.3232,0.0299,0.0282,/work/Agent_benchmark/slide_seek/post_eval/TCGA_LUNG_Classification/ROI/roi_overlap_results.csv,False,True
TCGA-56-8309-01Z-00-DX1.5FC5FA81-405A-48AB-AA7D-2D38003A8942,slide_seek,TCGA_LUNG_Classification,0.05,38,True,1.0,1.0,0.619342105263158,1.0,0.9051807692307693,0.4427,0.031,0.0298,/work/Agent_benchmark/slide_seek/post_eval/TCGA_LUNG_Classification/ROI/roi_overlap_results.csv,False,True
TCGA-56-8503-01Z-00-DX1.87FEB654-FC88-4CDA-8F52-ACF0D9A19191,slide_seek,TCGA_LUNG_Classification,0.05,39,True,15.0,1.0,0.6124102564102564,1.0,0.95536,0.7453,0.0105,0.0105,/work/Agent_benchmark/slide_seek/post_eval/TCGA_LUNG_Classification/ROI/roi_overlap_results.csv,True,True
TCGA-56-8504-01Z-00-DX1.032AF45F-89C3-4265-8287-A455780DA887,slide_seek,TCGA_LUNG_Classification,0.05,39,True,2.0,1.0,0.3479820512820513,1.0,0.7983117647058824,0.1794,0.1164,0.076,/work/Agent_benchmark/slide_seek/post_eval/TCGA_LUNG_Classification/ROI/roi_overlap_results.csv,False,True
TCGA-56-8622-01Z-00-DX1.62B552C4-5CBE-4469-8DBB-E27497FF95F4,slide_seek,TCGA_LUNG_Classification,0.05,45,True,1.0,1.0,0.9967777777777779,1.0,0.9967777777777779,0.855,0.5872,0.534,/work/Agent_benchmark/slide_seek/post_eval/TCGA_LUNG_Classification/ROI/roi_overlap_results.csv,False,True
TCGA-56-8623-01Z-00-DX1.119C11E2-16E4-48A9-B8BD-6F1E8CBFEBA1,slide_seek,TCGA_LUNG_Classification,0.05,30,True,1.0,1.0,1.0,1.0,1.0,1.0,0.0034,0.0034,/work/Agent_benchmark/slide_seek/post_eval/TCGA_LUNG_Classification/ROI/roi_overlap_results.csv,False,True
TCGA-56-8624-01Z-00-DX1.18DFDAB8-1701-4E15-9321-7D99CD15E4B0,slide_seek,TCGA_LUNG_Classification,0.05,13,True,1.0,1.0,0.9944846153846154,1.0,0.9944846153846154,0.9912,0.119,0.1189,/work/Agent_benchmark/slide_seek/post_eval/TCGA_LUNG_Classification/ROI/roi_overlap_results.csv,True,True
TCGA-56-8625-01Z-00-DX1.11AADFB3-33FF-4EAA-B423-CD0F07163747,slide_seek,TCGA_LUNG_Classification,0.05,9,True,1.0,1.0,0.876811111111111,1.0,0.876811111111111,0.8768,0.1204,0.1184,/work/Agent_benchmark/slide_seek/post_eval/TCGA_LUNG_Classification/ROI/roi_overlap_results.csv,False,True
TCGA-56-8626-01Z-00-DX1.C9836EAF-F005-40E9-B781-1D5586141F0D,slide_seek,TCGA_LUNG_Classification,0.05,10,True,1.0,1.0,0.73304,1.0,0.8144,0.5151,0.6223,0.3924,/work/Agent_benchmark/slide_seek/post_eval/TCGA_LUNG_Classification/ROI/roi_overlap_results.csv,True,True
TCGA-56-8629-01Z-00-DX1.6F79BFD6-36B0-46F4-918B-2F4FF083E3E3,slide_seek,TCGA_LUNG_Classification,0.05,32,True,1.0,1.0,0.9375,1.0,1.0,0.9308,0.0223,0.0223,/work/Agent_benchmark/slide_seek/post_eval/TCGA_LUNG_Classification/ROI/roi_overlap_results.csv,False,True
TCGA-56-A49D-01Z-00-DX1.1ECF40A0-1490-42B3-8924-A80E4ED35F93,slide_seek,TCGA_LUNG_Classification,0.05,32,True,15.0,1.0,0.286965625,1.0,0.91829,0.276,0.0059,0.0058,/work/Agent_benchmark/slide_seek/post_eval/TCGA_LUNG_Classification/ROI/roi_overlap_results.csv,False,True
TCGA-56-A4BW-01Z-00-DX1.8ED20788-092B-4C21-9D83-5423D853422F,slide_seek,TCGA_LUNG_Classification,0.05,1,False,,0.0,0.0,,,0.0,0.0,0.0,/work/Agent_benchmark/slide_seek/post_eval/TCGA_LUNG_Classification/ROI/roi_overlap_results.csv,False,True
TCGA-56-A4BX-01Z-00-DX1.60E64193-473C-4220-9E38-0F5D952BD157,slide_seek,TCGA_LUNG_Classification,0.05,47,True,1.0,1.0,1.0,1.0,1.0,1.0,0.0109,0.0109,/work/Agent_benchmark/slide_seek/post_eval/TCGA_LUNG_Classification/ROI/roi_overlap_results.csv,False,True
TCGA-56-A4BY-01Z-00-DX1.DCA0D153-7DB7-44FB-A87A-20931D36856A,slide_seek,TCGA_LUNG_Classification,0.05,4,True,4.0,0.1521,0.038025,0.1521,0.1521,0.1521,0.0306,0.0262,/work/Agent_benchmark/slide_seek/post_eval/TCGA_LUNG_Classification/ROI/roi_overlap_results.csv,True,True
TCGA-56-A4ZJ-01Z-00-DX1.6BB25D9D-75E7-4B44-8560-8A3C3EC9F118,slide_seek,TCGA_LUNG_Classification,0.05,4,True,1.0,1.0,0.9114,1.0,0.9114,0.8826,0.1962,0.1912,/work/Agent_benchmark/slide_seek/post_eval/TCGA_LUNG_Classification/ROI/roi_overlap_results.csv,False,True
TCGA-56-A4ZK-01Z-00-DX1.D6B1AC68-BF70-4C49-A5A1-233D6DA4AE27,slide_seek,TCGA_LUNG_Classification,0.05,16,True,11.0,1.0,0.375,1.0,1.0,0.1363,0.005,0.0049,/work/Agent_benchmark/slide_seek/post_eval/TCGA_LUNG_Classification/ROI/roi_overlap_results.csv,False,True
TCGA-56-A5DR-01Z-00-DX1.F8F196F2-9380-490E-9D77-ABAC1E58BC5C,slide_seek,TCGA_LUNG_Classification,0.05,36,True,1.0,1.0,0.948988888888889,1.0,0.9761028571428572,0.928,0.0562,0.056,/work/Agent_benchmark/slide_seek/post_eval/TCGA_LUNG_Classification/ROI/roi_overlap_results.csv,False,True
TCGA-56-A5DS-01Z-00-DX1.952C8777-4B8F-415A-9D27-C155D1623A86,slide_seek,TCGA_LUNG_Classification,0.05,29,True,2.0,1.0,0.09528620689655173,1.0,0.3791571428571428,0.0183,1.0,0.0183,/work/Agent_benchmark/slide_seek/post_eval/TCGA_LUNG_Classification/ROI/roi_overlap_results.csv,False,True
TCGA-56-A62T-01Z-00-DX1.05B9E747-DF22-4FFB-A79A-C023AB667CA0,slide_seek,TCGA_LUNG_Classification,0.05,24,True,23.0,1.0,0.07221666666666667,1.0,0.8666,0.118,0.0021,0.0021,/work/Agent_benchmark/slide_seek/post_eval/TCGA_LUNG_Classification/ROI/roi_overlap_results.csv,False,True
TCGA-58-A46J-01Z-00-DX1.4BF4AAC3-2020-41EA-A181-5E90A23DA024,slide_seek,TCGA_LUNG_Classification,0.05,10,True,1.0,1.0,0.51566,1.0,0.8594333333333334,0.5157,0.0219,0.0215,/work/Agent_benchmark/slide_seek/post_eval/TCGA_LUNG_Classification/ROI/roi_overlap_results.csv,True,True
TCGA-58-A46K-01Z-00-DX1.A293339A-A592-4CA2-AE49-CDDD0810C624,slide_seek,TCGA_LUNG_Classification,0.05,9,True,2.0,1.0,0.8888888888888888,1.0,1.0,0.6763,0.0069,0.0068,/work/Agent_benchmark/slide_seek/post_eval/TCGA_LUNG_Classification/ROI/roi_overlap_results.csv,False,True
TCGA-58-A46L-01Z-00-DX1.DA77E0D9-23A2-4D54-81E9-36849E04FBC8,slide_seek,TCGA_LUNG_Classification,0.05,62,True,1.0,1.0,0.5873838709677419,1.0,0.9842648648648649,0.5554,0.0065,0.0065,/work/Agent_benchmark/slide_seek/post_eval/TCGA_LUNG_Classification/ROI/roi_overlap_results.csv,True,True
TCGA-58-A46M-01Z-00-DX1.DCC711DA-EB83-498E-9AFA-33E874EA537C,slide_seek,TCGA_LUNG_Classification,0.05,6,True,1.0,1.0,0.9999333333333333,1.0,0.9999333333333333,0.9997,0.1004,0.1004,/work/Agent_benchmark/slide_seek/post_eval/TCGA_LUNG_Classification/ROI/roi_overlap_results.csv,False,True
TCGA-58-A46N-01Z-00-DX1.5D51252C-5294-4E40-ABB2-31C3BE1039F8,slide_seek,TCGA_LUNG_Classification,0.05,14,True,1.0,1.0,0.9060857142857143,1.0,0.9757846153846154,0.6727,0.2016,0.1836,/work/Agent_benchmark/slide_seek/post_eval/TCGA_LUNG_Classification/ROI/roi_overlap_results.csv,False,True
TCGA-60-2695-01Z-00-DX1.4cc6c566-d60d-4ff9-9ea8-18a9da46ae6b,slide_seek,TCGA_LUNG_Classification,0.05,1,True,1.0,1.0,1.0,1.0,1.0,1.0,0.0002,0.0002,/work/Agent_benchmark/slide_seek/post_eval/TCGA_LUNG_Classification/ROI/roi_overlap_results.csv,False,True
TCGA-60-2696-01Z-00-DX1.17748315-09b2-4abd-97f1-93c9951b0a70,slide_seek,TCGA_LUNG_Classification,0.05,24,True,1.0,1.0,0.7102458333333334,1.0,0.7402391304347826,0.6558,0.0231,0.0228,/work/Agent_benchmark/slide_seek/post_eval/TCGA_LUNG_Classification/ROI/roi_overlap_results.csv,False,True
TCGA-60-2697-01Z-00-DX1.e11a5b5b-c4be-4fe1-b7db-08879e55d552,slide_seek,TCGA_LUNG_Classification,0.05,38,True,7.0,0.9651,0.026802631578947366,0.9651,0.50925,0.0226,0.0002,0.0002,/work/Agent_benchmark/slide_seek/post_eval/TCGA_LUNG_Classification/ROI/roi_overlap_results.csv,False,True
TCGA-60-2698-01Z-00-DX1.738ae69e-5170-46d6-b691-9f761f9a794b,slide_seek,TCGA_LUNG_Classification,0.05,5,True,1.0,0.763,0.36314,0.763,0.6052333333333334,0.2632,0.0024,0.0024,/work/Agent_benchmark/slide_seek/post_eval/TCGA_LUNG_Classification/ROI/roi_overlap_results.csv,False,True
TCGA-60-2703-01Z-00-DX1.13cdede5-0135-4e05-9478-3b728cad247e,slide_seek,TCGA_LUNG_Classification,0.05,14,True,1.0,1.0,0.21428571428571427,1.0,1.0,0.2817,0.0009,0.0009,/work/Agent_benchmark/slide_seek/post_eval/TCGA_LUNG_Classification/ROI/roi_overlap_results.csv,False,True
TCGA-60-2704-01Z-00-DX1.e904afb3-7935-4df5-90dc-f7151e15b31b,slide_seek,TCGA_LUNG_Classification,0.05,7,True,1.0,1.0,0.7142857142857143,1.0,1.0,0.7143,0.0212,0.021,/work/Agent_benchmark/slide_seek/post_eval/TCGA_LUNG_Classification/ROI/roi_overlap_results.csv,True,True
TCGA-60-2706-01Z-00-DX1.db003232-66ab-437e-81c7-f490310ca03a,slide_seek,TCGA_LUNG_Classification,0.05,42,True,1.0,1.0,0.7420142857142857,1.0,0.97389375,0.6841,0.0551,0.0537,/work/Agent_benchmark/slide_seek/post_eval/TCGA_LUNG_Classification/ROI/roi_overlap_results.csv,False,True
TCGA-60-2707-01Z-00-DX1.4aafd76b-eb0e-4ab9-a740-682c169a3c3d,slide_seek,TCGA_LUNG_Classification,0.05,19,True,1.0,1.0,0.5971631578947368,1.0,0.7507400000000001,0.2199,0.1476,0.0969,/work/Agent_benchmark/slide_seek/post_eval/TCGA_LUNG_Classification/ROI/roi_overlap_results.csv,False,True
TCGA-60-2708-01Z-00-DX1.3b59f6dc-02f8-4118-9037-f18ebb9bd539,slide_seek,TCGA_LUNG_Classification,0.05,13,True,2.0,1.0,0.9230769230769231,1.0,1.0,0.6656,0.0062,0.0062,/work/Agent_benchmark/slide_seek/post_eval/TCGA_LUNG_Classification/ROI/roi_overlap_results.csv,True,True
TCGA-60-2709-01Z-00-DX1.ded10e7c-c1ca-4402-be0e-f3978994d4af,slide_seek,TCGA_LUNG_Classification,0.05,44,True,1.0,1.0,1.0,1.0,1.0,1.0,0.0036,0.0036,/work/Agent_benchmark/slide_seek/post_eval/TCGA_LUNG_Classification/ROI/roi_overlap_results.csv,True,True
TCGA-60-2710-01Z-00-DX1.45f8ef49-d5bb-404c-9ac5-c7882bc59b45,slide_seek,TCGA_LUNG_Classification,0.05,19,True,4.0,1.0,0.15718947368421055,1.0,0.4175285714285714,0.1937,0.0216,0.0198,/work/Agent_benchmark/slide_seek/post_eval/TCGA_LUNG_Classification/ROI/roi_overlap_results.csv,True,True
TCGA-60-2711-01Z-00-DX1.186b9a92-fcae-45b6-a52c-e8da0c1a419c,slide_seek,TCGA_LUNG_Classification,0.05,34,True,1.0,1.0,0.8235294117647058,1.0,1.0,0.8,0.0125,0.0124,/work/Agent_benchmark/slide_seek/post_eval/TCGA_LUNG_Classification/ROI/roi_overlap_results.csv,False,True
TCGA-60-2712-01Z-00-DX1.97003dfc-4b37-4491-86e8-0801e6825aae,slide_seek,TCGA_LUNG_Classification,0.05,32,True,1.0,1.0,0.8308125,1.0,0.8862,0.567,0.0783,0.0739,/work/Agent_benchmark/slide_seek/post_eval/TCGA_LUNG_Classification/ROI/roi_overlap_results.csv,True,True
TCGA-60-2713-01Z-00-DX1.8cc5fb8d-be9c-4f25-b088-85e1feff834a,slide_seek,TCGA_LUNG_Classification,0.05,4,True,1.0,1.0,0.919675,1.0,0.919675,0.8784,0.104,0.1025,/work/Agent_benchmark/slide_seek/post_eval/TCGA_LUNG_Classification/ROI/roi_overlap_results.csv,True,True
TCGA-60-2714-01Z-00-DX1.13f280a8-c8d3-48bb-8a38-49ce9ad9e1a2,slide_seek,TCGA_LUNG_Classification,0.05,13,True,1.0,1.0,0.4104230769230769,1.0,0.6669375,0.4616,0.2827,0.2126,/work/Agent_benchmark/slide_seek/post_eval/TCGA_LUNG_Classification/ROI/roi_overlap_results.csv,False,True
TCGA-60-2715-01Z-00-DX1.22710dc4-eaf5-44c2-8438-c6dcfae1d452,slide_seek,TCGA_LUNG_Classification,0.05,53,True,7.0,1.0,0.685711320754717,1.0,0.9082799999999999,0.5318,0.082,0.0765,/work/Agent_benchmark/slide_seek/post_eval/TCGA_LUNG_Classification/ROI/roi_overlap_results.csv,False,True
TCGA-60-2716-01Z-00-DX1.28642302-a114-4e80-b9db-c04eee7d92d8,slide_seek,TCGA_LUNG_Classification,0.05,9,True,1.0,1.0,0.8593222222222222,1.0,0.8593222222222222,0.8583,0.2875,0.2745,/work/Agent_benchmark/slide_seek/post_eval/TCGA_LUNG_Classification/ROI/roi_overlap_results.csv,True,True
TCGA-60-2719-01Z-00-DX1.e834671a-7468-4517-bf95-4e100f87e9a3,slide_seek,TCGA_LUNG_Classification,0.05,6,True,2.0,1.0,0.6666666666666666,1.0,1.0,0.6667,0.0149,0.0148,/work/Agent_benchmark/slide_seek/post_eval/TCGA_LUNG_Classification/ROI/roi_overlap_results.csv,True,True
TCGA-60-2720-01Z-00-DX1.5ff16714-210d-44c3-856a-5877fd06e986,slide_seek,TCGA_LUNG_Classification,0.05,7,True,1.0,1.0,1.0,1.0,1.0,1.0,0.0055,0.0055,/work/Agent_benchmark/slide_seek/post_eval/TCGA_LUNG_Classification/ROI/roi_overlap_results.csv,False,True
TCGA-60-2721-01Z-00-DX1.8ea139d5-018b-4a66-915e-4784c808742e,slide_seek,TCGA_LUNG_Classification,0.05,40,True,2.0,1.0,0.23178,1.0,0.92667,0.1482,0.0426,0.0342,/work/Agent_benchmark/slide_seek/post_eval/TCGA_LUNG_Classification/ROI/roi_overlap_results.csv,False,True
TCGA-60-2722-01Z-00-DX1.f3781266-e8dc-4386-9702-5b29e6f2cfa3,slide_seek,TCGA_LUNG_Classification,0.05,21,True,2.0,1.0,0.7271238095238095,1.0,0.8483111111111111,0.6629,0.0431,0.0422,/work/Agent_benchmark/slide_seek/post_eval/TCGA_LUNG_Classification/ROI/roi_overlap_results.csv,False,True
TCGA-60-2723-01Z-00-DX1.1c12de5a-5d31-468e-9169-feb23d24e7d6,slide_seek,TCGA_LUNG_Classification,0.05,6,True,3.0,0.4801,0.16108333333333336,0.4801,0.4801,0.0973,0.0041,0.0039,/work/Agent_benchmark/slide_seek/post_eval/TCGA_LUNG_Classification/ROI/roi_overlap_results.csv,False,True
TCGA-60-2724-01Z-00-DX1.98f9e48f-9c09-4969-aa34-05666616ee9a,slide_seek,TCGA_LUNG_Classification,0.05,18,True,1.0,1.0,0.9444444444444444,1.0,1.0,0.7891,0.0165,0.0164,/work/Agent_benchmark/slide_seek/post_eval/TCGA_LUNG_Classification/ROI/roi_overlap_results.csv,False,True
TCGA-60-2725-01Z-00-DX1.b9d038d6-c2fb-4e46-a4ef-80fdbfb56d0a,slide_seek,TCGA_LUNG_Classification,0.05,4,True,1.0,1.0,1.0,1.0,1.0,1.0,0.0045,0.0045,/work/Agent_benchmark/slide_seek/post_eval/TCGA_LUNG_Classification/ROI/roi_overlap_results.csv,True,True
TCGA-60-2726-01Z-00-DX1.3c30934b-c93a-4dad-9c44-b417eae17137,slide_seek,TCGA_LUNG_Classification,0.05,51,True,1.0,1.0,0.8001960784313726,1.0,0.9716190476190476,0.6248,0.0599,0.0578,/work/Agent_benchmark/slide_seek/post_eval/TCGA_LUNG_Classification/ROI/roi_overlap_results.csv,True,True
TCGA-62-A46O-01Z-00-DX1.39B361AD-ED1D-4C0C-8611-0E8CCBDBD252,slide_seek,TCGA_LUNG_Classification,0.05,54,True,20.0,1.0,0.6257611111111111,1.0,0.9938558823529412,0.5413,0.0094,0.0094,/work/Agent_benchmark/slide_seek/post_eval/TCGA_LUNG_Classification/ROI/roi_overlap_results.csv,True,True
TCGA-62-A46P-01Z-00-DX1.9136CC96-51B9-4FEB-8BCF-2C3676C708B1,slide_seek,TCGA_LUNG_Classification,0.05,23,True,2.0,1.0,0.34782608695652173,1.0,1.0,0.5733,0.0015,0.0015,/work/Agent_benchmark/slide_seek/post_eval/TCGA_LUNG_Classification/ROI/roi_overlap_results.csv,True,True
TCGA-62-A46R-01Z-00-DX1.AD823FBA-A63F-4D36-8B84-2C995DE5FC47,slide_seek,TCGA_LUNG_Classification,0.05,29,True,1.0,1.0,0.905144827586207,1.0,0.9721925925925926,0.8132,0.2695,0.2538,/work/Agent_benchmark/slide_seek/post_eval/TCGA_LUNG_Classification/ROI/roi_overlap_results.csv,True,True
TCGA-62-A46S-01Z-00-DX1.7A8A6F38-76EA-4F43-BC03-1C42E6787E33,slide_seek,TCGA_LUNG_Classification,0.05,10,True,1.0,1.0,1.0,1.0,1.0,1.0,0.0014,0.0014,/work/Agent_benchmark/slide_seek/post_eval/TCGA_LUNG_Classification/ROI/roi_overlap_results.csv,True,True
TCGA-62-A46U-01Z-00-DX1.5129535F-8B6A-4647-8A88-3EE125642874,slide_seek,TCGA_LUNG_Classification,0.05,3,False,,0.0,0.0,,,0.0,0.0,0.0,/work/Agent_benchmark/slide_seek/post_eval/TCGA_LUNG_Classification/ROI/roi_overlap_results.csv,False,True
TCGA-62-A46V-01Z-00-DX1.631E54D0-9E57-4932-B4EF-81820E56A95B,slide_seek,TCGA_LUNG_Classification,0.05,10,True,1.0,1.0,1.0,1.0,1.0,1.0,0.004,0.004,/work/Agent_benchmark/slide_seek/post_eval/TCGA_LUNG_Classification/ROI/roi_overlap_results.csv,False,True
TCGA-62-A470-01Z-00-DX1.3983A979-E756-413C-941A-C8B83AD3BBA7,slide_seek,TCGA_LUNG_Classification,0.05,6,True,3.0,1.0,0.3333333333333333,1.0,1.0,0.2,0.0003,0.0003,/work/Agent_benchmark/slide_seek/post_eval/TCGA_LUNG_Classification/ROI/roi_overlap_results.csv,True,True
TCGA-62-A471-01Z-00-DX1.51A235BB-7F67-4C0D-8B15-2E26116D8822,slide_seek,TCGA_LUNG_Classification,0.05,8,True,1.0,0.3148,0.0641,0.3148,0.2564,0.3148,0.1483,0.1121,/work/Agent_benchmark/slide_seek/post_eval/TCGA_LUNG_Classification/ROI/roi_overlap_results.csv,False,True
TCGA-62-A472-01Z-00-DX1.C2F76C9A-C51A-4521-9B95-2A20063E9931,slide_seek,TCGA_LUNG_Classification,0.05,5,False,,0.0,0.0,,,0.0,0.0,0.0,/work/Agent_benchmark/slide_seek/post_eval/TCGA_LUNG_Classification/ROI/roi_overlap_results.csv,True,True
TCGA-63-5128-01Z-00-DX1.7D6C6ABF-D035-4F48-811B-629A0B4AD597,slide_seek,TCGA_LUNG_Classification,0.05,47,True,2.0,1.0,0.7446808510638298,1.0,1.0,0.4842,0.0564,0.0532,/work/Agent_benchmark/slide_seek/post_eval/TCGA_LUNG_Classification/ROI/roi_overlap_results.csv,False,True
TCGA-63-5131-01Z-00-DX1.C1C3724A-D9FC-46D6-9D7B-9357A58ACAEF,slide_seek,TCGA_LUNG_Classification,0.05,46,True,1.0,1.0,0.9347826086956522,1.0,1.0,0.7945,0.203,0.1929,/work/Agent_benchmark/slide_seek/post_eval/TCGA_LUNG_Classification/ROI/roi_overlap_results.csv,False,True
TCGA-63-6202-01Z-00-DX1.A0A13923-E41B-4A6D-BC55-532D8E90DE0F,slide_seek,TCGA_LUNG_Classification,0.05,42,True,1.0,1.0,0.35246666666666665,1.0,0.8224222222222223,0.4116,0.1728,0.1386,/work/Agent_benchmark/slide_seek/post_eval/TCGA_LUNG_Classification/ROI/roi_overlap_results.csv,False,True
TCGA-63-7020-01Z-00-DX1.33435AC2-9EBC-422C-89DB-962153E8F3F6,slide_seek,TCGA_LUNG_Classification,0.05,16,True,1.0,1.0,0.97423125,1.0,0.97423125,0.8293,0.4309,0.3958,/work/Agent_benchmark/slide_seek/post_eval/TCGA_LUNG_Classification/ROI/roi_overlap_results.csv,False,True
TCGA-63-7021-01Z-00-DX1.568DD2DB-2196-4817-AA00-8843F9A24A62,slide_seek,TCGA_LUNG_Classification,0.05,22,False,,0.0,0.0,,,0.0,0.0,0.0,/work/Agent_benchmark/slide_seek/post_eval/TCGA_LUNG_Classification/ROI/roi_overlap_results.csv,False,True
TCGA-63-7022-01Z-00-DX1.93EE6221-32E1-4E97-ABDB-E1814B655852,slide_seek,TCGA_LUNG_Classification,0.05,2,True,1.0,1.0,0.5608,1.0,0.5608,0.5608,0.03,0.0294,/work/Agent_benchmark/slide_seek/post_eval/TCGA_LUNG_Classification/ROI/roi_overlap_results.csv,True,True
TCGA-63-7023-01Z-00-DX1.B2435594-037A-40F2-B90F-60B76D2C859D,slide_seek,TCGA_LUNG_Classification,0.05,3,True,2.0,0.6755,0.22516666666666665,0.6755,0.6755,0.3275,0.1288,0.1019,/work/Agent_benchmark/slide_seek/post_eval/TCGA_LUNG_Classification/ROI/roi_overlap_results.csv,True,True
TCGA-63-A5M9-01Z-00-DX1.4E04AC12-6DAC-4DA2-A991-AFCD42FA1CF2,slide_seek,TCGA_LUNG_Classification,0.05,22,True,1.0,1.0,1.0,1.0,1.0,1.0,0.067,0.067,/work/Agent_benchmark/slide_seek/post_eval/TCGA_LUNG_Classification/ROI/roi_overlap_results.csv,True,True
TCGA-63-A5MB-01Z-00-DX1.BA2648E1-4683-4992-A00C-96179C51A002,slide_seek,TCGA_LUNG_Classification,0.05,30,True,1.0,1.0,0.9286,1.0,0.9949285714285715,0.8107,0.0366,0.0363,/work/Agent_benchmark/slide_seek/post_eval/TCGA_LUNG_Classification/ROI/roi_overlap_results.csv,False,True
TCGA-63-A5MG-01Z-00-DX1.EC6B6782-C52F-42B5-AD91-AB718B7EE1A6,slide_seek,TCGA_LUNG_Classification,0.05,16,True,1.0,1.0,1.0,1.0,1.0,1.0,0.0792,0.0792,/work/Agent_benchmark/slide_seek/post_eval/TCGA_LUNG_Classification/ROI/roi_overlap_results.csv,False,True
TCGA-63-A5MH-01Z-00-DX1.596077FF-9CE1-4EA7-9BB6-222C69872CA4,slide_seek,TCGA_LUNG_Classification,0.05,6,True,1.0,1.0,0.8460333333333333,1.0,0.8460333333333333,0.8413,0.4222,0.3911,/work/Agent_benchmark/slide_seek/post_eval/TCGA_LUNG_Classification/ROI/roi_overlap_results.csv,True,True
TCGA-63-A5MI-01Z-00-DX1.D9A91E42-FF46-4A88-90A0-2A0214634EB4,slide_seek,TCGA_LUNG_Classification,0.05,8,True,4.0,1.0,0.625,1.0,1.0,0.1429,0.0508,0.0389,/work/Agent_benchmark/slide_seek/post_eval/TCGA_LUNG_Classification/ROI/roi_overlap_results.csv,False,True
TCGA-63-A5MJ-01Z-00-DX1.4F060025-3A21-4FEB-8A63-F55A95BFBA30,slide_seek,TCGA_LUNG_Classification,0.05,26,True,1.0,1.0,0.19945384615384618,1.0,0.8643000000000001,0.128,0.0623,0.0438,/work/Agent_benchmark/slide_seek/post_eval/TCGA_LUNG_Classification/ROI/roi_overlap_results.csv,True,True
TCGA-63-A5ML-01Z-00-DX1.14703756-F6F7-4EEF-A462-7D40910AE04D,slide_seek,TCGA_LUNG_Classification,0.05,12,True,1.0,1.0,0.97625,1.0,0.97625,0.8961,0.0278,0.0277,/work/Agent_benchmark/slide_seek/post_eval/TCGA_LUNG_Classification/ROI/roi_overlap_results.csv,False,True
TCGA-63-A5MM-01Z-00-DX1.F385687A-3741-4E73-87F1-D9B00B1B6186,slide_seek,TCGA_LUNG_Classification,0.05,13,False,,0.0,0.0,,,0.0,0.0,0.0,/work/Agent_benchmark/slide_seek/post_eval/TCGA_LUNG_Classification/ROI/roi_overlap_results.csv,False,True
TCGA-63-A5MN-01Z-00-DX1.34F9BFA5-847A-456B-8159-7993A0F78543,slide_seek,TCGA_LUNG_Classification,0.05,2,True,1.0,1.0,1.0,1.0,1.0,1.0,0.0104,0.0104,/work/Agent_benchmark/slide_seek/post_eval/TCGA_LUNG_Classification/ROI/roi_overlap_results.csv,False,True
TCGA-63-A5MP-01Z-00-DX1.BBA62567-2E99-4AE4-83DB-DCF044F21C5E,slide_seek,TCGA_LUNG_Classification,0.05,3,True,1.0,0.9716,0.4022666666666666,0.9716,0.4022666666666666,0.4023,0.1081,0.0932,/work/Agent_benchmark/slide_seek/post_eval/TCGA_LUNG_Classification/ROI/roi_overlap_results.csv,True,True
TCGA-63-A5MR-01Z-00-DX1.CCF83112-AEEA-4F76-A43F-2AADE321CE68,slide_seek,TCGA_LUNG_Classification,0.05,21,True,1.0,1.0,1.0,1.0,1.0,1.0,0.1399,0.1399,/work/Agent_benchmark/slide_seek/post_eval/TCGA_LUNG_Classification/ROI/roi_overlap_results.csv,True,True
TCGA-63-A5MS-01Z-00-DX1.F58D7779-B8E0-4086-AF14-256B812F83CE,slide_seek,TCGA_LUNG_Classification,0.05,12,True,1.0,1.0,0.8888583333333333,1.0,0.9661090909090909,0.8434,0.0834,0.0821,/work/Agent_benchmark/slide_seek/post_eval/TCGA_LUNG_Classification/ROI/roi_overlap_results.csv,False,True
TCGA-63-A5MT-01Z-00-DX1.9F168173-804C-49CA-B157-7970CB55ED93,slide_seek,TCGA_LUNG_Classification,0.05,31,True,21.0,1.0,0.07125806451612904,1.0,0.7363333333333334,0.1152,0.0248,0.0208,/work/Agent_benchmark/slide_seek/post_eval/TCGA_LUNG_Classification/ROI/roi_overlap_results.csv,False,True
TCGA-63-A5MU-01Z-00-DX1.C80B700E-D924-4A6F-AC8E-D9C91D452A57,slide_seek,TCGA_LUNG_Classification,0.05,90,True,2.0,1.0,0.06538222222222222,1.0,0.4903666666666668,0.142,0.357,0.1131,/work/Agent_benchmark/slide_seek/post_eval/TCGA_LUNG_Classification/ROI/roi_overlap_results.csv,False,True
TCGA-63-A5MV-01Z-00-DX1.72B97C7E-0AE9-468B-9E85-C98BA40CBBCB,slide_seek,TCGA_LUNG_Classification,0.05,1,True,1.0,1.0,1.0,1.0,1.0,1.0,0.0081,0.0081,/work/Agent_benchmark/slide_seek/post_eval/TCGA_LUNG_Classification/ROI/roi_overlap_results.csv,False,True
TCGA-63-A5MW-01Z-00-DX1.DEDF1D36-BBFA-4B25-BE54-262025F9F571,slide_seek,TCGA_LUNG_Classification,0.05,41,True,2.0,1.0,0.22103658536585366,1.0,0.752625,0.2883,0.0932,0.0758,/work/Agent_benchmark/slide_seek/post_eval/TCGA_LUNG_Classification/ROI/roi_overlap_results.csv,False,True
TCGA-63-A5MY-01Z-00-DX1.D3753889-13DC-40D4-8845-22A168F35256,slide_seek,TCGA_LUNG_Classification,0.05,30,False,,0.0,0.0,,,0.0,0.0,0.0,/work/Agent_benchmark/slide_seek/post_eval/TCGA_LUNG_Classification/ROI/roi_overlap_results.csv,False,True
TCGA-64-1676-01Z-00-DX1.3B8F1FAC-0FB2-45DE-AFA1-6ED451A4A61B,slide_seek,TCGA_LUNG_Classification,0.05,67,True,1.0,1.0,0.6720701492537313,1.0,0.9782369565217393,0.584,0.1389,0.1264,/work/Agent_benchmark/slide_seek/post_eval/TCGA_LUNG_Classification/ROI/roi_overlap_results.csv,False,True
TCGA-64-1677-01Z-00-DX1.7720D42B-1F57-4C23-9BC5-87C456E7737B,slide_seek,TCGA_LUNG_Classification,0.05,21,True,12.0,1.0,0.1712809523809524,1.0,0.896775,0.248,0.0024,0.0024,/work/Agent_benchmark/slide_seek/post_eval/TCGA_LUNG_Classification/ROI/roi_overlap_results.csv,True,True
TCGA-64-1678-01Z-00-DX1.92C851BD-37AC-4C4C-9920-DF394411CC2C,slide_seek,TCGA_LUNG_Classification,0.05,10,True,1.0,1.0,1.0,1.0,1.0,1.0,0.0093,0.0093,/work/Agent_benchmark/slide_seek/post_eval/TCGA_LUNG_Classification/ROI/roi_overlap_results.csv,True,True
TCGA-64-1679-01Z-00-DX1.f9fd24ef-d51c-4530-9fb5-e8a8f09dba73,slide_seek,TCGA_LUNG_Classification,0.05,3,True,1.0,1.0,0.6666666666666666,1.0,1.0,0.6667,0.0391,0.0383,/work/Agent_benchmark/slide_seek/post_eval/TCGA_LUNG_Classification/ROI/roi_overlap_results.csv,False,True
TCGA-64-1680-01Z-00-DX1.9CB14F20-E7B0-49A1-A327-404B3160FD65,slide_seek,TCGA_LUNG_Classification,0.05,7,True,1.0,1.0,1.0,1.0,1.0,1.0,0.0097,0.0097,/work/Agent_benchmark/slide_seek/post_eval/TCGA_LUNG_Classification/ROI/roi_overlap_results.csv,True,True
TCGA-64-1681-01Z-00-DX1.fb0244f6-51a8-4da2-b45c-38d8e02edab7,slide_seek,TCGA_LUNG_Classification,0.05,5,True,1.0,1.0,1.0,1.0,1.0,1.0,0.0053,0.0053,/work/Agent_benchmark/slide_seek/post_eval/TCGA_LUNG_Classification/ROI/roi_overlap_results.csv,True,True
TCGA-64-5774-01Z-00-DX1.5E3B95EB-BF45-4687-BCF7-AA2A41AA806C,slide_seek,TCGA_LUNG_Classification,0.05,75,True,10.0,1.0,0.8666666666666667,1.0,1.0,0.8852,0.0181,0.0181,/work/Agent_benchmark/slide_seek/post_eval/TCGA_LUNG_Classification/ROI/roi_overlap_results.csv,False,True
TCGA-64-5775-01Z-00-DX1.9A338C1A-CDB6-41AF-B6D5-EDE608B5E3E1,slide_seek,TCGA_LUNG_Classification,0.05,6,True,1.0,1.0,0.7383333333333333,1.0,0.88526,0.686,0.0342,0.0337,/work/Agent_benchmark/slide_seek/post_eval/TCGA_LUNG_Classification/ROI/roi_overlap_results.csv,True,True
TCGA-64-5778-01Z-00-DX1.96C39819-8A65-4651-BE83-39959F6FAD05,slide_seek,TCGA_LUNG_Classification,0.05,7,True,1.0,1.0,1.0,1.0,1.0,1.0,0.0027,0.0027,/work/Agent_benchmark/slide_seek/post_eval/TCGA_LUNG_Classification/ROI/roi_overlap_results.csv,True,True
TCGA-64-5779-01Z-00-DX1.B3268447-DCE0-4927-B5A9-EC4D61E9B17D,slide_seek,TCGA_LUNG_Classification,0.05,39,True,1.0,1.0,0.9487179487179487,1.0,1.0,0.8982,0.0045,0.0045,/work/Agent_benchmark/slide_seek/post_eval/TCGA_LUNG_Classification/ROI/roi_overlap_results.csv,True,True
TCGA-64-5781-01Z-00-DX1.81474D4D-6B48-473F-BAA9-ABD75C9223C3,slide_seek,TCGA_LUNG_Classification,0.05,19,True,1.0,1.0,1.0,1.0,1.0,1.0,0.0082,0.0082,/work/Agent_benchmark/slide_seek/post_eval/TCGA_LUNG_Classification/ROI/roi_overlap_results.csv,True,True
TCGA-64-5815-01Z-00-DX1.1E3600B5-7E83-47BE-AC70-E0C2D623740B,slide_seek,TCGA_LUNG_Classification,0.05,29,True,1.0,1.0,0.2413793103448276,1.0,1.0,0.2437,0.0041,0.004,/work/Agent_benchmark/slide_seek/post_eval/TCGA_LUNG_Classification/ROI/roi_overlap_results.csv,False,True
TCGA-66-2727-01Z-00-DX1.cab55166-3a9a-4f2e-9f7a-33859ab32d12,slide_seek,TCGA_LUNG_Classification,0.05,40,True,1.0,1.0,0.28568,1.0,0.8162285714285714,0.3645,0.0106,0.0105,/work/Agent_benchmark/slide_seek/post_eval/TCGA_LUNG_Classification/ROI/roi_overlap_results.csv,False,True
TCGA-66-2734-01Z-00-DX1.2c23bc49-e2be-480a-b6a8-d3259a584930,slide_seek,TCGA_LUNG_Classification,0.05,14,True,1.0,1.0,1.0,1.0,1.0,1.0,0.0035,0.0035,/work/Agent_benchmark/slide_seek/post_eval/TCGA_LUNG_Classification/ROI/roi_overlap_results.csv,False,True
TCGA-66-2737-01Z-00-DX1.3c508c22-fadc-4b05-ada4-b447b21e098c,slide_seek,TCGA_LUNG_Classification,0.05,5,True,1.0,0.7918,0.46591999999999995,0.7918,0.46591999999999995,0.5471,0.0088,0.0087,/work/Agent_benchmark/slide_seek/post_eval/TCGA_LUNG_Classification/ROI/roi_overlap_results.csv,False,True
TCGA-66-2742-01Z-00-DX1.8fdd6990-a08c-457b-80e4-586c619a784e,slide_seek,TCGA_LUNG_Classification,0.05,31,True,2.0,1.0,0.48300967741935485,1.0,0.933975,0.3493,0.0218,0.0209,/work/Agent_benchmark/slide_seek/post_eval/TCGA_LUNG_Classification/ROI/roi_overlap_results.csv,False,True
TCGA-66-2744-01Z-00-DX1.e67796a0-fc9e-4137-8cbf-fae91ea90a7c,slide_seek,TCGA_LUNG_Classification,0.05,65,True,2.0,1.0,0.8929892307692308,1.0,0.9835627118644068,0.4467,0.0244,0.0237,/work/Agent_benchmark/slide_seek/post_eval/TCGA_LUNG_Classification/ROI/roi_overlap_results.csv,True,True
TCGA-66-2753-01Z-00-DX1.ae9d8372-adb8-46f9-a140-2f0a1ddff579,slide_seek,TCGA_LUNG_Classification,0.05,72,True,1.0,1.0,0.8000611111111111,1.0,0.9931793103448275,0.7484,0.0403,0.0398,/work/Agent_benchmark/slide_seek/post_eval/TCGA_LUNG_Classification/ROI/roi_overlap_results.csv,False,True
TCGA-66-2754-01Z-00-DX1.3cd19122-06f3-420e-9c3f-362225ff49eb,slide_seek,TCGA_LUNG_Classification,0.05,11,True,1.0,1.0,0.7421454545454546,1.0,0.9017777777777778,0.7032,0.156,0.1463,/work/Agent_benchmark/slide_seek/post_eval/TCGA_LUNG_Classification/ROI/roi_overlap_results.csv,False,True
TCGA-66-2755-01Z-00-DX1.ccc904f0-4cd3-44a5-8b68-7272f2a7558f,slide_seek,TCGA_LUNG_Classification,0.05,12,True,1.0,1.0,0.8547666666666668,1.0,0.8547666666666668,0.8548,0.105,0.1031,/work/Agent_benchmark/slide_seek/post_eval/TCGA_LUNG_Classification/ROI/roi_overlap_results.csv,True,True
TCGA-66-2756-01Z-00-DX1.e6bda67d-2647-4751-9c16-b711933a1d6c,slide_seek,TCGA_LUNG_Classification,0.05,17,True,1.0,1.0,0.5695705882352942,1.0,0.8068916666666667,0.5399,0.063,0.0598,/work/Agent_benchmark/slide_seek/post_eval/TCGA_LUNG_Classification/ROI/roi_overlap_results.csv,False,True
TCGA-66-2757-01Z-00-DX1.fa182184-fbf1-46ab-bdae-6f383441fd85,slide_seek,TCGA_LUNG_Classification,0.05,29,True,1.0,1.0,0.9024655172413792,1.0,0.9024655172413792,0.8132,0.182,0.1746,/work/Agent_benchmark/slide_seek/post_eval/TCGA_LUNG_Classification/ROI/roi_overlap_results.csv,False,True
TCGA-66-2758-01Z-00-DX1.23611c66-bd21-47d1-abb0-2f3da38c377f,slide_seek,TCGA_LUNG_Classification,0.05,27,True,3.0,1.0,0.31996296296296295,1.0,0.716775,0.1797,0.0309,0.0271,/work/Agent_benchmark/slide_seek/post_eval/TCGA_LUNG_Classification/ROI/roi_overlap_results.csv,False,True
TCGA-66-2759-01Z-00-DX1.10135ce3-22d5-4802-907d-057fe54f5554,slide_seek,TCGA_LUNG_Classification,0.05,5,True,1.0,1.0,0.8,1.0,1.0,0.8,0.0024,0.0024,/work/Agent_benchmark/slide_seek/post_eval/TCGA_LUNG_Classification/ROI/roi_overlap_results.csv,False,True
TCGA-66-2763-01Z-00-DX1.99bc6dec-4e57-45bb-8d94-4dc38657d852,slide_seek,TCGA_LUNG_Classification,0.05,1,True,1.0,0.3458,0.3458,0.3458,0.3458,0.3458,0.0044,0.0043,/work/Agent_benchmark/slide_seek/post_eval/TCGA_LUNG_Classification/ROI/roi_overlap_results.csv,True,True
TCGA-66-2765-01Z-00-DX1.c9d8b0f7-b2c8-45ea-8bd1-81e231fd6e91,slide_seek,TCGA_LUNG_Classification,0.05,12,True,1.0,1.0,1.0,1.0,1.0,1.0,0.0083,0.0083,/work/Agent_benchmark/slide_seek/post_eval/TCGA_LUNG_Classification/ROI/roi_overlap_results.csv,False,True
TCGA-66-2766-01Z-00-DX1.05729d5f-7c12-44e1-9a61-90296f555e89,slide_seek,TCGA_LUNG_Classification,0.05,12,True,1.0,1.0,1.0,1.0,1.0,1.0,0.008,0.008,/work/Agent_benchmark/slide_seek/post_eval/TCGA_LUNG_Classification/ROI/roi_overlap_results.csv,False,True
TCGA-66-2767-01Z-00-DX1.7bcc7633-3e70-46e3-8689-542c23577ed1,slide_seek,TCGA_LUNG_Classification,0.05,76,True,1.0,1.0,0.9404750000000001,1.0,0.9791246575342466,0.7197,0.0202,0.02,/work/Agent_benchmark/slide_seek/post_eval/TCGA_LUNG_Classification/ROI/roi_overlap_results.csv,False,True
TCGA-66-2768-01Z-00-DX1.02fadcc4-9d05-4b37-9114-d8e80c09ef1a,slide_seek,TCGA_LUNG_Classification,0.05,13,True,2.0,1.0,0.3619538461538462,1.0,0.7842333333333333,0.362,0.1211,0.0998,/work/Agent_benchmark/slide_seek/post_eval/TCGA_LUNG_Classification/ROI/roi_overlap_results.csv,True,True
TCGA-66-2769-01Z-00-DX1.101b6493-a7b3-42cf-ae2f-a90948f3fb8f,slide_seek,TCGA_LUNG_Classification,0.05,15,True,2.0,1.0,0.4474666666666666,1.0,0.6709499999999999,0.3923,0.048,0.0447,/work/Agent_benchmark/slide_seek/post_eval/TCGA_LUNG_Classification/ROI/roi_overlap_results.csv,False,True
TCGA-66-2770-01Z-00-DX1.c11eb894-06a2-4bd0-92da-70fe024b07f1,slide_seek,TCGA_LUNG_Classification,0.05,7,True,1.0,1.0,1.0,1.0,1.0,1.0,0.0346,0.0346,/work/Agent_benchmark/slide_seek/post_eval/TCGA_LUNG_Classification/ROI/roi_overlap_results.csv,True,True
TCGA-66-2770-01Z-00-DX2.58f25170-ac3a-471a-80a0-0586f2ae1669,slide_seek,TCGA_LUNG_Classification,0.05,4,True,1.0,1.0,1.0,1.0,1.0,1.0,0.0039,0.0039,/work/Agent_benchmark/slide_seek/post_eval/TCGA_LUNG_Classification/ROI/roi_overlap_results.csv,False,True
TCGA-66-2771-01Z-00-DX1.b84a28ec-2726-4386-9445-0f5ca351d985,slide_seek,TCGA_LUNG_Classification,0.05,7,True,2.0,1.0,0.7277571428571429,1.0,0.8483,0.6857,0.0534,0.0521,/work/Agent_benchmark/slide_seek/post_eval/TCGA_LUNG_Classification/ROI/roi_overlap_results.csv,False,True
TCGA-66-2773-01Z-00-DX1.70fe76fc-749d-4720-a97e-40cd097f2340,slide_seek,TCGA_LUNG_Classification,0.05,40,False,,0.0,0.0,,,0.0,0.0,0.0,/work/Agent_benchmark/slide_seek/post_eval/TCGA_LUNG_Classification/ROI/roi_overlap_results.csv,False,True
TCGA-66-2777-01Z-00-DX1.78b3c4b0-e7e5-427b-b4d7-3ca9c5b7bbd6,slide_seek,TCGA_LUNG_Classification,0.05,20,True,7.0,1.0,0.199685,1.0,0.998425,0.2274,0.0053,0.0052,/work/Agent_benchmark/slide_seek/post_eval/TCGA_LUNG_Classification/ROI/roi_overlap_results.csv,False,True
TCGA-66-2778-01Z-00-DX1.5806ab4d-fdde-45b6-a131-fd5f71bcde0b,slide_seek,TCGA_LUNG_Classification,0.05,62,True,1.0,1.0,0.7951725806451613,1.0,0.9666803921568627,0.8267,0.0206,0.0205,/work/Agent_benchmark/slide_seek/post_eval/TCGA_LUNG_Classification/ROI/roi_overlap_results.csv,False,True
TCGA-66-2780-01Z-00-DX1.895b75f9-6127-49f9-8106-0161b5de18ec,slide_seek,TCGA_LUNG_Classification,0.05,12,True,1.0,1.0,0.99765,1.0,0.99765,0.9959,0.0091,0.0091,/work/Agent_benchmark/slide_seek/post_eval/TCGA_LUNG_Classification/ROI/roi_overlap_results.csv,False,True
TCGA-66-2781-01Z-00-DX1.ed9ff5b7-7c66-4bf7-bfb5-ca48b9e1a54e,slide_seek,TCGA_LUNG_Classification,0.05,32,True,1.0,1.0,0.65625,1.0,1.0,0.2522,0.0792,0.0642,/work/Agent_benchmark/slide_seek/post_eval/TCGA_LUNG_Classification/ROI/roi_overlap_results.csv,False,True
TCGA-66-2783-01Z-00-DX1.34df2ea9-f8d8-448e-bd54-02364f434355,slide_seek,TCGA_LUNG_Classification,0.05,38,True,26.0,0.1543,0.004060526315789474,0.1543,0.1543,0.006,0.0003,0.0003,/work/Agent_benchmark/slide_seek/post_eval/TCGA_LUNG_Classification/ROI/roi_overlap_results.csv,False,True
TCGA-66-2785-01Z-00-DX1.b9439ee1-d22b-4ccd-b53b-ce7717a37a17,slide_seek,TCGA_LUNG_Classification,0.05,4,True,1.0,0.2424,0.12052500000000001,0.2424,0.14886666666666667,0.1082,0.2204,0.0783,/work/Agent_benchmark/slide_seek/post_eval/TCGA_LUNG_Classification/ROI/roi_overlap_results.csv,True,True
TCGA-66-2786-01Z-00-DX1.5fd5c25f-cb17-4650-b59e-122c6ddafe86,slide_seek,TCGA_LUNG_Classification,0.05,3,True,2.0,1.0,0.35336666666666666,1.0,0.53005,0.0594,0.0055,0.0051,/work/Agent_benchmark/slide_seek/post_eval/TCGA_LUNG_Classification/ROI/roi_overlap_results.csv,False,True
TCGA-67-3770-01Z-00-DX1.4C14BE72-905C-4AAE-B07A-6437D98A23FA,slide_seek,TCGA_LUNG_Classification,0.05,13,True,8.0,1.0,0.15470769230769232,1.0,0.98465,0.1589,0.0015,0.0015,/work/Agent_benchmark/slide_seek/post_eval/TCGA_LUNG_Classification/ROI/roi_overlap_results.csv,False,True
TCGA-67-3771-01Z-00-DX1.7B54D132-6AB7-4F2D-8BFF-33AFE83CF204,slide_seek,TCGA_LUNG_Classification,0.05,19,True,8.0,1.0,0.059478947368421055,1.0,0.56505,0.0616,0.0012,0.0012,/work/Agent_benchmark/slide_seek/post_eval/TCGA_LUNG_Classification/ROI/roi_overlap_results.csv,False,True
TCGA-67-3772-01Z-00-DX1.CB05C5CC-2801-4BB9-94A0-83E9005BCA2E,slide_seek,TCGA_LUNG_Classification,0.05,8,False,,0.0,0.0,,,0.0,0.0,0.0,/work/Agent_benchmark/slide_seek/post_eval/TCGA_LUNG_Classification/ROI/roi_overlap_results.csv,False,True
TCGA-67-3773-01Z-00-DX1.3E9DFC22-E962-4C18-BF5B-27EBEA089F5D,slide_seek,TCGA_LUNG_Classification,0.05,35,True,5.0,1.0,0.24090285714285714,1.0,0.8431599999999999,0.2183,0.0104,0.01,/work/Agent_benchmark/slide_seek/post_eval/TCGA_LUNG_Classification/ROI/roi_overlap_results.csv,False,True
TCGA-67-3774-01Z-00-DX1.FE85FDCB-91D2-47C5-8D13-D622A51A7BE0,slide_seek,TCGA_LUNG_Classification,0.05,8,True,1.0,1.0,0.8510625,1.0,0.8510625,0.8494,0.1712,0.1661,/work/Agent_benchmark/slide_seek/post_eval/TCGA_LUNG_Classification/ROI/roi_overlap_results.csv,False,True
TCGA-67-4679-01Z-00-DX1.a3d84341-fed7-4235-a053-638ed5294954,slide_seek,TCGA_LUNG_Classification,0.05,4,False,,0.0,0.0,,,0.0,0.0,0.0,/work/Agent_benchmark/slide_seek/post_eval/TCGA_LUNG_Classification/ROI/roi_overlap_results.csv,False,True
TCGA-67-6215-01Z-00-DX1.c014ffaf-6db8-42ef-a50c-9de98d6a5345,slide_seek,TCGA_LUNG_Classification,0.05,62,True,1.0,1.0,0.4239032258064516,1.0,0.9380892857142857,0.2729,0.0933,0.0747,/work/Agent_benchmark/slide_seek/post_eval/TCGA_LUNG_Classification/ROI/roi_overlap_results.csv,False,True
TCGA-67-6216-01Z-00-DX1.04da6a64-bd3a-48ed-bc99-d651e00a1aa4,slide_seek,TCGA_LUNG_Classification,0.05,23,False,,0.0,0.0,,,0.0,0.0,0.0,/work/Agent_benchmark/slide_seek/post_eval/TCGA_LUNG_Classification/ROI/roi_overlap_results.csv,False,True
TCGA-67-6217-01Z-00-DX1.3fa5c69b-60d1-41fb-a86f-48f77d81285f,slide_seek,TCGA_LUNG_Classification,0.05,4,False,,0.0,0.0,,,0.0,0.0,0.0,/work/Agent_benchmark/slide_seek/post_eval/TCGA_LUNG_Classification/ROI/roi_overlap_results.csv,True,True
TCGA-69-7760-01Z-00-DX1.7fc295e3-5bfc-4017-801c-491489d0eb34,slide_seek,TCGA_LUNG_Classification,0.05,4,True,1.0,1.0,1.0,1.0,1.0,1.0,0.0009,0.0009,/work/Agent_benchmark/slide_seek/post_eval/TCGA_LUNG_Classification/ROI/roi_overlap_results.csv,True,True
TCGA-69-7761-01Z-00-DX1.aa7ef5ef-8162-4961-a923-3a29646efba3,slide_seek,TCGA_LUNG_Classification,0.05,4,False,,0.0,0.0,,,0.0,0.0,0.0,/work/Agent_benchmark/slide_seek/post_eval/TCGA_LUNG_Classification/ROI/roi_overlap_results.csv,True,True
TCGA-69-7763-01Z-00-DX1.33203e8a-43e9-4e3e-98ba-1ac08b80a44f,slide_seek,TCGA_LUNG_Classification,0.05,8,True,2.0,1.0,0.75,1.0,1.0,0.6643,0.0039,0.0039,/work/Agent_benchmark/slide_seek/post_eval/TCGA_LUNG_Classification/ROI/roi_overlap_results.csv,True,True
TCGA-69-7764-01Z-00-DX1.be9fec48-68eb-4c27-a028-5315d7e368e0,slide_seek,TCGA_LUNG_Classification,0.05,21,False,,0.0,0.0,,,0.0,0.0,0.0,/work/Agent_benchmark/slide_seek/post_eval/TCGA_LUNG_Classification/ROI/roi_overlap_results.csv,True,True
TCGA-69-7765-01Z-00-DX1.ac389366-febb-488c-9190-fe00bc07cd20,slide_seek,TCGA_LUNG_Classification,0.05,23,True,10.0,1.0,0.5340565217391304,1.0,0.9448692307692308,0.5393,0.0116,0.0115,/work/Agent_benchmark/slide_seek/post_eval/TCGA_LUNG_Classification/ROI/roi_overlap_results.csv,False,True
TCGA-69-7973-01Z-00-DX1.aefb015a-cb51-425f-a80f-cd51091a0ee3,slide_seek,TCGA_LUNG_Classification,0.05,1,True,1.0,1.0,1.0,1.0,1.0,1.0,0.0006,0.0006,/work/Agent_benchmark/slide_seek/post_eval/TCGA_LUNG_Classification/ROI/roi_overlap_results.csv,True,True
TCGA-69-7974-01Z-00-DX1.e4282067-fc3d-4fee-bae7-fe99000979d4,slide_seek,TCGA_LUNG_Classification,0.05,19,True,1.0,1.0,0.8617473684210527,1.0,0.9631294117647059,0.5761,0.0304,0.0297,/work/Agent_benchmark/slide_seek/post_eval/TCGA_LUNG_Classification/ROI/roi_overlap_results.csv,False,True
TCGA-69-7978-01Z-00-DX1.90a2bf2f-18e2-4bfe-b858-d2de619e2493,slide_seek,TCGA_LUNG_Classification,0.05,8,False,,0.0,0.0,,,0.0,0.0,0.0,/work/Agent_benchmark/slide_seek/post_eval/TCGA_LUNG_Classification/ROI/roi_overlap_results.csv,False,True
TCGA-69-7979-01Z-00-DX1.c9bc265d-4889-4333-9852-b8b535887f1e,slide_seek,TCGA_LUNG_Classification,0.05,6,True,3.0,1.0,0.42921666666666664,1.0,0.8581333333333333,0.5151,0.014,0.0138,/work/Agent_benchmark/slide_seek/post_eval/TCGA_LUNG_Classification/ROI/roi_overlap_results.csv,False,True
TCGA-69-7980-01Z-00-DX1.8bbf8cc0-eca7-49e5-a022-c22e3e6ed6dc,slide_seek,TCGA_LUNG_Classification,0.05,20,True,13.0,1.0,0.22203,1.0,0.88812,0.3529,0.0012,0.0012,/work/Agent_benchmark/slide_seek/post_eval/TCGA_LUNG_Classification/ROI/roi_overlap_results.csv,False,True
TCGA-69-8253-01Z-00-DX1.631c741f-46bd-4d4b-8f6c-64787fb4c402,slide_seek,TCGA_LUNG_Classification,0.05,12,True,1.0,1.0,1.0,1.0,1.0,1.0,0.0024,0.0024,/work/Agent_benchmark/slide_seek/post_eval/TCGA_LUNG_Classification/ROI/roi_overlap_results.csv,True,True
TCGA-69-8254-01Z-00-DX1.83a81d08-8c70-4f07-b4da-cbd17c4fe4d4,slide_seek,TCGA_LUNG_Classification,0.05,13,True,1.0,1.0,0.6923076923076923,1.0,1.0,0.6282,0.0022,0.0022,/work/Agent_benchmark/slide_seek/post_eval/TCGA_LUNG_Classification/ROI/roi_overlap_results.csv,True,True
TCGA-69-8255-01Z-00-DX1.75d1666c-c088-405c-80da-52d84b990361,slide_seek,TCGA_LUNG_Classification,0.05,26,False,,0.0256,0.0019230769230769232,,,0.0048,0.0008,0.0007,/work/Agent_benchmark/slide_seek/post_eval/TCGA_LUNG_Classification/ROI/roi_overlap_results.csv,False,True
TCGA-69-8453-01Z-00-DX1.C472096B-95BA-42CD-ADEB-326C38F9DC95,slide_seek,TCGA_LUNG_Classification,0.05,26,True,3.0,1.0,0.34615384615384615,1.0,1.0,0.2963,0.0028,0.0028,/work/Agent_benchmark/slide_seek/post_eval/TCGA_LUNG_Classification/ROI/roi_overlap_results.csv,False,True
TCGA-69-A59K-01Z-00-DX1.01EAF520-9AC1-4ECC-8EF3-B9122924A1E3,slide_seek,TCGA_LUNG_Classification,0.05,24,True,1.0,1.0,1.0,1.0,1.0,1.0,0.0047,0.0047,/work/Agent_benchmark/slide_seek/post_eval/TCGA_LUNG_Classification/ROI/roi_overlap_results.csv,False,True
TCGA-71-6725-01Z-00-DX1.b9e1d4aa-439d-481f-b24b-134c4e470f28,slide_seek,TCGA_LUNG_Classification,0.05,31,True,1.0,1.0,0.7652935483870967,1.0,0.9885041666666666,0.491,0.0017,0.0017,/work/Agent_benchmark/slide_seek/post_eval/TCGA_LUNG_Classification/ROI/roi_overlap_results.csv,True,True
TCGA-71-8520-01Z-00-DX1.EAE99132-A397-4B4D-8B09-CBB774A7B62F,slide_seek,TCGA_LUNG_Classification,0.05,17,True,1.0,1.0,0.5882352941176471,1.0,1.0,0.5834,0.0027,0.0027,/work/Agent_benchmark/slide_seek/post_eval/TCGA_LUNG_Classification/ROI/roi_overlap_results.csv,True,True
TCGA-73-4658-01Z-00-DX1.d5beb44f-9d76-485a-8af4-407b0f1a610e,slide_seek,TCGA_LUNG_Classification,0.05,13,False,,0.0,0.0,,,0.0,0.0,0.0,/work/Agent_benchmark/slide_seek/post_eval/TCGA_LUNG_Classification/ROI/roi_overlap_results.csv,True,True
TCGA-73-4659-01Z-00-DX1.578400cd-d284-451b-8fdf-9f82c1458276,slide_seek,TCGA_LUNG_Classification,0.05,25,False,,0.0,0.0,,,0.0,0.0,0.0,/work/Agent_benchmark/slide_seek/post_eval/TCGA_LUNG_Classification/ROI/roi_overlap_results.csv,False,True
TCGA-73-4662-01Z-00-DX1.76e23a15-0917-44ad-9181-50100d318003,slide_seek,TCGA_LUNG_Classification,0.05,11,False,,0.0,0.0,,,0.0,0.0,0.0,/work/Agent_benchmark/slide_seek/post_eval/TCGA_LUNG_Classification/ROI/roi_overlap_results.csv,True,True
TCGA-73-4666-01Z-00-DX1.dd9c8922-ddd1-4674-8124-9e334532e47e,slide_seek,TCGA_LUNG_Classification,0.05,73,True,1.0,1.0,0.7867410958904111,1.0,0.973171186440678,0.5569,0.0725,0.0685,/work/Agent_benchmark/slide_seek/post_eval/TCGA_LUNG_Classification/ROI/roi_overlap_results.csv,False,True
TCGA-73-4668-01Z-00-DX1.3470b27e-210f-4ff3-9dde-69aa85faa9ee,slide_seek,TCGA_LUNG_Classification,0.05,33,True,3.0,1.0,0.7878787878787878,1.0,1.0,0.7681,0.0125,0.0125,/work/Agent_benchmark/slide_seek/post_eval/TCGA_LUNG_Classification/ROI/roi_overlap_results.csv,True,True
TCGA-73-4670-01Z-00-DX1.a92a23d5-01aa-45a2-9f83-4784cd65fd58,slide_seek,TCGA_LUNG_Classification,0.05,12,False,,0.0,0.0,,,0.0,0.0,0.0,/work/Agent_benchmark/slide_seek/post_eval/TCGA_LUNG_Classification/ROI/roi_overlap_results.csv,False,True
TCGA-73-4675-01Z-00-DX1.1027587f-8ec4-4b8c-8768-ff7b669683e0,slide_seek,TCGA_LUNG_Classification,0.05,10,True,1.0,1.0,1.0,1.0,1.0,1.0,0.0011,0.0011,/work/Agent_benchmark/slide_seek/post_eval/TCGA_LUNG_Classification/ROI/roi_overlap_results.csv,False,True
TCGA-73-4676-01Z-00-DX1.4d781bbc-a45e-4f9d-b6b6-2265282dff99,slide_seek,TCGA_LUNG_Classification,0.05,25,False,,0.0,0.0,,,0.0,0.0,0.0,/work/Agent_benchmark/slide_seek/post_eval/TCGA_LUNG_Classification/ROI/roi_overlap_results.csv,False,True
TCGA-73-4677-01Z-00-DX1.b557785c-9ccc-42a7-bb54-7bb47638ddfc,slide_seek,TCGA_LUNG_Classification,0.05,11,True,1.0,1.0,0.45454545454545453,1.0,1.0,0.6172,0.0162,0.0161,/work/Agent_benchmark/slide_seek/post_eval/TCGA_LUNG_Classification/ROI/roi_overlap_results.csv,True,True
TCGA-73-7498-01Z-00-DX1.5313bba9-7f6a-49b4-8d6e-a0f46a04f189,slide_seek,TCGA_LUNG_Classification,0.05,36,True,2.0,1.0,0.682025,1.0,0.9443423076923078,0.1281,0.3253,0.1012,/work/Agent_benchmark/slide_seek/post_eval/TCGA_LUNG_Classification/ROI/roi_overlap_results.csv,True,True
TCGA-73-7499-01Z-00-DX1.81f5c1c1-3d40-4773-a1fb-e1f8eb9f6730,slide_seek,TCGA_LUNG_Classification,0.05,100,True,1.0,1.0,0.20556600000000003,1.0,0.7889346153846155,0.1392,0.0103,0.0097,/work/Agent_benchmark/slide_seek/post_eval/TCGA_LUNG_Classification/ROI/roi_overlap_results.csv,False,True
TCGA-73-A9RS-01Z-00-DX1.EDCEFE41-61E2-48C9-B8D5-28B55372E0CA,slide_seek,TCGA_LUNG_Classification,0.05,59,True,3.0,1.0,0.5763525423728814,1.0,1.0,0.5523,0.0057,0.0057,/work/Agent_benchmark/slide_seek/post_eval/TCGA_LUNG_Classification/ROI/roi_overlap_results.csv,False,True
TCGA-75-5122-01Z-00-DX1.627FD712-3881-44CC-83E0-6C4DFC6C88C1,slide_seek,TCGA_LUNG_Classification,0.05,30,False,,0.0,0.0,,,0.0,0.0,0.0,/work/Agent_benchmark/slide_seek/post_eval/TCGA_LUNG_Classification/ROI/roi_overlap_results.csv,False,True
TCGA-75-5125-01Z-00-DX1.2E419CAF-E248-4959-951E-498D8054433E,slide_seek,TCGA_LUNG_Classification,0.05,22,True,1.0,1.0,1.0,1.0,1.0,1.0,0.0141,0.0141,/work/Agent_benchmark/slide_seek/post_eval/TCGA_LUNG_Classification/ROI/roi_overlap_results.csv,True,True
TCGA-75-5126-01Z-00-DX1.164887F4-9986-415F-A94A-E40E92D80DA3,slide_seek,TCGA_LUNG_Classification,0.05,18,False,,0.0,0.0,,,0.0,0.0,0.0,/work/Agent_benchmark/slide_seek/post_eval/TCGA_LUNG_Classification/ROI/roi_overlap_results.csv,False,True
TCGA-75-5146-01Z-00-DX1.4958A631-7E6F-4FBB-A1C3-B8F8368D46C5,slide_seek,TCGA_LUNG_Classification,0.05,5,True,1.0,1.0,1.0,1.0,1.0,1.0,0.0738,0.0738,/work/Agent_benchmark/slide_seek/post_eval/TCGA_LUNG_Classification/ROI/roi_overlap_results.csv,False,True
TCGA-75-5147-01Z-00-DX1.3156FA5C-9737-4EAA-989C-FD578FBF15A1,slide_seek,TCGA_LUNG_Classification,0.05,12,True,1.0,1.0,0.42284999999999995,1.0,0.629025,0.4188,0.0874,0.078,/work/Agent_benchmark/slide_seek/post_eval/TCGA_LUNG_Classification/ROI/roi_overlap_results.csv,True,True
TCGA-75-6203-01Z-00-DX1.9796ACAB-9E1A-4BC5-B80C-4EC856FA14B7,slide_seek,TCGA_LUNG_Classification,0.05,6,False,,0.0,0.0,,,0.0,0.0,0.0,/work/Agent_benchmark/slide_seek/post_eval/TCGA_LUNG_Classification/ROI/roi_overlap_results.csv,True,True
TCGA-75-6205-01Z-00-DX1.B75BC6BA-5196-4F62-BDA2-3F1D320ABD7C,slide_seek,TCGA_LUNG_Classification,0.05,8,False,,0.0,0.0,,,0.0,0.0,0.0,/work/Agent_benchmark/slide_seek/post_eval/TCGA_LUNG_Classification/ROI/roi_overlap_results.csv,False,True
TCGA-75-6206-01Z-00-DX1.63230D94-7015-4247-936D-E7ACD6692AB3,slide_seek,TCGA_LUNG_Classification,0.05,6,True,1.0,0.8426,0.37546666666666667,0.8426,0.5632,0.3755,0.0649,0.0585,/work/Agent_benchmark/slide_seek/post_eval/TCGA_LUNG_Classification/ROI/roi_overlap_results.csv,True,True
TCGA-75-6207-01Z-00-DX1.837B7B0F-424C-423B-9045-A905E7C1C54C,slide_seek,TCGA_LUNG_Classification,0.05,19,True,1.0,1.0,0.46966315789473684,1.0,0.89076,0.4054,0.1078,0.093,/work/Agent_benchmark/slide_seek/post_eval/TCGA_LUNG_Classification/ROI/roi_overlap_results.csv,True,True
TCGA-75-6211-01Z-00-DX1.3E7B5948-521E-48EE-9204-80F5713ECD25,slide_seek,TCGA_LUNG_Classification,0.05,45,True,12.0,0.4185,0.02349111111111111,0.4185,0.35236666666666666,0.0192,0.0417,0.0133,/work/Agent_benchmark/slide_seek/post_eval/TCGA_LUNG_Classification/ROI/roi_overlap_results.csv,False,True
TCGA-75-6212-01Z-00-DX1.FCB36956-DF6C-485D-8E7A-922A2BDAE669,slide_seek,TCGA_LUNG_Classification,0.05,4,True,1.0,1.0,1.0,1.0,1.0,1.0,0.0186,0.0186,/work/Agent_benchmark/slide_seek/post_eval/TCGA_LUNG_Classification/ROI/roi_overlap_results.csv,True,True
TCGA-75-6214-01Z-00-DX1.00424C13-65B8-4872-81EB-EE207AB3F78C,slide_seek,TCGA_LUNG_Classification,0.05,5,True,1.0,1.0,0.6,1.0,1.0,0.6,0.0296,0.029,/work/Agent_benchmark/slide_seek/post_eval/TCGA_LUNG_Classification/ROI/roi_overlap_results.csv,True,True
TCGA-75-7025-01Z-00-DX1.284477D7-4F47-4084-A15C-0A7E9571E3DF,slide_seek,TCGA_LUNG_Classification,0.05,25,True,1.0,1.0,0.8097200000000001,1.0,0.8097200000000001,0.6603,0.2046,0.1851,/work/Agent_benchmark/slide_seek/post_eval/TCGA_LUNG_Classification/ROI/roi_overlap_results.csv,False,True
TCGA-75-7027-01Z-00-DX1.AC91B34F-DF67-4F95-B145-079A71A54E83,slide_seek,TCGA_LUNG_Classification,0.05,35,True,1.0,1.0,0.8976999999999999,1.0,0.9241029411764705,0.84,0.1884,0.1818,/work/Agent_benchmark/slide_seek/post_eval/TCGA_LUNG_Classification/ROI/roi_overlap_results.csv,False,True
TCGA-75-7030-01Z-00-DX1.5DDF24B5-00D1-4418-A067-A9B609E15314,slide_seek,TCGA_LUNG_Classification,0.05,31,True,17.0,1.0,0.13147419354838707,1.0,0.8151399999999999,0.1915,0.0234,0.0213,/work/Agent_benchmark/slide_seek/post_eval/TCGA_LUNG_Classification/ROI/roi_overlap_results.csv,True,True
TCGA-75-7031-01Z-00-DX1.B058D81B-E869-4AEA-8CAC-4B6264FB86A8,slide_seek,TCGA_LUNG_Classification,0.05,28,True,1.0,1.0,0.1904142857142857,1.0,0.8801333333333333,0.1438,0.0363,0.0298,/work/Agent_benchmark/slide_seek/post_eval/TCGA_LUNG_Classification/ROI/roi_overlap_results.csv,False,True
TCGA-78-7145-01Z-00-DX1.ecde66bf-2de8-4e31-b3ab-4fed4f055dda,slide_seek,TCGA_LUNG_Classification,0.05,5,True,1.0,1.0,0.8,1.0,1.0,0.8,0.0014,0.0014,/work/Agent_benchmark/slide_seek/post_eval/TCGA_LUNG_Classification/ROI/roi_overlap_results.csv,True,True
TCGA-78-7146-01Z-00-DX1.830209b2-94c5-4277-a7b6-b2f2634de0dc,slide_seek,TCGA_LUNG_Classification,0.05,8,True,1.0,1.0,0.9621875,1.0,0.9621875,0.8656,0.1942,0.1885,/work/Agent_benchmark/slide_seek/post_eval/TCGA_LUNG_Classification/ROI/roi_overlap_results.csv,True,True
TCGA-78-7147-01Z-00-DX1.a9fd2c5d-b8f3-4524-bd64-6c3362ce373b,slide_seek,TCGA_LUNG_Classification,0.05,22,True,4.0,1.0,0.5837545454545455,1.0,0.9865153846153846,0.5838,0.0044,0.0044,/work/Agent_benchmark/slide_seek/post_eval/TCGA_LUNG_Classification/ROI/roi_overlap_results.csv,True,True
TCGA-78-7148-01Z-00-DX1.aac94f79-77f2-45e6-b0c3-0b103fecbb22,slide_seek,TCGA_LUNG_Classification,0.05,15,True,1.0,0.9246,0.08690666666666666,0.9246,0.64465,0.1272,0.0218,0.019,/work/Agent_benchmark/slide_seek/post_eval/TCGA_LUNG_Classification/ROI/roi_overlap_results.csv,False,True
TCGA-78-7149-01Z-00-DX1.1b83dbcb-0c9f-4e50-bb98-bf9a157052cf,slide_seek,TCGA_LUNG_Classification,0.05,11,True,2.0,1.0,0.9090909090909091,1.0,1.0,0.7672,0.0004,0.0004,/work/Agent_benchmark/slide_seek/post_eval/TCGA_LUNG_Classification/ROI/roi_overlap_results.csv,True,True
TCGA-78-7150-01Z-00-DX1.46e6e65c-521c-49de-b106-419dc840b235,slide_seek,TCGA_LUNG_Classification,0.05,8,True,1.0,1.0,1.0,1.0,1.0,1.0,0.0135,0.0135,/work/Agent_benchmark/slide_seek/post_eval/TCGA_LUNG_Classification/ROI/roi_overlap_results.csv,True,True
TCGA-78-7152-01Z-00-DX1.a04f9d84-3304-402c-9c0c-f64545c14781,slide_seek,TCGA_LUNG_Classification,0.05,13,True,3.0,1.0,0.8462384615384616,1.0,1.0,0.1956,0.0031,0.003,/work/Agent_benchmark/slide_seek/post_eval/TCGA_LUNG_Classification/ROI/roi_overlap_results.csv,True,True
TCGA-78-7153-01Z-00-DX1.5190321a-f1aa-4c6e-b4b9-6767b779682b,slide_seek,TCGA_LUNG_Classification,0.05,20,True,1.0,1.0,1.0,1.0,1.0,1.0,0.0017,0.0017,/work/Agent_benchmark/slide_seek/post_eval/TCGA_LUNG_Classification/ROI/roi_overlap_results.csv,True,True
TCGA-78-7154-01Z-00-DX1.596c20c2-e811-4b5e-961c-98343afcccde,slide_seek,TCGA_LUNG_Classification,0.05,5,True,1.0,1.0,1.0,1.0,1.0,1.0,0.0061,0.0061,/work/Agent_benchmark/slide_seek/post_eval/TCGA_LUNG_Classification/ROI/roi_overlap_results.csv,False,True
TCGA-78-7155-01Z-00-DX1.32258467-7550-4a1b-8df9-a869fb83e559,slide_seek,TCGA_LUNG_Classification,0.05,3,True,1.0,1.0,1.0,1.0,1.0,1.0,0.0004,0.0004,/work/Agent_benchmark/slide_seek/post_eval/TCGA_LUNG_Classification/ROI/roi_overlap_results.csv,False,True
TCGA-78-7156-01Z-00-DX1.9f7c8eb9-73de-49be-a487-e1fd4411b7b5,slide_seek,TCGA_LUNG_Classification,0.05,9,True,1.0,1.0,1.0,1.0,1.0,1.0,0.0017,0.0017,/work/Agent_benchmark/slide_seek/post_eval/TCGA_LUNG_Classification/ROI/roi_overlap_results.csv,True,True
TCGA-78-7158-01Z-00-DX1.74db3dcd-2715-4ce7-8e48-30c8b7946ba0,slide_seek,TCGA_LUNG_Classification,0.05,16,True,1.0,1.0,1.0,1.0,1.0,1.0,0.1392,0.1392,/work/Agent_benchmark/slide_seek/post_eval/TCGA_LUNG_Classification/ROI/roi_overlap_results.csv,True,True
TCGA-78-7159-01Z-00-DX1.399d865f-f4f9-4602-b15b-908be0afe459,slide_seek,TCGA_LUNG_Classification,0.05,1,True,1.0,1.0,1.0,1.0,1.0,1.0,0.0003,0.0003,/work/Agent_benchmark/slide_seek/post_eval/TCGA_LUNG_Classification/ROI/roi_overlap_results.csv,True,True
TCGA-78-7160-01Z-00-DX1.f40f6c04-74b1-4cef-aabc-cbafadbdf39f,slide_seek,TCGA_LUNG_Classification,0.05,38,True,1.0,1.0,0.3930868421052632,1.0,0.93358125,0.3823,0.003,0.003,/work/Agent_benchmark/slide_seek/post_eval/TCGA_LUNG_Classification/ROI/roi_overlap_results.csv,False,True
TCGA-78-7161-01Z-00-DX1.646cf15a-5961-4728-b9fe-fe3fff11831f,slide_seek,TCGA_LUNG_Classification,0.05,49,True,1.0,1.0,0.8278367346938775,1.0,0.9658095238095238,0.6968,0.0048,0.0048,/work/Agent_benchmark/slide_seek/post_eval/TCGA_LUNG_Classification/ROI/roi_overlap_results.csv,True,True
TCGA-78-7163-01Z-00-DX1.42880bdf-271d-41dd-aada-e7ec1156ff31,slide_seek,TCGA_LUNG_Classification,0.05,20,True,1.0,1.0,1.0,1.0,1.0,1.0,0.004,0.004,/work/Agent_benchmark/slide_seek/post_eval/TCGA_LUNG_Classification/ROI/roi_overlap_results.csv,True,True
TCGA-78-7166-01Z-00-DX1.d19ad2d9-b006-4a13-ba54-2fec234c2373,slide_seek,TCGA_LUNG_Classification,0.05,32,True,8.0,1.0,0.78125,1.0,1.0,0.7857,0.003,0.003,/work/Agent_benchmark/slide_seek/post_eval/TCGA_LUNG_Classification/ROI/roi_overlap_results.csv,False,True
TCGA-78-7167-01Z-00-DX1.f79e1a9b-a3eb-4c91-a1fd-7bb58b1620b1,slide_seek,TCGA_LUNG_Classification,0.05,1,True,1.0,1.0,1.0,1.0,1.0,1.0,0.0002,0.0002,/work/Agent_benchmark/slide_seek/post_eval/TCGA_LUNG_Classification/ROI/roi_overlap_results.csv,True,True
TCGA-78-7220-01Z-00-DX1.3df84ce0-4395-4c9e-ba62-76b55676a440,slide_seek,TCGA_LUNG_Classification,0.05,10,True,1.0,1.0,1.0,1.0,1.0,1.0,0.0016,0.0016,/work/Agent_benchmark/slide_seek/post_eval/TCGA_LUNG_Classification/ROI/roi_overlap_results.csv,True,True
TCGA-78-7535-01Z-00-DX1.c4ca06f3-22d1-4e39-85c8-98d1fa2b0e60,slide_seek,TCGA_LUNG_Classification,0.05,4,True,2.0,1.0,0.25,1.0,1.0,0.25,0.0022,0.0022,/work/Agent_benchmark/slide_seek/post_eval/TCGA_LUNG_Classification/ROI/roi_overlap_results.csv,False,True
TCGA-78-7536-01Z-00-DX1.6b066140-8b82-40a5-bd48-430eeb4463fe,slide_seek,TCGA_LUNG_Classification,0.05,28,True,1.0,1.0,0.9642857142857143,1.0,1.0,0.9451,0.0338,0.0337,/work/Agent_benchmark/slide_seek/post_eval/TCGA_LUNG_Classification/ROI/roi_overlap_results.csv,True,True
TCGA-78-7537-01Z-00-DX1.e5597e41-ebba-4d6f-8a1f-15cd81d8f026,slide_seek,TCGA_LUNG_Classification,0.05,13,True,1.0,1.0,0.8118461538461539,1.0,0.8118461538461539,0.8047,0.3463,0.3194,/work/Agent_benchmark/slide_seek/post_eval/TCGA_LUNG_Classification/ROI/roi_overlap_results.csv,True,True
TCGA-78-7539-01Z-00-DX1.b838d859-2fb7-48d1-a442-d366ac404099,slide_seek,TCGA_LUNG_Classification,0.05,46,True,3.0,0.9456,0.031893478260869565,0.9456,0.7335499999999999,0.1562,0.2052,0.0973,/work/Agent_benchmark/slide_seek/post_eval/TCGA_LUNG_Classification/ROI/roi_overlap_results.csv,True,True
TCGA-78-7540-01Z-00-DX1.25c29857-0d5f-4e52-be0c-32c6686b653f,slide_seek,TCGA_LUNG_Classification,0.05,31,True,22.0,1.0,0.2903225806451613,1.0,1.0,0.2948,0.0046,0.0046,/work/Agent_benchmark/slide_seek/post_eval/TCGA_LUNG_Classification/ROI/roi_overlap_results.csv,False,True
TCGA-78-7542-01Z-00-DX1.2ee042a6-11ee-4668-b254-44144fca4234,slide_seek,TCGA_LUNG_Classification,0.05,39,True,1.0,1.0,0.46993076923076926,1.0,0.8330590909090909,0.4845,0.0873,0.0799,/work/Agent_benchmark/slide_seek/post_eval/TCGA_LUNG_Classification/ROI/roi_overlap_results.csv,False,True
TCGA-78-7633-01Z-00-DX1.f0cd4825-eb92-4098-954a-fbb1e4851660,slide_seek,TCGA_LUNG_Classification,0.05,29,True,6.0,1.0,0.6558758620689656,1.0,1.0,0.7062,0.0042,0.0042,/work/Agent_benchmark/slide_seek/post_eval/TCGA_LUNG_Classification/ROI/roi_overlap_results.csv,True,True
TCGA-78-8640-01Z-00-DX1.6F929E56-34D5-45A6-8A9E-ACB4B88A68B1,slide_seek,TCGA_LUNG_Classification,0.05,57,True,11.0,1.0,0.7308140350877192,1.0,0.968753488372093,0.6946,0.0056,0.0056,/work/Agent_benchmark/slide_seek/post_eval/TCGA_LUNG_Classification/ROI/roi_overlap_results.csv,False,True
TCGA-78-8648-01Z-00-DX1.D3EAEF8E-E739-490F-BF48-A4796B0C0E7A,slide_seek,TCGA_LUNG_Classification,0.05,40,True,1.0,1.0,0.24894,1.0,0.99576,0.3371,0.0294,0.0278,/work/Agent_benchmark/slide_seek/post_eval/TCGA_LUNG_Classification/ROI/roi_overlap_results.csv,False,True
TCGA-78-8655-01Z-00-DX1.DC81D146-A4A6-411E-A5DC-C0689A8D445F,slide_seek,TCGA_LUNG_Classification,0.05,4,True,1.0,1.0,1.0,1.0,1.0,1.0,0.0007,0.0007,/work/Agent_benchmark/slide_seek/post_eval/TCGA_LUNG_Classification/ROI/roi_overlap_results.csv,True,True
TCGA-78-8660-01Z-00-DX1.11E923ED-C01B-439D-8796-08C9E3DC2D93,slide_seek,TCGA_LUNG_Classification,0.05,41,True,1.0,1.0,0.9998439024390244,1.0,0.9998439024390244,0.9999,0.01,0.01,/work/Agent_benchmark/slide_seek/post_eval/TCGA_LUNG_Classification/ROI/roi_overlap_results.csv,True,True
TCGA-78-8662-01Z-00-DX1.754A4C57-B5FA-4077-99E4-F6EFA6459410,slide_seek,TCGA_LUNG_Classification,0.05,48,True,1.0,1.0,0.26581875,1.0,0.9113785714285715,0.3846,0.0049,0.0049,/work/Agent_benchmark/slide_seek/post_eval/TCGA_LUNG_Classification/ROI/roi_overlap_results.csv,False,True
TCGA-80-5607-01Z-00-DX1.94C9CF78-2F79-4A0B-8939-1CD9B915222D,slide_seek,TCGA_LUNG_Classification,0.05,11,True,1.0,1.0,0.9942909090909091,1.0,0.9942909090909091,0.9738,0.2601,0.2583,/work/Agent_benchmark/slide_seek/post_eval/TCGA_LUNG_Classification/ROI/roi_overlap_results.csv,True,True
TCGA-80-5608-01Z-00-DX1.CB85BA53-AF00-4C7D-8489-C2FF0F4F49AB,slide_seek,TCGA_LUNG_Classification,0.05,2,True,1.0,1.0,0.8346,1.0,0.8346,0.8346,0.0315,0.0313,/work/Agent_benchmark/slide_seek/post_eval/TCGA_LUNG_Classification/ROI/roi_overlap_results.csv,True,True
TCGA-80-5611-01Z-00-DX1.31920706-8AF4-46D2-B1D4-7DD5AF4AAC77,slide_seek,TCGA_LUNG_Classification,0.05,81,True,1.0,1.0,0.25703580246913577,1.0,0.8327959999999999,0.2407,0.6067,0.2082,/work/Agent_benchmark/slide_seek/post_eval/TCGA_LUNG_Classification/ROI/roi_overlap_results.csv,False,True
TCGA-83-5908-01Z-00-DX1.381c8f82-61a0-4e9d-982d-1ad0af7bead9,slide_seek,TCGA_LUNG_Classification,0.05,16,True,1.0,1.0,0.6875,1.0,1.0,0.6576,0.0045,0.0045,/work/Agent_benchmark/slide_seek/post_eval/TCGA_LUNG_Classification/ROI/roi_overlap_results.csv,False,True
TCGA-86-6562-01Z-00-DX1.5dea3015-e606-4837-9f99-ac14f0aa091b,slide_seek,TCGA_LUNG_Classification,0.05,15,True,4.0,1.0,0.2443533333333333,1.0,0.6028666666666667,0.3803,0.3281,0.2138,/work/Agent_benchmark/slide_seek/post_eval/TCGA_LUNG_Classification/ROI/roi_overlap_results.csv,True,True
TCGA-86-6851-01Z-00-DX1.0b13e600-fd7b-44a2-9ec2-26e9938fb7bc,slide_seek,TCGA_LUNG_Classification,0.05,8,True,1.0,1.0,0.9496,1.0,0.9496,0.9088,0.0879,0.0872,/work/Agent_benchmark/slide_seek/post_eval/TCGA_LUNG_Classification/ROI/roi_overlap_results.csv,False,True
TCGA-86-7701-01Z-00-DX1.a8a6e71e-9fa9-42c6-a186-0ac7526e9960,slide_seek,TCGA_LUNG_Classification,0.05,7,True,1.0,1.0,0.5714285714285714,1.0,1.0,0.5714,0.0291,0.0285,/work/Agent_benchmark/slide_seek/post_eval/TCGA_LUNG_Classification/ROI/roi_overlap_results.csv,False,True
TCGA-86-7711-01Z-00-DX1.f64dd9d8-b9ca-4d1f-9783-d1042979132d,slide_seek,TCGA_LUNG_Classification,0.05,37,True,1.0,1.0,0.8188,1.0,0.9467375,0.7962,0.0058,0.0058,/work/Agent_benchmark/slide_seek/post_eval/TCGA_LUNG_Classification/ROI/roi_overlap_results.csv,False,True
TCGA-86-7713-01Z-00-DX1.23f9e213-b566-47bb-beb8-7d12b2f0508b,slide_seek,TCGA_LUNG_Classification,0.05,45,True,1.0,1.0,0.50884,1.0,0.9955565217391305,0.4598,0.0033,0.0033,/work/Agent_benchmark/slide_seek/post_eval/TCGA_LUNG_Classification/ROI/roi_overlap_results.csv,True,True
TCGA-86-7714-01Z-00-DX1.8ee03c3b-013e-4dd5-aa0e-9c1a771cbdc5,slide_seek,TCGA_LUNG_Classification,0.05,12,True,1.0,1.0,1.0,1.0,1.0,1.0,0.0271,0.0271,/work/Agent_benchmark/slide_seek/post_eval/TCGA_LUNG_Classification/ROI/roi_overlap_results.csv,False,True
TCGA-86-7953-01Z-00-DX1.847865ce-df59-4677-bac2-ee88a258fe4e,slide_seek,TCGA_LUNG_Classification,0.05,120,True,1.0,1.0,0.7916624999999999,1.0,0.9999905263157894,0.7991,0.0133,0.0132,/work/Agent_benchmark/slide_seek/post_eval/TCGA_LUNG_Classification/ROI/roi_overlap_results.csv,False,True
TCGA-86-7954-01Z-00-DX1.0a063ee6-18b7-4b66-9726-04fb452156cb,slide_seek,TCGA_LUNG_Classification,0.05,18,True,1.0,1.0,0.68325,1.0,0.8784642857142858,0.5618,0.069,0.0655,/work/Agent_benchmark/slide_seek/post_eval/TCGA_LUNG_Classification/ROI/roi_overlap_results.csv,False,True
TCGA-86-7955-01Z-00-DX1.ef4f4d94-5efb-4a07-97cf-b0ed69085827,slide_seek,TCGA_LUNG_Classification,0.05,4,True,1.0,1.0,1.0,1.0,1.0,1.0,0.001,0.001,/work/Agent_benchmark/slide_seek/post_eval/TCGA_LUNG_Classification/ROI/roi_overlap_results.csv,True,True
TCGA-86-8054-01Z-00-DX1.2c4c08f6-be1c-46d1-a719-5983cade0c54,slide_seek,TCGA_LUNG_Classification,0.05,34,True,1.0,1.0,0.7130882352941177,1.0,0.7811290322580646,0.5252,0.0335,0.0325,/work/Agent_benchmark/slide_seek/post_eval/TCGA_LUNG_Classification/ROI/roi_overlap_results.csv,True,True
TCGA-86-8055-01Z-00-DX1.546dc42e-3742-4da5-8f9b-80732180ce76,slide_seek,TCGA_LUNG_Classification,0.05,31,False,,0.0269,0.000932258064516129,,,0.0061,0.0001,0.0001,/work/Agent_benchmark/slide_seek/post_eval/TCGA_LUNG_Classification/ROI/roi_overlap_results.csv,True,True
TCGA-86-8056-01Z-00-DX1.eee7e03a-842c-4a44-bff8-f7b906725605,slide_seek,TCGA_LUNG_Classification,0.05,40,True,1.0,1.0,0.44811750000000006,1.0,0.8116636363636364,0.3911,0.0677,0.0612,/work/Agent_benchmark/slide_seek/post_eval/TCGA_LUNG_Classification/ROI/roi_overlap_results.csv,True,True
TCGA-86-8073-01Z-00-DX1.33c016fc-5c9e-4ad6-8de2-a7f8521d205c,slide_seek,TCGA_LUNG_Classification,0.05,8,True,1.0,1.0,0.4468125,1.0,0.893625,0.5106,0.0466,0.0446,/work/Agent_benchmark/slide_seek/post_eval/TCGA_LUNG_Classification/ROI/roi_overlap_results.csv,False,True
TCGA-86-8074-01Z-00-DX1.0c34b434-8701-4060-a4ea-08a72371ee1e,slide_seek,TCGA_LUNG_Classification,0.05,1,True,1.0,1.0,1.0,1.0,1.0,1.0,0.0003,0.0003,/work/Agent_benchmark/slide_seek/post_eval/TCGA_LUNG_Classification/ROI/roi_overlap_results.csv,True,True
TCGA-86-8075-01Z-00-DX1.171bd8bd-af24-4770-b24b-732e675efd75,slide_seek,TCGA_LUNG_Classification,0.05,69,True,1.0,1.0,1.0,1.0,1.0,1.0,0.014,0.014,/work/Agent_benchmark/slide_seek/post_eval/TCGA_LUNG_Classification/ROI/roi_overlap_results.csv,True,True
TCGA-86-8076-01Z-00-DX1.e7378b2f-e20e-4d2f-a86c-3a8ead08a385,slide_seek,TCGA_LUNG_Classification,0.05,21,True,1.0,1.0,1.0,1.0,1.0,1.0,0.0054,0.0054,/work/Agent_benchmark/slide_seek/post_eval/TCGA_LUNG_Classification/ROI/roi_overlap_results.csv,True,True
TCGA-86-8279-01Z-00-DX1.fd12b60e-d181-454b-a655-298a973a849d,slide_seek,TCGA_LUNG_Classification,0.05,25,True,1.0,1.0,1.0,1.0,1.0,1.0,0.0084,0.0084,/work/Agent_benchmark/slide_seek/post_eval/TCGA_LUNG_Classification/ROI/roi_overlap_results.csv,True,True
TCGA-86-8280-01Z-00-DX1.52627b97-1cfa-4382-819b-949b58c0f995,slide_seek,TCGA_LUNG_Classification,0.05,15,True,1.0,1.0,0.4241066666666667,1.0,0.7952,0.5149,0.0144,0.0142,/work/Agent_benchmark/slide_seek/post_eval/TCGA_LUNG_Classification/ROI/roi_overlap_results.csv,False,True
TCGA-86-8281-01Z-00-DX1.02237263-003b-4de1-8a2f-0f3ad14768c7,slide_seek,TCGA_LUNG_Classification,0.05,45,True,1.0,1.0,0.8,1.0,1.0,0.7343,0.0123,0.0123,/work/Agent_benchmark/slide_seek/post_eval/TCGA_LUNG_Classification/ROI/roi_overlap_results.csv,False,True
TCGA-86-8358-01Z-00-DX1.C50100F8-9414-4A06-BEDF-93E7B01B24D6,slide_seek,TCGA_LUNG_Classification,0.05,61,True,2.0,1.0,0.4598852459016394,1.0,0.8482696969696969,0.2049,0.0219,0.0202,/work/Agent_benchmark/slide_seek/post_eval/TCGA_LUNG_Classification/ROI/roi_overlap_results.csv,True,True
TCGA-86-8359-01Z-00-DX1.11B8FDC3-4B84-4A22-B89D-46EA76345F13,slide_seek,TCGA_LUNG_Classification,0.05,9,True,2.0,1.0,0.6781333333333334,1.0,0.8718857142857143,0.6781,0.0009,0.0009,/work/Agent_benchmark/slide_seek/post_eval/TCGA_LUNG_Classification/ROI/roi_overlap_results.csv,True,True
TCGA-86-8585-01Z-00-DX1.bc0b1c69-f71d-46fc-8195-2d205002e6e5,slide_seek,TCGA_LUNG_Classification,0.05,38,True,7.0,1.0,0.47368421052631576,1.0,1.0,0.6298,0.0121,0.012,/work/Agent_benchmark/slide_seek/post_eval/TCGA_LUNG_Classification/ROI/roi_overlap_results.csv,True,True
TCGA-86-8668-01Z-00-DX1.d720d486-02c7-4f98-8feb-e0e50a12c158,slide_seek,TCGA_LUNG_Classification,0.05,11,True,1.0,1.0,1.0,1.0,1.0,1.0,0.0021,0.0021,/work/Agent_benchmark/slide_seek/post_eval/TCGA_LUNG_Classification/ROI/roi_overlap_results.csv,True,True
TCGA-86-8669-01Z-00-DX1.845b8b4e-6445-4da1-8275-42b765c024cc,slide_seek,TCGA_LUNG_Classification,0.05,28,True,1.0,1.0,0.9601821428571429,1.0,0.9957444444444445,0.8923,0.031,0.0309,/work/Agent_benchmark/slide_seek/post_eval/TCGA_LUNG_Classification/ROI/roi_overlap_results.csv,True,True
TCGA-86-8671-01Z-00-DX1.1fd0019c-df9d-48cc-9055-8de57759f273,slide_seek,TCGA_LUNG_Classification,0.05,64,True,1.0,1.0,0.928059375,1.0,0.98993,0.8885,0.0564,0.056,/work/Agent_benchmark/slide_seek/post_eval/TCGA_LUNG_Classification/ROI/roi_overlap_results.csv,False,True
TCGA-86-8672-01Z-00-DX1.94ca1954-921d-4ef6-a078-4e0fcb09157f,slide_seek,TCGA_LUNG_Classification,0.05,9,True,1.0,1.0,1.0,1.0,1.0,1.0,0.0271,0.0271,/work/Agent_benchmark/slide_seek/post_eval/TCGA_LUNG_Classification/ROI/roi_overlap_results.csv,True,True
TCGA-86-8673-01Z-00-DX1.21191041-c10e-4166-ad00-1243656feaa7,slide_seek,TCGA_LUNG_Classification,0.05,7,True,1.0,1.0,0.4689285714285714,1.0,0.5470833333333333,0.622,0.2274,0.1998,/work/Agent_benchmark/slide_seek/post_eval/TCGA_LUNG_Classification/ROI/roi_overlap_results.csv,True,True
TCGA-86-8674-01Z-00-DX1.9fcaae4e-4062-45ab-a49d-7dba43040919,slide_seek,TCGA_LUNG_Classification,0.05,7,True,1.0,1.0,0.6442857142857142,1.0,0.7516666666666666,0.6443,0.0337,0.0331,/work/Agent_benchmark/slide_seek/post_eval/TCGA_LUNG_Classification/ROI/roi_overlap_results.csv,True,True
TCGA-86-A456-01Z-00-DX1.5C7CBF9B-0AE3-4776-9434-296AA0C605CC,slide_seek,TCGA_LUNG_Classification,0.05,10,True,1.0,1.0,1.0,1.0,1.0,1.0,0.0028,0.0028,/work/Agent_benchmark/slide_seek/post_eval/TCGA_LUNG_Classification/ROI/roi_overlap_results.csv,False,True
TCGA-86-A4D0-01Z-00-DX1.165461AD-A8DA-4B7B-87CE-F5DBDBD2C0A7,slide_seek,TCGA_LUNG_Classification,0.05,36,True,1.0,1.0,0.9166666666666666,1.0,1.0,0.849,0.0036,0.0036,/work/Agent_benchmark/slide_seek/post_eval/TCGA_LUNG_Classification/ROI/roi_overlap_results.csv,True,True
TCGA-86-A4JF-01Z-00-DX1.22828B15-D68E-4300-A3A8-FBC11B319BC5,slide_seek,TCGA_LUNG_Classification,0.05,4,True,1.0,1.0,1.0,1.0,1.0,1.0,0.0061,0.0061,/work/Agent_benchmark/slide_seek/post_eval/TCGA_LUNG_Classification/ROI/roi_overlap_results.csv,False,True
TCGA-86-A4P7-01Z-00-DX1.37026DCF-5A81-4098-B444-C8A40CA168D0,slide_seek,TCGA_LUNG_Classification,0.05,10,True,1.0,1.0,1.0,1.0,1.0,1.0,0.002,0.002,/work/Agent_benchmark/slide_seek/post_eval/TCGA_LUNG_Classification/ROI/roi_overlap_results.csv,False,True
TCGA-86-A4P8-01Z-00-DX1.D65E8855-F7A1-4584-A501-BBFBC61C2DEB,slide_seek,TCGA_LUNG_Classification,0.05,11,True,1.0,1.0,0.5359727272727274,1.0,0.9764,0.672,0.0319,0.0314,/work/Agent_benchmark/slide_seek/post_eval/TCGA_LUNG_Classification/ROI/roi_overlap_results.csv,True,True
TCGA-91-A4BC-01Z-00-DX1.8D8783B1-D1BA-4970-B77B-3AED8506C487,slide_seek,TCGA_LUNG_Classification,0.05,5,True,1.0,1.0,0.6893,1.0,0.861625,0.6259,0.0059,0.0059,/work/Agent_benchmark/slide_seek/post_eval/TCGA_LUNG_Classification/ROI/roi_overlap_results.csv,False,True
TCGA-91-A4BD-01Z-00-DX1.2E575CAC-6AEB-4049-972A-EA43457A9C9D,slide_seek,TCGA_LUNG_Classification,0.05,66,True,19.0,1.0,0.11587878787878787,1.0,0.8497111111111111,0.0667,0.0208,0.0161,/work/Agent_benchmark/slide_seek/post_eval/TCGA_LUNG_Classification/ROI/roi_overlap_results.csv,False,True
TCGA-93-7347-01Z-00-DX1.a22b7163-07bd-4f6a-97c7-f1561c4d73cb,slide_seek,TCGA_LUNG_Classification,0.05,27,True,1.0,1.0,0.17944074074074073,1.0,0.96898,0.0523,0.0086,0.0074,/work/Agent_benchmark/slide_seek/post_eval/TCGA_LUNG_Classification/ROI/roi_overlap_results.csv,False,True
TCGA-93-8067-01Z-00-DX1.325d0cd5-9bb5-4f51-a197-75d3c3d19aaf,slide_seek,TCGA_LUNG_Classification,0.05,11,True,1.0,1.0,1.0,1.0,1.0,1.0,0.0016,0.0016,/work/Agent_benchmark/slide_seek/post_eval/TCGA_LUNG_Classification/ROI/roi_overlap_results.csv,False,True
TCGA-93-A4JN-01Z-00-DX1.ED4C9365-6CCF-4AEE-B4C9-3CC5EC57286C,slide_seek,TCGA_LUNG_Classification,0.05,4,False,,0.0,0.0,,,0.0,0.0,0.0,/work/Agent_benchmark/slide_seek/post_eval/TCGA_LUNG_Classification/ROI/roi_overlap_results.csv,False,True
TCGA-93-A4JO-01Z-00-DX1.314C53B6-603C-402B-8CF7-E3CE851A0A0F,slide_seek,TCGA_LUNG_Classification,0.05,8,True,1.0,1.0,0.875,1.0,1.0,0.875,0.0359,0.0357,/work/Agent_benchmark/slide_seek/post_eval/TCGA_LUNG_Classification/ROI/roi_overlap_results.csv,False,True
TCGA-93-A4JP-01Z-00-DX1.994E229B-5251-4F61-8C41-863047F3A136,slide_seek,TCGA_LUNG_Classification,0.05,26,True,1.0,1.0,0.9615384615384616,1.0,1.0,0.8962,0.0034,0.0034,/work/Agent_benchmark/slide_seek/post_eval/TCGA_LUNG_Classification/ROI/roi_overlap_results.csv,False,True
TCGA-93-A4JQ-01Z-00-DX1.24573112-917C-43E9-B0FD-763C290AA88A,slide_seek,TCGA_LUNG_Classification,0.05,8,True,1.0,1.0,1.0,1.0,1.0,1.0,0.0015,0.0015,/work/Agent_benchmark/slide_seek/post_eval/TCGA_LUNG_Classification/ROI/roi_overlap_results.csv,True,True
TCGA-95-7039-01Z-00-DX1.C191A46D-A667-4BF6-8E6B-3E5CBF9DF43F,slide_seek,TCGA_LUNG_Classification,0.05,4,True,1.0,1.0,1.0,1.0,1.0,1.0,0.1049,0.1049,/work/Agent_benchmark/slide_seek/post_eval/TCGA_LUNG_Classification/ROI/roi_overlap_results.csv,False,True
TCGA-95-7043-01Z-00-DX1.AE0FD8AA-9B88-45FE-B247-402BED1285EF,slide_seek,TCGA_LUNG_Classification,0.05,14,True,1.0,1.0,0.91355,1.0,0.9833384615384616,0.5389,0.2343,0.1952,/work/Agent_benchmark/slide_seek/post_eval/TCGA_LUNG_Classification/ROI/roi_overlap_results.csv,False,True
TCGA-95-7562-01Z-00-DX1.C722891A-C5C6-4F0D-A73F-259FA8DB2394,slide_seek,TCGA_LUNG_Classification,0.05,11,True,1.0,1.0,0.9090909090909091,1.0,1.0,0.9412,0.0048,0.0048,/work/Agent_benchmark/slide_seek/post_eval/TCGA_LUNG_Classification/ROI/roi_overlap_results.csv,True,True
TCGA-95-7567-01Z-00-DX1.982FF122-A440-4949-926C-B58AF8381090,slide_seek,TCGA_LUNG_Classification,0.05,10,True,1.0,1.0,1.0,1.0,1.0,1.0,0.0037,0.0037,/work/Agent_benchmark/slide_seek/post_eval/TCGA_LUNG_Classification/ROI/roi_overlap_results.csv,False,True
TCGA-95-7944-01Z-00-DX1.E66A3565-7B0D-412B-9C0C-81D7397E8B87,slide_seek,TCGA_LUNG_Classification,0.05,68,True,6.0,1.0,0.014705882352941176,1.0,1.0,0.0185,0.0006,0.0006,/work/Agent_benchmark/slide_seek/post_eval/TCGA_LUNG_Classification/ROI/roi_overlap_results.csv,False,True
TCGA-95-7947-01Z-00-DX1.44291078-2D8E-4E79-8FAB-439E52BAAD60,slide_seek,TCGA_LUNG_Classification,0.05,23,True,1.0,1.0,0.15261739130434784,1.0,0.87755,0.1141,0.0543,0.0382,/work/Agent_benchmark/slide_seek/post_eval/TCGA_LUNG_Classification/ROI/roi_overlap_results.csv,True,True
TCGA-95-7948-01Z-00-DX1.FF1AEF38-19E5-4475-87C8-B318204FEF1D,slide_seek,TCGA_LUNG_Classification,0.05,12,True,1.0,1.0,0.31564166666666665,1.0,0.7575399999999999,0.1928,0.0079,0.0076,/work/Agent_benchmark/slide_seek/post_eval/TCGA_LUNG_Classification/ROI/roi_overlap_results.csv,False,True
TCGA-95-8039-01Z-00-DX1.38b07435-987d-495d-9940-ba5f20e6ef97,slide_seek,TCGA_LUNG_Classification,0.05,4,True,1.0,1.0,0.75,1.0,1.0,0.75,0.0071,0.007,/work/Agent_benchmark/slide_seek/post_eval/TCGA_LUNG_Classification/ROI/roi_overlap_results.csv,False,True
TCGA-95-8494-01Z-00-DX1.716299EF-71BB-4095-8F4D-F0C2252CE594,slide_seek,TCGA_LUNG_Classification,0.05,101,True,1.0,1.0,0.7878534653465348,1.0,0.9946650000000001,0.6516,0.0306,0.0301,/work/Agent_benchmark/slide_seek/post_eval/TCGA_LUNG_Classification/ROI/roi_overlap_results.csv,True,True
TCGA-95-A4VK-01Z-00-DX1.D09778E0-285E-4593-84C8-B6009DDF4E41,slide_seek,TCGA_LUNG_Classification,0.05,6,True,1.0,1.0,1.0,1.0,1.0,1.0,0.0011,0.0011,/work/Agent_benchmark/slide_seek/post_eval/TCGA_LUNG_Classification/ROI/roi_overlap_results.csv,True,True
TCGA-95-A4VN-01Z-00-DX1.B997A80F-C396-40AB-808A-B70EB83A2B74,slide_seek,TCGA_LUNG_Classification,0.05,76,True,1.0,1.0,0.7338447368421053,1.0,0.9959321428571428,0.8223,0.0207,0.0206,/work/Agent_benchmark/slide_seek/post_eval/TCGA_LUNG_Classification/ROI/roi_overlap_results.csv,False,True
TCGA-95-A4VP-01Z-00-DX1.1B145AC0-2471-4974-BBB6-C88BDF0BE8BD,slide_seek,TCGA_LUNG_Classification,0.05,25,True,1.0,1.0,0.88,1.0,1.0,0.9119,0.0047,0.0047,/work/Agent_benchmark/slide_seek/post_eval/TCGA_LUNG_Classification/ROI/roi_overlap_results.csv,True,True
TCGA-97-7546-01Z-00-DX1.dad9871f-cdfb-424d-a5b2-4e0905c29137,slide_seek,TCGA_LUNG_Classification,0.05,9,True,1.0,1.0,1.0,1.0,1.0,1.0,0.0012,0.0012,/work/Agent_benchmark/slide_seek/post_eval/TCGA_LUNG_Classification/ROI/roi_overlap_results.csv,True,True
TCGA-97-7547-01Z-00-DX1.3563966f-21ee-4405-9106-9e0bf8df9f1a,slide_seek,TCGA_LUNG_Classification,0.05,4,True,1.0,1.0,1.0,1.0,1.0,1.0,0.0092,0.0092,/work/Agent_benchmark/slide_seek/post_eval/TCGA_LUNG_Classification/ROI/roi_overlap_results.csv,True,True
TCGA-97-7552-01Z-00-DX1.a5ab8959-ff7a-4287-b014-87439957fb67,slide_seek,TCGA_LUNG_Classification,0.05,19,True,7.0,1.0,0.05325263157894737,1.0,1.0,0.0563,0.0008,0.0008,/work/Agent_benchmark/slide_seek/post_eval/TCGA_LUNG_Classification/ROI/roi_overlap_results.csv,False,True
TCGA-97-7553-01Z-00-DX1.e31eec5e-0053-407a-b057-9b87555b122d,slide_seek,TCGA_LUNG_Classification,0.05,5,False,,0.0,0.0,,,0.0,0.0,0.0,/work/Agent_benchmark/slide_seek/post_eval/TCGA_LUNG_Classification/ROI/roi_overlap_results.csv,False,True
TCGA-97-7554-01Z-00-DX1.4107ca63-4642-42b9-b6f2-13778ecaf9a7,slide_seek,TCGA_LUNG_Classification,0.05,11,True,1.0,1.0,0.7469454545454546,1.0,0.9129333333333334,0.7469,0.0169,0.0168,/work/Agent_benchmark/slide_seek/post_eval/TCGA_LUNG_Classification/ROI/roi_overlap_results.csv,False,True
TCGA-97-7937-01Z-00-DX1.6db4b2ff-722c-4bb8-b12f-15f1a38b4ab1,slide_seek,TCGA_LUNG_Classification,0.05,16,True,1.0,1.0,1.0,1.0,1.0,1.0,0.0071,0.0071,/work/Agent_benchmark/slide_seek/post_eval/TCGA_LUNG_Classification/ROI/roi_overlap_results.csv,True,True
TCGA-97-7938-01Z-00-DX1.d774d0a2-ee34-43ba-9d9d-34bf9718292e,slide_seek,TCGA_LUNG_Classification,0.05,35,True,5.0,1.0,0.718617142857143,1.0,0.9673692307692309,0.7669,0.077,0.0753,/work/Agent_benchmark/slide_seek/post_eval/TCGA_LUNG_Classification/ROI/roi_overlap_results.csv,False,True
TCGA-97-7941-01Z-00-DX1.6845ef95-2231-44a2-aeae-004a117f1964,slide_seek,TCGA_LUNG_Classification,0.05,8,True,1.0,1.0,1.0,1.0,1.0,1.0,0.0052,0.0052,/work/Agent_benchmark/slide_seek/post_eval/TCGA_LUNG_Classification/ROI/roi_overlap_results.csv,True,True
TCGA-97-8171-01Z-00-DX1.a55cbfd1-6674-4206-b3e0-2a4f12a74e5d,slide_seek,TCGA_LUNG_Classification,0.05,28,True,1.0,1.0,0.7142857142857143,1.0,1.0,0.6631,0.0031,0.0031,/work/Agent_benchmark/slide_seek/post_eval/TCGA_LUNG_Classification/ROI/roi_overlap_results.csv,True,True
TCGA-97-8172-01Z-00-DX1.812ab977-692e-42f8-af57-7ce9084ab045,slide_seek,TCGA_LUNG_Classification,0.05,33,True,1.0,1.0,0.5095575757575758,1.0,0.884978947368421,0.4531,0.0248,0.0241,/work/Agent_benchmark/slide_seek/post_eval/TCGA_LUNG_Classification/ROI/roi_overlap_results.csv,True,True
TCGA-97-8175-01Z-00-DX1.f7148cec-5e4b-46ac-b167-d41b36eb3ee5,slide_seek,TCGA_LUNG_Classification,0.05,13,True,3.0,1.0,0.8461538461538461,1.0,1.0,0.5112,0.003,0.003,/work/Agent_benchmark/slide_seek/post_eval/TCGA_LUNG_Classification/ROI/roi_overlap_results.csv,False,True
TCGA-97-8177-01Z-00-DX1.4c2ddf48-40d3-4fa0-8b5f-0485e8270ac7,slide_seek,TCGA_LUNG_Classification,0.05,1,True,1.0,1.0,1.0,1.0,1.0,1.0,0.0021,0.0021,/work/Agent_benchmark/slide_seek/post_eval/TCGA_LUNG_Classification/ROI/roi_overlap_results.csv,True,True
TCGA-97-8179-01Z-00-DX1.5501338a-dd89-4c41-8267-5baaaea71643,slide_seek,TCGA_LUNG_Classification,0.05,3,False,,0.0,0.0,,,0.0,0.0,0.0,/work/Agent_benchmark/slide_seek/post_eval/TCGA_LUNG_Classification/ROI/roi_overlap_results.csv,True,True
TCGA-97-8552-01Z-00-DX1.69631717-0E05-49C1-B112-15C2E36BC2F8,slide_seek,TCGA_LUNG_Classification,0.05,16,True,1.0,1.0,0.14359375000000002,1.0,0.5743750000000001,0.1754,0.2129,0.1064,/work/Agent_benchmark/slide_seek/post_eval/TCGA_LUNG_Classification/ROI/roi_overlap_results.csv,False,True
TCGA-97-A4LX-01Z-00-DX1.B2334672-A626-4E74-B4D1-A79F70F65909,slide_seek,TCGA_LUNG_Classification,0.05,11,True,1.0,1.0,0.9090909090909091,1.0,1.0,0.5886,0.0053,0.0053,/work/Agent_benchmark/slide_seek/post_eval/TCGA_LUNG_Classification/ROI/roi_overlap_results.csv,True,True
TCGA-97-A4M0-01Z-00-DX1.BDDFB04C-2475-485A-9A85-C4B9EB15155E,slide_seek,TCGA_LUNG_Classification,0.05,13,True,1.0,1.0,0.5144538461538462,1.0,0.8359874999999999,0.4796,0.1128,0.1005,/work/Agent_benchmark/slide_seek/post_eval/TCGA_LUNG_Classification/ROI/roi_overlap_results.csv,True,True
TCGA-97-A4M1-01Z-00-DX1.1C4B8247-BA3F-4841-BC9D-554F03F7894C,slide_seek,TCGA_LUNG_Classification,0.05,8,True,1.0,1.0,0.7964,1.0,0.9101714285714285,0.7964,0.0346,0.0343,/work/Agent_benchmark/slide_seek/post_eval/TCGA_LUNG_Classification/ROI/roi_overlap_results.csv,True,True
TCGA-97-A4M2-01Z-00-DX1.5C72522C-1538-4D68-B517-5FB05A9D401A,slide_seek,TCGA_LUNG_Classification,0.05,16,True,1.0,1.0,0.125,1.0,1.0,0.1647,0.0021,0.0021,/work/Agent_benchmark/slide_seek/post_eval/TCGA_LUNG_Classification/ROI/roi_overlap_results.csv,False,True
TCGA-97-A4M3-01Z-00-DX1.16330A66-2501-48D2-AF6A-713698BF6918,slide_seek,TCGA_LUNG_Classification,0.05,31,True,2.0,1.0,0.06485806451612904,1.0,0.6675,0.2234,0.1461,0.0969,/work/Agent_benchmark/slide_seek/post_eval/TCGA_LUNG_Classification/ROI/roi_overlap_results.csv,False,True
TCGA-97-A4M5-01Z-00-DX1.283AFBA6-A349-425F-A18E-5CA186084C23,slide_seek,TCGA_LUNG_Classification,0.05,17,True,1.0,1.0,1.0,1.0,1.0,1.0,0.0022,0.0022,/work/Agent_benchmark/slide_seek/post_eval/TCGA_LUNG_Classification/ROI/roi_overlap_results.csv,False,True
TCGA-97-A4M6-01Z-00-DX1.01D83621-3D8E-4339-9F9B-CBD3083D5AE0,slide_seek,TCGA_LUNG_Classification,0.05,7,True,1.0,1.0,0.6042428571428571,1.0,0.8459399999999999,0.6042,0.0385,0.0375,/work/Agent_benchmark/slide_seek/post_eval/TCGA_LUNG_Classification/ROI/roi_overlap_results.csv,True,True
TCGA-97-A4M7-01Z-00-DX1.111ED60D-6E4A-47E9-AFD0-C2A109DE2C60,slide_seek,TCGA_LUNG_Classification,0.05,29,True,25.0,1.0,0.034482758620689655,1.0,1.0,0.0515,0.0234,0.0163,/work/Agent_benchmark/slide_seek/post_eval/TCGA_LUNG_Classification/ROI/roi_overlap_results.csv,False,True
TCGA-97-A4M7-01Z-00-DX2.9D0A8A7E-5A84-439B-B3D1-DFA22BC6ED87,slide_seek,TCGA_LUNG_Classification,0.05,21,True,1.0,1.0,0.7126666666666667,1.0,0.9977333333333332,0.6543,0.049,0.0477,/work/Agent_benchmark/slide_seek/post_eval/TCGA_LUNG_Classification/ROI/roi_overlap_results.csv,True,True
TCGA-99-7458-01Z-00-DX1.10ea0b2c-c763-40d1-83a4-3d4ae957fdb0,slide_seek,TCGA_LUNG_Classification,0.05,39,True,1.0,1.0,0.9259769230769231,1.0,0.9760297297297298,0.8684,0.127,0.1246,/work/Agent_benchmark/slide_seek/post_eval/TCGA_LUNG_Classification/ROI/roi_overlap_results.csv,False,True
TCGA-99-8025-01Z-00-DX1.76d4e012-91a7-4f1d-ba0f-4cecd812ec49,slide_seek,TCGA_LUNG_Classification,0.05,72,True,2.0,1.0,0.32435277777777777,1.0,0.933044,0.0406,0.0185,0.0129,/work/Agent_benchmark/slide_seek/post_eval/TCGA_LUNG_Classification/ROI/roi_overlap_results.csv,False,True
TCGA-99-8028-01Z-00-DX1.23de89b1-67f8-41fb-980a-010ea190d687,slide_seek,TCGA_LUNG_Classification,0.05,22,True,15.0,1.0,0.10098636363636365,1.0,0.7405666666666667,0.2035,0.1123,0.078,/work/Agent_benchmark/slide_seek/post_eval/TCGA_LUNG_Classification/ROI/roi_overlap_results.csv,False,True
TCGA-99-8032-01Z-00-DX1.7380b78f-ea25-43e0-ac90-194b5c6b1432,slide_seek,TCGA_LUNG_Classification,0.05,67,True,5.0,1.0,0.14925373134328357,1.0,1.0,0.0414,0.0372,0.02,/work/Agent_benchmark/slide_seek/post_eval/TCGA_LUNG_Classification/ROI/roi_overlap_results.csv,False,True
TCGA-99-8033-01Z-00-DX1.06f8ca81-c0a7-4ab5-b2fe-d5fc6671e29d,slide_seek,TCGA_LUNG_Classification,0.05,2,False,,0.0,0.0,,,0.0,0.0,0.0,/work/Agent_benchmark/slide_seek/post_eval/TCGA_LUNG_Classification/ROI/roi_overlap_results.csv,False,True
TCGA-99-AA5R-01Z-00-DX1.4DE7FC30-D338-49CE-B8D9-EB0F34A3DD0B,slide_seek,TCGA_LUNG_Classification,0.05,30,True,9.0,1.0,0.14619666666666667,1.0,0.6240428571428571,0.1784,0.0079,0.0076,/work/Agent_benchmark/slide_seek/post_eval/TCGA_LUNG_Classification/ROI/roi_overlap_results.csv,True,True
TCGA-J2-8192-01Z-00-DX1.A784F381-7906-480F-99A1-0B88005953A0,slide_seek,TCGA_LUNG_Classification,0.05,9,True,9.0,1.0,0.1111111111111111,1.0,1.0,0.5,0.0027,0.0027,/work/Agent_benchmark/slide_seek/post_eval/TCGA_LUNG_Classification/ROI/roi_overlap_results.csv,False,True
TCGA-J2-8194-01Z-00-DX1.7700924D-B6AF-46A7-A7D7-B5C17A66C5F7,slide_seek,TCGA_LUNG_Classification,0.05,11,False,,0.0,0.0,,,0.0,0.0,0.0,/work/Agent_benchmark/slide_seek/post_eval/TCGA_LUNG_Classification/ROI/roi_overlap_results.csv,True,True
TCGA-J2-A4AD-01Z-00-DX1.C3C3B0C6-0666-4CCF-8422-345560B237DA,slide_seek,TCGA_LUNG_Classification,0.05,17,True,7.0,1.0,0.5888823529411764,1.0,0.99677,0.0626,0.0145,0.0119,/work/Agent_benchmark/slide_seek/post_eval/TCGA_LUNG_Classification/ROI/roi_overlap_results.csv,False,True
TCGA-J2-A4AE-01Z-00-DX1.42C5DE4A-7787-4E59-8969-D12503262C96,slide_seek,TCGA_LUNG_Classification,0.05,8,True,1.0,1.0,0.9968874999999999,1.0,0.9968874999999999,0.9751,0.012,0.012,/work/Agent_benchmark/slide_seek/post_eval/TCGA_LUNG_Classification/ROI/roi_overlap_results.csv,True,True
TCGA-J2-A4AG-01Z-00-DX1.487780B8-18E7-494A-8054-5637239870EB,slide_seek,TCGA_LUNG_Classification,0.05,27,True,1.0,1.0,0.4362777777777777,1.0,0.73621875,0.2594,0.0165,0.0157,/work/Agent_benchmark/slide_seek/post_eval/TCGA_LUNG_Classification/ROI/roi_overlap_results.csv,False,True
TCGA-L4-A4E5-01Z-00-DX1.C2A5EF71-1F40-4E34-AC30-58D7121C1338,slide_seek,TCGA_LUNG_Classification,0.05,1,True,1.0,1.0,1.0,1.0,1.0,1.0,0.0002,0.0002,/work/Agent_benchmark/slide_seek/post_eval/TCGA_LUNG_Classification/ROI/roi_overlap_results.csv,True,True
TCGA-L4-A4E6-01Z-00-DX1.1B537DE0-2CE3-4B90-9ED3-71F1F8747EE9,slide_seek,TCGA_LUNG_Classification,0.05,22,True,1.0,1.0,1.0,1.0,1.0,1.0,0.053,0.053,/work/Agent_benchmark/slide_seek/post_eval/TCGA_LUNG_Classification/ROI/roi_overlap_results.csv,False,True
TCGA-L9-A443-01Z-00-DX1.9F68A13A-2865-41BF-88A7-B0DF75961C6F,slide_seek,TCGA_LUNG_Classification,0.05,22,True,8.0,1.0,0.5909090909090909,1.0,1.0,0.5786,0.0042,0.0042,/work/Agent_benchmark/slide_seek/post_eval/TCGA_LUNG_Classification/ROI/roi_overlap_results.csv,True,True
TCGA-L9-A444-01Z-00-DX1.88CF6F01-0C1F-4572-81E3-1A5790692861,slide_seek,TCGA_LUNG_Classification,0.05,23,True,1.0,1.0,0.7278217391304347,1.0,0.9846999999999999,0.338,0.0169,0.0164,/work/Agent_benchmark/slide_seek/post_eval/TCGA_LUNG_Classification/ROI/roi_overlap_results.csv,True,True
TCGA-L9-A50W-01Z-00-DX1.21FAAB58-58EF-4A6A-8F0A-16D9AB9B1056,slide_seek,TCGA_LUNG_Classification,0.05,49,True,1.0,1.0,1.0,1.0,1.0,1.0,0.0069,0.0069,/work/Agent_benchmark/slide_seek/post_eval/TCGA_LUNG_Classification/ROI/roi_overlap_results.csv,True,True
TCGA-L9-A5IP-01Z-00-DX1.E699D989-8BB8-41DF-9B95-A880858653E6,slide_seek,TCGA_LUNG_Classification,0.05,20,True,2.0,1.0,0.27279,1.0,0.6062,0.284,0.0718,0.0608,/work/Agent_benchmark/slide_seek/post_eval/TCGA_LUNG_Classification/ROI/roi_overlap_results.csv,True,True
TCGA-L9-A743-01Z-00-DX1.27ED2955-E8B5-4A3C-ADAA-82568ECCFB83,slide_seek,TCGA_LUNG_Classification,0.05,6,True,1.0,1.0,0.6529833333333334,1.0,0.7835799999999999,0.5836,0.0162,0.016,/work/Agent_benchmark/slide_seek/post_eval/TCGA_LUNG_Classification/ROI/roi_overlap_results.csv,True,True
TCGA-L9-A7SV-01Z-00-DX1.153B8E2D-54CE-4747-A22E-7A6ADCA03DB5,slide_seek,TCGA_LUNG_Classification,0.05,13,True,1.0,1.0,0.6738,1.0,0.7963090909090909,0.5759,0.3646,0.2874,/work/Agent_benchmark/slide_seek/post_eval/TCGA_LUNG_Classification/ROI/roi_overlap_results.csv,True,True
TCGA-L9-A8F4-01Z-00-DX1.E2BBB8DE-94E2-4781-9B55-8A4CFBF8A69D,slide_seek,TCGA_LUNG_Classification,0.05,41,True,1.0,1.0,1.0,1.0,1.0,1.0,0.0478,0.0478,/work/Agent_benchmark/slide_seek/post_eval/TCGA_LUNG_Classification/ROI/roi_overlap_results.csv,True,True
TCGA-MN-A4N1-01Z-00-DX1.07CD10C3-73A7-47E5-AD45-45458CE33107,slide_seek,TCGA_LUNG_Classification,0.05,43,True,8.0,1.0,0.39513953488372094,1.0,0.7379260869565217,0.6404,0.002,0.002,/work/Agent_benchmark/slide_seek/post_eval/TCGA_LUNG_Classification/ROI/roi_overlap_results.csv,True,True
TCGA-MN-A4N1-01Z-00-DX2.9B0852C4-16BF-4962-B86F-E2570E48A89E,slide_seek,TCGA_LUNG_Classification,0.05,41,True,1.0,1.0,1.0,1.0,1.0,1.0,0.008,0.008,/work/Agent_benchmark/slide_seek/post_eval/TCGA_LUNG_Classification/ROI/roi_overlap_results.csv,True,True
TCGA-MN-A4N4-01Z-00-DX1.7D8352EF-7A4B-4084-9612-CF92D9D16041,slide_seek,TCGA_LUNG_Classification,0.05,28,True,1.0,1.0,0.14285714285714285,1.0,1.0,0.1481,0.0014,0.0014,/work/Agent_benchmark/slide_seek/post_eval/TCGA_LUNG_Classification/ROI/roi_overlap_results.csv,False,True
TCGA-MN-A4N4-01Z-00-DX2.9550732D-8FB1-43D9-B094-7C0CD310E9C0,slide_seek,TCGA_LUNG_Classification,0.05,54,True,1.0,1.0,0.7176537037037036,1.0,0.9936743589743589,0.7331,0.0179,0.0178,/work/Agent_benchmark/slide_seek/post_eval/TCGA_LUNG_Classification/ROI/roi_overlap_results.csv,False,True
TCGA-MP-A4SV-01Z-00-DX1.5430F2CF-BE4B-42D6-9CD4-92E6FB3F6E99,slide_seek,TCGA_LUNG_Classification,0.05,9,True,1.0,1.0,1.0,1.0,1.0,1.0,0.0025,0.0025,/work/Agent_benchmark/slide_seek/post_eval/TCGA_LUNG_Classification/ROI/roi_overlap_results.csv,True,True
TCGA-MP-A4SW-01Z-00-DX1.A6651B25-A35A-4BDE-9EBF-D264A02003C8,slide_seek,TCGA_LUNG_Classification,0.05,6,True,1.0,1.0,0.52585,1.0,0.788775,0.5259,0.0236,0.0231,/work/Agent_benchmark/slide_seek/post_eval/TCGA_LUNG_Classification/ROI/roi_overlap_results.csv,False,True
TCGA-MP-A4SY-01Z-00-DX1.9535274F-C850-409E-80A1-B933B2F1A110,slide_seek,TCGA_LUNG_Classification,0.05,22,True,1.0,1.0,0.9895727272727274,1.0,0.9895727272727274,0.9973,0.0205,0.0205,/work/Agent_benchmark/slide_seek/post_eval/TCGA_LUNG_Classification/ROI/roi_overlap_results.csv,True,True
TCGA-MP-A4T2-01Z-00-DX1.ADE8B45C-26F3-465E-ADB6-2C36E6326974,slide_seek,TCGA_LUNG_Classification,0.05,20,False,,0.0,0.0,,,0.0,0.0,0.0,/work/Agent_benchmark/slide_seek/post_eval/TCGA_LUNG_Classification/ROI/roi_overlap_results.csv,True,True
TCGA-MP-A4T4-01Z-00-DX1.5F72FF0B-59C0-4E95-A8C1-BF22A948F7AC,slide_seek,TCGA_LUNG_Classification,0.05,17,True,1.0,1.0,0.9940294117647058,1.0,0.9940294117647058,0.9802,0.0433,0.0433,/work/Agent_benchmark/slide_seek/post_eval/TCGA_LUNG_Classification/ROI/roi_overlap_results.csv,False,True
TCGA-MP-A4T6-01Z-00-DX1.085C4F5A-DB1B-434A-9D62-E2187D133B0A,slide_seek,TCGA_LUNG_Classification,0.05,3,True,1.0,1.0,1.0,1.0,1.0,1.0,0.0064,0.0064,/work/Agent_benchmark/slide_seek/post_eval/TCGA_LUNG_Classification/ROI/roi_overlap_results.csv,True,True
TCGA-MP-A4T7-01Z-00-DX1.C74D7A5B-1D1A-423B-85CA-C11E0CCF5873,slide_seek,TCGA_LUNG_Classification,0.05,4,False,,0.0,0.0,,,0.0,0.0,0.0,/work/Agent_benchmark/slide_seek/post_eval/TCGA_LUNG_Classification/ROI/roi_overlap_results.csv,True,True
TCGA-MP-A4T8-01Z-00-DX1.3ECB340F-66C7-4F64-8E00-463BF82AAD83,slide_seek,TCGA_LUNG_Classification,0.05,43,True,1.0,1.0,0.4911,1.0,0.9598772727272727,0.5149,0.0028,0.0028,/work/Agent_benchmark/slide_seek/post_eval/TCGA_LUNG_Classification/ROI/roi_overlap_results.csv,True,True
TCGA-MP-A4T9-01Z-00-DX1.F7B341C4-EBCD-455F-BE90-3B77AC6B76EC,slide_seek,TCGA_LUNG_Classification,0.05,99,True,8.0,1.0,0.3286535353535353,1.0,0.9569617647058822,0.3061,0.0171,0.0164,/work/Agent_benchmark/slide_seek/post_eval/TCGA_LUNG_Classification/ROI/roi_overlap_results.csv,False,True
TCGA-MP-A4TA-01Z-00-DX1.11DDADA4-B7A2-4216-9B18-7AD993AE12E4,slide_seek,TCGA_LUNG_Classification,0.05,12,True,1.0,1.0,1.0,1.0,1.0,1.0,0.0468,0.0468,/work/Agent_benchmark/slide_seek/post_eval/TCGA_LUNG_Classification/ROI/roi_overlap_results.csv,True,True
TCGA-MP-A4TC-01Z-00-DX1.C7DB4A7F-F6B8-4FA0-84C1-9B87D41C7749,slide_seek,TCGA_LUNG_Classification,0.05,4,True,1.0,1.0,1.0,1.0,1.0,1.0,0.0014,0.0014,/work/Agent_benchmark/slide_seek/post_eval/TCGA_LUNG_Classification/ROI/roi_overlap_results.csv,True,True
TCGA-MP-A4TD-01Z-00-DX1.937DEBC9-F5D5-4682-AA9A-13D8226EE06C,slide_seek,TCGA_LUNG_Classification,0.05,13,False,,0.0,0.0,,,0.0,0.0,0.0,/work/Agent_benchmark/slide_seek/post_eval/TCGA_LUNG_Classification/ROI/roi_overlap_results.csv,False,True
TCGA-MP-A4TE-01Z-00-DX1.B4680570-FD2E-47A5-8D50-A508CEB6A62C,slide_seek,TCGA_LUNG_Classification,0.05,6,True,2.0,1.0,0.6670666666666666,1.0,1.0,0.6671,0.011,0.011,/work/Agent_benchmark/slide_seek/post_eval/TCGA_LUNG_Classification/ROI/roi_overlap_results.csv,False,True
TCGA-MP-A4TF-01Z-00-DX1.F98B0438-6D32-4EA3-ABA8-E624457EA658,slide_seek,TCGA_LUNG_Classification,0.05,5,True,2.0,1.0,0.72804,1.0,0.904725,0.5473,0.1312,0.1183,/work/Agent_benchmark/slide_seek/post_eval/TCGA_LUNG_Classification/ROI/roi_overlap_results.csv,True,True
TCGA-MP-A4TH-01Z-00-DX1.E89D2C19-F9B2-4BF2-AA5F-6104CBC076D1,slide_seek,TCGA_LUNG_Classification,0.05,13,True,1.0,1.0,0.5765230769230769,1.0,0.8327555555555555,0.5163,0.0101,0.01,/work/Agent_benchmark/slide_seek/post_eval/TCGA_LUNG_Classification/ROI/roi_overlap_results.csv,False,True
TCGA-MP-A4TI-01Z-00-DX1.08AB4C0B-F953-41B5-A9BB-7452A8E34A54,slide_seek,TCGA_LUNG_Classification,0.05,8,True,1.0,1.0,0.7420875,1.0,0.8476714285714285,0.7067,0.4585,0.3852,/work/Agent_benchmark/slide_seek/post_eval/TCGA_LUNG_Classification/ROI/roi_overlap_results.csv,False,True
TCGA-MP-A4TJ-01Z-00-DX1.14EDBE5C-5D0C-4002-BE95-AF5C9D9F3D43,slide_seek,TCGA_LUNG_Classification,0.05,32,True,2.0,1.0,0.89099375,1.0,0.9503933333333333,0.8709,0.0048,0.0048,/work/Agent_benchmark/slide_seek/post_eval/TCGA_LUNG_Classification/ROI/roi_overlap_results.csv,True,True
TCGA-MP-A4TK-01Z-00-DX1.57494698-D9D9-4C04-AAB2-16616CCFDCC9,slide_seek,TCGA_LUNG_Classification,0.05,60,True,1.0,1.0,0.4895116666666667,1.0,0.97874,0.1686,0.0358,0.0304,/work/Agent_benchmark/slide_seek/post_eval/TCGA_LUNG_Classification/ROI/roi_overlap_results.csv,False,True
TCGA-MP-A5C7-01Z-00-DX1.26E5FA5A-3E6D-4CD3-8FA2-F331B7012311,slide_seek,TCGA_LUNG_Classification,0.05,12,True,1.0,1.0,0.3405416666666667,1.0,0.8173,0.3405,0.038,0.0354,/work/Agent_benchmark/slide_seek/post_eval/TCGA_LUNG_Classification/ROI/roi_overlap_results.csv,True,True
TCGA-NJ-A4YF-01Z-00-DX1.4A3DE76A-9F1E-4766-A013-5E7E3A665071,slide_seek,TCGA_LUNG_Classification,0.05,1,True,1.0,1.0,1.0,1.0,1.0,1.0,0.0001,0.0001,/work/Agent_benchmark/slide_seek/post_eval/TCGA_LUNG_Classification/ROI/roi_overlap_results.csv,False,True
TCGA-NJ-A4YG-01Z-00-DX1.507BAE41-5EE9-4657-AAD1-AD456750BA2F,slide_seek,TCGA_LUNG_Classification,0.05,4,True,1.0,1.0,0.604525,1.0,0.8060333333333333,0.6045,0.005,0.005,/work/Agent_benchmark/slide_seek/post_eval/TCGA_LUNG_Classification/ROI/roi_overlap_results.csv,True,True
TCGA-NJ-A4YI-01Z-00-DX1.C4111D01-27BF-486F-8E0E-C8053DB16133,slide_seek,TCGA_LUNG_Classification,0.05,34,True,1.0,1.0,0.683035294117647,1.0,0.928928,0.6533,0.0036,0.0036,/work/Agent_benchmark/slide_seek/post_eval/TCGA_LUNG_Classification/ROI/roi_overlap_results.csv,True,True
TCGA-NJ-A4YP-01Z-00-DX1.148BFF66-4DC7-468C-8783-97F27C2E1245,slide_seek,TCGA_LUNG_Classification,0.05,2,False,,0.0,0.0,,,0.0,0.0,0.0,/work/Agent_benchmark/slide_seek/post_eval/TCGA_LUNG_Classification/ROI/roi_overlap_results.csv,True,True
TCGA-NJ-A4YQ-01Z-00-DX1.56C29975-77E9-4822-A9E1-83AD70D6C5F7,slide_seek,TCGA_LUNG_Classification,0.05,3,True,1.0,1.0,0.3333333333333333,1.0,1.0,0.3333,0.0055,0.0055,/work/Agent_benchmark/slide_seek/post_eval/TCGA_LUNG_Classification/ROI/roi_overlap_results.csv,True,True
TCGA-NJ-A55A-01Z-00-DX1.42C356FE-52A3-4A60-886B-75F84ADBC534,slide_seek,TCGA_LUNG_Classification,0.05,38,True,17.0,1.0,0.04282105263157895,1.0,0.8136,0.0478,0.0008,0.0008,/work/Agent_benchmark/slide_seek/post_eval/TCGA_LUNG_Classification/ROI/roi_overlap_results.csv,False,True
TCGA-NJ-A55O-01Z-00-DX1.8E23C821-B8BB-4D89-9E38-E97424A685CE,slide_seek,TCGA_LUNG_Classification,0.05,2,False,,0.0,0.0,,,0.0,0.0,0.0,/work/Agent_benchmark/slide_seek/post_eval/TCGA_LUNG_Classification/ROI/roi_overlap_results.csv,False,True
TCGA-NJ-A55R-01Z-00-DX1.2E2B3642-4E1C-47DB-AF7B-988D586C0986,slide_seek,TCGA_LUNG_Classification,0.05,6,True,2.0,1.0,0.6666666666666666,1.0,1.0,0.6667,0.0113,0.0112,/work/Agent_benchmark/slide_seek/post_eval/TCGA_LUNG_Classification/ROI/roi_overlap_results.csv,False,True
TCGA-NJ-A7XG-01Z-00-DX1.4A876254-653C-410B-A36C-55FC41C1DD93,slide_seek,TCGA_LUNG_Classification,0.05,12,False,,0.0,0.0,,,0.0,0.0,0.0,/work/Agent_benchmark/slide_seek/post_eval/TCGA_LUNG_Classification/ROI/roi_overlap_results.csv,True,True
TCGA-O1-A52J-01Z-00-DX1.26F6ECCA-D614-4950-98E6-4D76E82F71B4,slide_seek,TCGA_LUNG_Classification,0.05,32,True,1.0,1.0,0.4430375,1.0,0.94322,0.5108,0.0259,0.0253,/work/Agent_benchmark/slide_seek/post_eval/TCGA_LUNG_Classification/ROI/roi_overlap_results.csv,True,True
TCGA-S2-AA1A-01Z-00-DX1.4B5D5FAE-8305-4D2D-B245-584589352886,slide_seek,TCGA_LUNG_Classification,0.05,3,True,1.0,1.0,1.0,1.0,1.0,1.0,0.0007,0.0007,/work/Agent_benchmark/slide_seek/post_eval/TCGA_LUNG_Classification/ROI/roi_overlap_results.csv,False,True
